GLOVER.txt-1,0,1089,1089,4,Y,Y,1.0,0,1089,HeatEntityEvaluator=0.9467739507597184
GLOVER.txt-2,0,912,912,2,Y,N,-,-1,-1,HeatEntityEvaluator=0.557035985628793
GLOVER.txt-3,0,1923,1923,9,Y,Y,1.0,0,1923,HeatEntityEvaluator=0.5948993124679313
GLOVER.txt-4,0,1530,1530,15,N,N,-,-1,-1,HeatEntityEvaluator=0.2616458266986822
GLOVER.txt-5,0,1263,1263,8,Y,Y,1.0,0,1263,HeatEntityEvaluator=1.3866668801680002
GLOVER.txt-6,0,721,721,6,N,N,-,-1,-1,HeatEntityEvaluator=0.36417439003134616
GLOVER.txt-7,0,767,767,5,Y,Y,1.0,0,767,HeatEntityEvaluator=0.9499961565810768
GLOVER.txt-8,0,949,949,3,N,N,-,-1,-1,HeatEntityEvaluator=0.14540506896077776
GRONOW.txt-9,0,1099,1099,4,Y,Y,1.0,0,1099,HeatEntityEvaluator=0.5099297907514458
GRONOW.txt-10,0,832,832,5,N,N,-,-1,-1,HeatEntityEvaluator=0.20761776946907692
GRONOW.txt-11,0,899,899,4,Y,Y,1.0,0,899,HeatEntityEvaluator=1.3619248309087328
GRONOW.txt-12,0,906,906,4,N,N,-,-1,-1,HeatEntityEvaluator=0.04431246912328767
GRONOW.txt-13,0,1025,1025,6,Y,Y,1.0,0,1025,HeatEntityEvaluator=0.8025283701635803
GRONOW.txt-14,0,1128,1128,9,N,N,-,-1,-1,HeatEntityEvaluator=0.013311976320987655
MASONB.txt-15,0,83,83,1,Y,Y,1.0,0,83,HeatEntityEvaluator=1.7506145331333334
MASONB.txt-16,0,122,122,1,N,N,-,-1,-1,HeatEntityEvaluator=0.0
MASONB.txt-17,0,225,225,2,N,Y,1.0,0,225,HeatEntityEvaluator=0.24394291809
MASONB.txt-18,0,245,245,2,N,N,-,-1,-1,HeatEntityEvaluator=0.04688130791304348
MASONB.txt-19,0,148,148,1,N,Y,1.0,0,148,HeatEntityEvaluator=0.3733196176563636
MASONB.txt-20,0,218,218,1,N,N,-,-1,-1,HeatEntityEvaluator=0.0
MASONB.txt-21,0,125,125,1,Y,Y,1.0,0,125,HeatEntityEvaluator=1.55643306057125
MASONB.txt-22,0,192,192,1,N,N,-,-1,-1,HeatEntityEvaluator=0.20676906084625
MASONB.txt-23,0,434,434,4,Y,Y,1.0,0,434,HeatEntityEvaluator=1.584032294579697
MASONB.txt-24,0,290,290,1,Y,N,-,-1,-1,HeatEntityEvaluator=1.332124397546818
MASONB.txt-25,0,1171,1171,9,Y,Y,1.0,0,1171,HeatEntityEvaluator=2.060992797412021
MASONB.txt-26,0,1016,1016,8,N,N,-,-1,-1,HeatEntityEvaluator=0.1236267608555263
MASONB.txt-27,0,88,88,1,Y,Y,1.0,0,88,HeatEntityEvaluator=0.5575838127771429
MASONB.txt-28,0,164,164,2,Y,N,-,-1,-1,HeatEntityEvaluator=1.5129844928245455
MASONB.txt-29,0,710,710,4,Y,Y,1.0,0,710,HeatEntityEvaluator=2.8232896025089285
MASONB.txt-30,0,499,499,5,Y,N,-,-1,-1,HeatEntityEvaluator=1.5113854843267567
MASONB.txt-31,0,133,133,1,Y,Y,1.0,0,133,HeatEntityEvaluator=0.5704702326411112
MASONB.txt-32,0,205,205,3,N,N,-,-1,-1,HeatEntityEvaluator=0.0
MASONB.txt-33,0,622,622,5,Y,Y,1.0,0,622,HeatEntityEvaluator=2.312017754943077
MASONB.txt-34,0,530,530,4,N,N,-,-1,-1,HeatEntityEvaluator=0.13444498756575
MASONB.txt-35,0,744,744,6,Y,Y,1.0,0,744,HeatEntityEvaluator=1.3865536317733897
MASONB.txt-36,0,489,489,2,Y,N,-,-1,-1,HeatEntityEvaluator=1.289610072415143
MASONB.txt-37,0,197,197,2,Y,Y,1.0,0,197,HeatEntityEvaluator=1.3780902299266666
MASONB.txt-38,0,380,380,2,N,N,-,-1,-1,HeatEntityEvaluator=0.0
MASONB.txt-39,0,450,450,3,Y,Y,1.0,0,450,HeatEntityEvaluator=1.1319111703242104
MASONB.txt-40,0,454,454,2,Y,N,-,-1,-1,HeatEntityEvaluator=1.431119104623421
MASONB.txt-41,0,775,775,5,Y,Y,1.0,0,775,HeatEntityEvaluator=1.240049387391833
MASONB.txt-42,0,775,775,7,N,N,-,-1,-1,HeatEntityEvaluator=0.08928485729368421
MASONB.txt-43,0,627,627,2,Y,Y,1.0,0,627,HeatEntityEvaluator=0.7002146432795455
MASONB.txt-44,0,504,504,3,N,N,-,-1,-1,HeatEntityEvaluator=0.09757716723599999
MASONB.txt-45,0,1039,1039,7,Y,Y,1.0,0,1039,HeatEntityEvaluator=2.36081142134974
MASONB.txt-46,0,808,808,9,N,N,-,-1,-1,HeatEntityEvaluator=0.30603561025761905
MASONB.txt-47,0,175,175,1,Y,Y,1.0,0,175,HeatEntityEvaluator=2.179359906296
MASONB.txt-48,0,459,459,2,Y,N,-,-1,-1,HeatEntityEvaluator=1.431119104623421
MASONB.txt-49,0,173,173,2,Y,Y,1.0,0,173,HeatEntityEvaluator=1.2243237611400002
MASONB.txt-50,0,202,202,2,Y,N,-,-1,-1,HeatEntityEvaluator=0.7831724094847059
MASONB.txt-51,0,264,264,2,Y,Y,1.0,0,264,HeatEntityEvaluator=0.9446583545844445
MASONB.txt-52,0,304,304,4,N,N,-,-1,-1,HeatEntityEvaluator=0.48670483862384617
MASONB.txt-53,0,514,514,4,Y,Y,1.0,0,514,HeatEntityEvaluator=1.1789570767833335
MASONB.txt-54,0,272,272,2,Y,N,-,-1,-1,HeatEntityEvaluator=0.6468048239066666
MASONB.txt-55,0,328,328,1,Y,Y,1.0,0,328,HeatEntityEvaluator=1.5734175117570832
MASONB.txt-56,0,250,250,3,N,N,-,-1,-1,HeatEntityEvaluator=0.0
MASONB.txt-57,0,1097,1097,7,Y,Y,1.0,0,1097,HeatEntityEvaluator=1.7123578994552224
MASONB.txt-58,0,928,928,4,Y,N,-,-1,-1,HeatEntityEvaluator=0.8929794564183545
MASONB.txt-59,0,101,101,1,N,Y,1.0,0,101,HeatEntityEvaluator=0.0
MASONB.txt-60,0,188,188,1,N,N,-,-1,-1,HeatEntityEvaluator=0.0
MASONB.txt-61,0,499,499,3,Y,Y,1.0,0,499,HeatEntityEvaluator=1.2637195825122858
MASONB.txt-62,0,540,540,5,N,N,-,-1,-1,HeatEntityEvaluator=0.0
MASONB.txt-63,0,238,238,2,Y,Y,1.0,0,238,HeatEntityEvaluator=2.1669482261
MASONB.txt-64,0,228,228,1,N,N,-,-1,-1,HeatEntityEvaluator=0.053913504099999995
MASONB.txt-65,0,1012,1012,6,Y,Y,1.0,0,1012,HeatEntityEvaluator=2.270022179254794
MASONB.txt-66,0,889,889,6,Y,N,-,-1,-1,HeatEntityEvaluator=0.8876923367703279
MASONB.txt-67,0,673,673,4,Y,Y,1.0,0,673,HeatEntityEvaluator=1.3623116099905554
MASONB.txt-68,0,532,532,3,N,N,-,-1,-1,HeatEntityEvaluator=0.10893479901166667
MASONB.txt-69,0,1231,1231,7,Y,Y,1.0,0,1231,HeatEntityEvaluator=1.0134603418862624
MASONB.txt-70,0,1264,1264,15,N,N,-,-1,-1,HeatEntityEvaluator=0.2638207868440909
MASONB.txt-71,0,522,522,3,Y,Y,1.0,0,522,HeatEntityEvaluator=2.0217369376205125
MASONB.txt-72,0,796,796,4,N,N,-,-1,-1,HeatEntityEvaluator=0.0
MASONB.txt-73,0,96,96,1,Y,Y,1.0,0,96,HeatEntityEvaluator=1.3677413011975
MASONB.txt-74,0,143,143,1,N,N,-,-1,-1,HeatEntityEvaluator=0.0
MASONB.txt-75,0,825,825,7,Y,Y,1.0,0,825,HeatEntityEvaluator=1.2357745076084614
MASONB.txt-76,0,849,849,5,N,N,-,-1,-1,HeatEntityEvaluator=0.1371038202505263
MASONB.txt-77,0,230,230,2,Y,Y,1.0,0,230,HeatEntityEvaluator=2.176170419563333
MASONB.txt-78,0,345,345,2,N,N,-,-1,-1,HeatEntityEvaluator=0.0
MASONB.txt-79,0,1168,1168,5,Y,Y,1.0,0,1168,HeatEntityEvaluator=1.037750001207912
MASONB.txt-80,0,967,967,5,Y,N,-,-1,-1,HeatEntityEvaluator=0.5179870283498649
MASONB.txt-81,0,601,601,2,Y,Y,1.0,0,601,HeatEntityEvaluator=1.927396669442353
MASONB.txt-82,0,500,500,3,N,N,-,-1,-1,HeatEntityEvaluator=0.3886727114408108
MASONB.txt-83,0,669,669,4,Y,Y,1.0,0,669,HeatEntityEvaluator=0.6030961524650981
MASONB.txt-84,0,633,633,5,N,N,-,-1,-1,HeatEntityEvaluator=0.07953079154787233
MASONB.txt-85,0,920,920,7,Y,Y,1.0,0,920,HeatEntityEvaluator=1.8204170178397057
MASONB.txt-86,0,869,869,2,Y,N,-,-1,-1,HeatEntityEvaluator=0.6358066860419047
MASONB.txt-87,0,311,311,3,Y,Y,1.0,0,311,HeatEntityEvaluator=1.2924300288066666
MASONB.txt-88,0,461,461,1,N,N,-,-1,-1,HeatEntityEvaluator=0.29234437609051284
MASONB.txt-89,0,164,164,1,Y,Y,1.0,0,164,HeatEntityEvaluator=0.6019030349123077
MASONB.txt-90,0,118,118,1,N,N,-,-1,-1,HeatEntityEvaluator=0.0
MASONB.txt-91,0,236,236,1,Y,Y,1.0,0,236,HeatEntityEvaluator=1.0294185614186666
MASONB.txt-92,0,301,301,2,N,N,-,-1,-1,HeatEntityEvaluator=0.40075967197875
MASONB.txt-93,0,846,846,5,Y,Y,1.0,0,846,HeatEntityEvaluator=1.4305514244680282
MASONB.txt-94,0,1065,1065,6,Y,N,-,-1,-1,HeatEntityEvaluator=0.6270556364432913
MASONB.txt-95,0,917,917,6,Y,Y,1.0,0,917,HeatEntityEvaluator=1.7057735812257533
MASONB.txt-96,0,832,832,6,N,N,-,-1,-1,HeatEntityEvaluator=0.34035636241923073
MASONB.txt-97,0,354,354,2,Y,Y,1.0,0,354,HeatEntityEvaluator=2.2036729898009675
MASONB.txt-98,0,199,199,1,N,N,-,-1,-1,HeatEntityEvaluator=0.368300709738421
MASONB.txt-99,0,370,370,3,Y,Y,1.0,0,370,HeatEntityEvaluator=0.6715108308829167
MASONB.txt-100,0,452,452,2,N,N,-,-1,-1,HeatEntityEvaluator=0.2902317464825714
MASONB.txt-101,0,579,579,4,Y,Y,1.0,0,579,HeatEntityEvaluator=0.937956044371
MASONB.txt-102,0,634,634,5,Y,N,-,-1,-1,HeatEntityEvaluator=0.5566745351155555
MASONB.txt-103,0,376,376,3,Y,Y,1.0,0,376,HeatEntityEvaluator=1.3238871452681817
MASONB.txt-104,0,296,296,1,Y,N,-,-1,-1,HeatEntityEvaluator=0.6484858475427273
MASONB.txt-105,0,629,629,5,Y,Y,1.0,0,629,HeatEntityEvaluator=0.5806360924933334
MASONB.txt-106,0,506,506,4,N,N,-,-1,-1,HeatEntityEvaluator=0.0
MASONB.txt-107,0,1347,1347,11,Y,Y,1.0,0,1347,HeatEntityEvaluator=1.6574031469827024
MASONB.txt-108,0,1103,1103,6,N,N,-,-1,-1,HeatEntityEvaluator=0.1088038830824138
MASONB.txt-109,0,1298,1298,8,Y,Y,1.0,0,1298,HeatEntityEvaluator=0.8579661159299049
MASONB.txt-110,0,1016,1016,6,N,N,-,-1,-1,HeatEntityEvaluator=0.13086340380901407
MASONB.txt-111,0,290,290,2,Y,Y,1.0,0,290,HeatEntityEvaluator=0.7262810853115383
MASONB.txt-112,0,97,97,1,N,N,-,-1,-1,HeatEntityEvaluator=0.48661356432375
MASONB.txt-113,0,305,305,2,Y,Y,1.0,0,305,HeatEntityEvaluator=1.22242386129
MASONB.txt-114,0,283,283,2,N,N,-,-1,-1,HeatEntityEvaluator=0.0
MASONB.txt-115,0,873,873,5,Y,Y,1.0,0,873,HeatEntityEvaluator=1.7583482878636922
MASONB.txt-116,0,726,726,7,Y,N,-,-1,-1,HeatEntityEvaluator=0.8859260118411766
MASONB.txt-117,0,1306,1306,7,Y,Y,1.0,0,1306,HeatEntityEvaluator=0.7227086224377884
MASONB.txt-118,0,1208,1208,10,N,N,-,-1,-1,HeatEntityEvaluator=0.17662433523526883
MASONB.txt-119,0,1570,1570,10,Y,Y,1.0,0,1570,HeatEntityEvaluator=2.094352079664324
MASONB.txt-120,0,1184,1184,5,N,N,-,-1,-1,HeatEntityEvaluator=0.25920621181402176
MASONB.txt-121,0,705,705,4,Y,Y,1.0,0,705,HeatEntityEvaluator=0.9052593876259649
MASONB.txt-122,0,570,570,6,N,N,-,-1,-1,HeatEntityEvaluator=0.0
MASONB.txt-123,0,391,391,3,Y,Y,1.0,0,391,HeatEntityEvaluator=1.3095979885786664
MASONB.txt-124,0,241,241,2,N,N,-,-1,-1,HeatEntityEvaluator=0.37757855460199996
MASONB.txt-125,0,1073,1073,8,Y,Y,1.0,0,1073,HeatEntityEvaluator=0.9523554287810001
MASONB.txt-126,0,563,563,3,N,N,-,-1,-1,HeatEntityEvaluator=0.16910163893428573
MASONB.txt-127,0,262,262,2,N,Y,1.0,0,262,HeatEntityEvaluator=0.05675105694736842
GRONOW.txt-128,0,218,218,1,N,N,-,-1,-1,HeatEntityEvaluator=0.05675105694736842
MASONB.txt-129,0,319,319,4,Y,Y,1.0,0,319,HeatEntityEvaluator=0.9761804183696154
MASONB.txt-130,0,403,403,2,N,N,-,-1,-1,HeatEntityEvaluator=0.18284795412766666
MASONB.txt-131,0,111,111,1,Y,Y,1.0,0,111,HeatEntityEvaluator=0.6528640154218182
MASONB.txt-132,0,139,139,1,N,N,-,-1,-1,HeatEntityEvaluator=0.3026271327118182
MASONB.txt-133,0,298,298,2,Y,Y,1.0,0,298,HeatEntityEvaluator=1.4022367965280953
MASONB.txt-134,0,190,190,3,N,N,-,-1,-1,HeatEntityEvaluator=0.0
MASONB.txt-135,0,460,460,4,Y,Y,1.0,0,460,HeatEntityEvaluator=1.223853579116
MASONB.txt-136,0,491,491,7,N,N,-,-1,-1,HeatEntityEvaluator=0.0
MASONB.txt-137,0,1746,1746,12,Y,Y,1.0,0,1746,HeatEntityEvaluator=2.2520058042474442
GRONOW.txt-138,0,1937,1937,10,N,N,-,-1,-1,HeatEntityEvaluator=0.02279485454869281
MASONB.txt-139,0,243,243,2,Y,Y,1.0,0,243,HeatEntityEvaluator=1.0355242190133334
MASONB.txt-140,0,273,273,3,N,N,-,-1,-1,HeatEntityEvaluator=0.17539071554150001
MASONB.txt-141,0,1650,1650,14,Y,Y,1.0,0,1650,HeatEntityEvaluator=0.9943747265584126
GRONOW.txt-142,0,1349,1349,7,N,N,-,-1,-1,HeatEntityEvaluator=0.07113540905961538
MASONB.txt-143,0,1237,1237,9,Y,Y,1.0,0,1237,HeatEntityEvaluator=1.683324541773465
MASONB.txt-144,0,1020,1020,10,N,N,-,-1,-1,HeatEntityEvaluator=0.1580646430220253
MASONB.txt-145,0,120,120,1,Y,Y,1.0,0,120,HeatEntityEvaluator=1.1583903525690908
MASONB.txt-146,0,142,142,1,N,N,-,-1,-1,HeatEntityEvaluator=0.08985584016666666
MASONB.txt-147,0,1123,1123,8,Y,Y,1.0,0,1123,HeatEntityEvaluator=1.955428527871
MASONB.txt-148,0,552,552,2,N,N,-,-1,-1,HeatEntityEvaluator=0.12499807116050002
MASONB.txt-149,0,268,268,2,Y,Y,1.0,0,268,HeatEntityEvaluator=1.6405868374295651
MASONB.txt-150,0,492,492,3,N,N,-,-1,-1,HeatEntityEvaluator=0.20903892182242426
MASONB.txt-151,0,804,804,5,Y,Y,1.0,0,804,HeatEntityEvaluator=1.3023006554740986
MASONB.txt-152,0,919,919,6,N,N,-,-1,-1,HeatEntityEvaluator=0.15717720945411764
MASONB.txt-153,0,2158,2158,13,Y,Y,1.0,0,2158,HeatEntityEvaluator=1.7919134830549996
GRONOW.txt-154,0,1900,1900,6,N,N,-,-1,-1,HeatEntityEvaluator=0.042209673114027776
MASONB.txt-155,0,303,303,1,Y,Y,1.0,0,303,HeatEntityEvaluator=1.305717745205
GRONOW.txt-156,0,647,647,4,N,N,-,-1,-1,HeatEntityEvaluator=0.17321501208918366
MASONB.txt-157,0,732,732,4,Y,Y,1.0,0,732,HeatEntityEvaluator=1.2603803730668002
GRONOW.txt-158,0,865,865,5,N,N,-,-1,-1,HeatEntityEvaluator=0.01684797003125
MASONB.txt-159,0,225,225,1,N,Y,1.0,0,225,HeatEntityEvaluator=0.053913504099999995
GRONOW.txt-160,0,284,284,1,N,N,-,-1,-1,HeatEntityEvaluator=0.0
MASONB.txt-161,0,201,201,1,N,Y,1.0,0,201,HeatEntityEvaluator=0.378459190757647
GRONOW.txt-162,0,214,214,1,N,N,-,-1,-1,HeatEntityEvaluator=0.0
MASONB.txt-163,0,1207,1207,12,Y,Y,1.0,0,1207,HeatEntityEvaluator=2.4105150403662883
GRONOW.txt-164,0,1043,1043,5,N,N,-,-1,-1,HeatEntityEvaluator=0.014376934426666666
MASONB.txt-165,0,437,437,4,Y,Y,1.0,0,437,HeatEntityEvaluator=1.5452741698890324
GRONOW.txt-166,0,409,409,1,N,N,-,-1,-1,HeatEntityEvaluator=0.0336959400625
MASONB.txt-167,0,281,281,3,Y,Y,1.0,0,281,HeatEntityEvaluator=1.0120901644914286
GRONOW.txt-168,0,333,333,1,N,N,-,-1,-1,HeatEntityEvaluator=0.0
MASONB.txt-169,0,140,140,2,N,Y,1.0,0,140,HeatEntityEvaluator=0.0
GRONOW.txt-170,0,232,232,2,N,N,-,-1,-1,HeatEntityEvaluator=0.0
MASONB.txt-171,0,165,165,2,N,Y,1.0,0,165,HeatEntityEvaluator=0.38009125644999997
GRONOW.txt-172,0,145,145,1,N,N,-,-1,-1,HeatEntityEvaluator=0.0
MASONB.txt-173,0,354,354,1,Y,Y,1.0,0,354,HeatEntityEvaluator=1.12961612611
GRONOW.txt-174,0,379,379,1,N,N,-,-1,-1,HeatEntityEvaluator=0.2590142408546667
MASONB.txt-175,0,2949,2949,20,Y,Y,1.0,0,2949,HeatEntityEvaluator=1.451586956625491
GRONOW.txt-176,0,2918,2918,22,N,N,-,-1,-1,HeatEntityEvaluator=0.07688890139307317
MASONB.txt-177,0,3413,3413,22,Y,Y,1.0,0,3413,HeatEntityEvaluator=1.5900737076535094
GRONOW.txt-178,0,1901,1901,13,N,N,-,-1,-1,HeatEntityEvaluator=0.06033422640489362
MASONB.txt-179,0,75,75,1,Y,Y,1.0,0,75,HeatEntityEvaluator=1.79537604241
GRONOW.txt-180,0,138,138,1,N,N,-,-1,-1,HeatEntityEvaluator=0.0
MASONB.txt-181,0,674,674,5,Y,Y,1.0,0,674,HeatEntityEvaluator=3.0059429315126915
GRONOW.txt-182,0,778,778,7,N,N,-,-1,-1,HeatEntityEvaluator=0.058235159130158726
MASONB.txt-183,0,334,334,2,Y,Y,1.0,0,334,HeatEntityEvaluator=2.321063516762083
GRONOW.txt-184,0,214,214,2,N,N,-,-1,-1,HeatEntityEvaluator=0.0
MASONB.txt-185,0,153,153,1,N,Y,1.0,0,153,HeatEntityEvaluator=0.0
GRONOW.txt-186,0,159,159,1,N,N,-,-1,-1,HeatEntityEvaluator=0.0
MASONB.txt-187,0,271,271,3,Y,Y,1.0,0,271,HeatEntityEvaluator=0.9483415630295239
GRONOW.txt-188,0,338,338,3,N,N,-,-1,-1,HeatEntityEvaluator=0.0
MASONB.txt-189,0,583,583,5,Y,Y,1.0,0,583,HeatEntityEvaluator=1.844551541404762
GRONOW.txt-190,0,709,709,4,N,N,-,-1,-1,HeatEntityEvaluator=0.07269725388018868
MASONB.txt-191,0,1986,1986,11,Y,Y,1.0,0,1986,HeatEntityEvaluator=2.0384825562266213
GRONOW.txt-192,0,2255,2255,14,N,N,-,-1,-1,HeatEntityEvaluator=0.15499497554909092
MASONB.txt-193,0,2164,2164,15,Y,Y,1.0,0,2164,HeatEntityEvaluator=1.4823956119496406
GRONOW.txt-194,0,2101,2101,14,N,N,-,-1,-1,HeatEntityEvaluator=0.20024984345602342
MASONB.txt-195,0,541,541,2,Y,Y,1.0,0,541,HeatEntityEvaluator=0.8757991686328946
GRONOW.txt-196,0,596,596,3,N,N,-,-1,-1,HeatEntityEvaluator=0.3660810753545
MASONB.txt-197,0,339,339,3,Y,Y,1.0,0,339,HeatEntityEvaluator=2.01179629516087
GRONOW.txt-198,0,286,286,2,N,N,-,-1,-1,HeatEntityEvaluator=0.0
MASONB.txt-199,0,904,904,6,Y,Y,1.0,0,904,HeatEntityEvaluator=3.154759606537808
GRONOW.txt-200,0,958,958,6,N,N,-,-1,-1,HeatEntityEvaluator=0.0
MASONB.txt-201,0,308,308,2,Y,Y,1.0,0,308,HeatEntityEvaluator=2.2214266936552
GRONOW.txt-202,0,817,817,5,N,N,-,-1,-1,HeatEntityEvaluator=0.07598566451431034
MASONB.txt-203,0,2054,2054,13,Y,Y,1.0,0,2054,HeatEntityEvaluator=1.5029807364283043
GRONOW.txt-204,0,1786,1786,12,N,N,-,-1,-1,HeatEntityEvaluator=0.1235813531922222
MASONB.txt-205,0,309,309,2,Y,Y,1.0,0,309,HeatEntityEvaluator=1.8788853197527273
GRONOW.txt-206,0,348,348,3,N,N,-,-1,-1,HeatEntityEvaluator=0.4920416351195834
MASONB.txt-207,0,3534,3534,21,Y,Y,1.0,0,3534,HeatEntityEvaluator=1.2732920298836916
GRONOW.txt-208,0,3543,3543,23,N,N,-,-1,-1,HeatEntityEvaluator=0.14955413223682482
MASONB.txt-209,0,2390,2390,17,Y,Y,1.0,0,2390,HeatEntityEvaluator=2.159350771639319
GRONOW.txt-210,0,2103,2103,21,N,N,-,-1,-1,HeatEntityEvaluator=0.15615517594562128
MASONB.txt-211,0,2159,2159,15,Y,Y,1.0,0,2159,HeatEntityEvaluator=1.9743959617094042
GRONOW.txt-212,0,1929,1929,11,N,N,-,-1,-1,HeatEntityEvaluator=0.0468019283993007
MASONB.txt-213,0,1458,1458,8,Y,Y,1.0,0,1458,HeatEntityEvaluator=1.7296445016538886
GRONOW.txt-214,0,1325,1325,9,N,N,-,-1,-1,HeatEntityEvaluator=0.0741246552321
MASONB.txt-215,0,101,101,2,Y,Y,1.0,0,101,HeatEntityEvaluator=1.196515476052
GRONOW.txt-216,0,113,113,1,N,N,-,-1,-1,HeatEntityEvaluator=0.0
MASONB.txt-217,0,245,245,2,N,Y,1.0,0,245,HeatEntityEvaluator=0.0
GRONOW.txt-218,0,224,224,1,N,N,-,-1,-1,HeatEntityEvaluator=0.0
MASONB.txt-219,0,2768,2768,21,Y,Y,1.0,0,2768,HeatEntityEvaluator=1.255833405886794
GRONOW.txt-220,0,2315,2315,15,N,N,-,-1,-1,HeatEntityEvaluator=0.13550328729325845
MASONB.txt-221,0,211,211,1,Y,Y,1.0,0,211,HeatEntityEvaluator=0.6049780693870588
GRONOW.txt-222,0,378,378,2,N,N,-,-1,-1,HeatEntityEvaluator=0.0
MEMMUS.txt-223,0,392,392,2,Y,Y,1.0,0,392,HeatEntityEvaluator=2.2082904888754546
GRONOW.txt-224,0,468,468,3,N,N,-,-1,-1,HeatEntityEvaluator=0.0
MEMMUS.txt-225,0,483,483,7,Y,Y,1.0,0,483,HeatEntityEvaluator=1.4393102117202565
MEMMUS.txt-226,0,367,367,2,N,N,-,-1,-1,HeatEntityEvaluator=0.035942336066666664
MEMMUS.txt-227,0,797,797,5,Y,Y,1.0,0,797,HeatEntityEvaluator=1.1278223480119718
MEMMUS.txt-228,0,954,954,10,N,N,-,-1,-1,HeatEntityEvaluator=0.24950148487958332
MEMMUS.txt-229,0,1015,1015,7,Y,Y,1.0,0,1015,HeatEntityEvaluator=1.5579881481197404
MEMMUS.txt-230,0,1155,1155,4,N,N,-,-1,-1,HeatEntityEvaluator=0.0
MEMMUS.txt-231,0,586,586,4,N,Y,1.0,0,586,HeatEntityEvaluator=0.21620981560130434
MEMMUS.txt-232,0,405,405,3,N,N,-,-1,-1,HeatEntityEvaluator=0.0
MEMMUS.txt-233,0,622,622,6,Y,Y,1.0,0,622,HeatEntityEvaluator=1.0937529269634614
MEMMUS.txt-234,0,877,877,7,N,N,-,-1,-1,HeatEntityEvaluator=0.414096589397
MEMMUS.txt-235,0,704,704,8,Y,Y,1.0,0,704,HeatEntityEvaluator=1.9820524446831376
MEMMUS.txt-236,0,816,816,5,N,N,-,-1,-1,HeatEntityEvaluator=0.12138100134294116
MEMMUS.txt-237,0,652,652,4,Y,Y,1.0,0,652,HeatEntityEvaluator=1.3159699665416
MEMMUS.txt-238,0,555,555,4,Y,N,-,-1,-1,HeatEntityEvaluator=0.5588517868879069
MEMMUS.txt-239,0,398,398,3,Y,Y,1.0,0,398,HeatEntityEvaluator=0.9790672995262163
MEMMUS.txt-240,0,101,101,1,N,N,-,-1,-1,HeatEntityEvaluator=0.0
MEMMUS.txt-241,0,398,398,3,Y,Y,1.0,0,398,HeatEntityEvaluator=2.375693713467742
MEMMUS.txt-242,0,172,172,1,Y,N,-,-1,-1,HeatEntityEvaluator=1.2880830097046154
MEMMUS.txt-243,0,2109,2109,13,Y,Y,1.0,0,2109,HeatEntityEvaluator=1.3109213836714635
GRONOW.txt-244,0,2168,2168,9,N,N,-,-1,-1,HeatEntityEvaluator=0.047717531343999996
MEMMUS.txt-245,0,824,824,7,Y,Y,1.0,0,824,HeatEntityEvaluator=1.5564781965724612
MEMMUS.txt-246,0,836,836,7,N,N,-,-1,-1,HeatEntityEvaluator=0.03267485096969697
MEMMUS.txt-247,0,607,607,4,Y,Y,1.0,0,607,HeatEntityEvaluator=2.0987213862083016
MEMMUS.txt-248,0,423,423,3,N,N,-,-1,-1,HeatEntityEvaluator=0.10382120678735295
MEMMUS.txt-249,0,567,567,5,Y,Y,1.0,0,567,HeatEntityEvaluator=1.6753516176192498
MEMMUS.txt-250,0,789,789,5,N,N,-,-1,-1,HeatEntityEvaluator=0.24655497935464282
MEMMUS.txt-251,0,591,591,3,Y,Y,1.0,0,591,HeatEntityEvaluator=3.3704241410780433
MEMMUS.txt-252,0,930,930,6,N,N,-,-1,-1,HeatEntityEvaluator=0.014571217324324323
MEMMUS.txt-253,0,369,369,3,Y,Y,1.0,0,369,HeatEntityEvaluator=2.311543808509355
MEMMUS.txt-254,0,386,386,2,Y,N,-,-1,-1,HeatEntityEvaluator=1.2243286334519998
MEMMUS.txt-255,0,580,580,2,Y,Y,1.0,0,580,HeatEntityEvaluator=2.3190704455853495
MEMMUS.txt-256,0,762,762,11,N,N,-,-1,-1,HeatEntityEvaluator=0.0
MEMMUS.txt-257,0,696,696,6,Y,Y,1.0,0,696,HeatEntityEvaluator=1.3725170494219674
GRONOW.txt-258,0,673,673,3,Y,N,-,-1,-1,HeatEntityEvaluator=0.8798146603007841
MEMMUS.txt-259,0,741,741,6,Y,Y,1.0,0,741,HeatEntityEvaluator=1.4904651316192727
GRONOW.txt-260,0,726,726,4,N,N,-,-1,-1,HeatEntityEvaluator=0.0
MEMMUS.txt-261,0,482,482,3,Y,Y,1.0,0,482,HeatEntityEvaluator=1.8108362151351516
MEMMUS.txt-262,0,583,583,3,N,N,-,-1,-1,HeatEntityEvaluator=0.27171287676
MEMMUS.txt-263,0,718,718,5,Y,Y,1.0,0,718,HeatEntityEvaluator=1.9789586930403775
GRONOW.txt-264,0,802,802,5,N,N,-,-1,-1,HeatEntityEvaluator=0.21284056778350877
MEMMUS.txt-265,0,591,591,3,Y,Y,1.0,0,591,HeatEntityEvaluator=2.2309011791014894
MEMMUS.txt-266,0,452,452,3,N,N,-,-1,-1,HeatEntityEvaluator=0.0
MEMMUS.txt-267,0,1264,1264,8,Y,Y,1.0,0,1264,HeatEntityEvaluator=2.3583880375082527
GRONOW.txt-268,0,1230,1230,8,N,N,-,-1,-1,HeatEntityEvaluator=0.010367981557692307
MEMMUS.txt-269,0,632,632,4,Y,Y,1.0,0,632,HeatEntityEvaluator=2.1114789743186275
MEMMUS.txt-270,0,450,450,2,N,N,-,-1,-1,HeatEntityEvaluator=0.3214533309570454
MEMMUS.txt-271,0,1057,1057,11,Y,Y,1.0,0,1057,HeatEntityEvaluator=0.7881836513714944
MEMMUS.txt-272,0,1054,1054,6,Y,N,-,-1,-1,HeatEntityEvaluator=0.6416557804608435
MEMMUS.txt-273,0,579,579,4,Y,Y,1.0,0,579,HeatEntityEvaluator=1.6435173639511111
GRONOW.txt-274,0,573,573,3,N,N,-,-1,-1,HeatEntityEvaluator=0.0
MEMMUS.txt-275,0,994,994,6,Y,Y,1.0,0,994,HeatEntityEvaluator=2.251507272504557
GRONOW.txt-276,0,1025,1025,5,N,N,-,-1,-1,HeatEntityEvaluator=0.3607128347913415
MEMMUS.txt-277,0,431,431,2,Y,Y,1.0,0,431,HeatEntityEvaluator=1.3914701299808572
MEMMUS.txt-278,0,291,291,3,N,N,-,-1,-1,HeatEntityEvaluator=0.04688130791304348
MEMMUS.txt-279,0,726,726,6,Y,Y,1.0,0,726,HeatEntityEvaluator=0.6383291536157143
GRONOW.txt-280,0,1135,1135,5,N,N,-,-1,-1,HeatEntityEvaluator=0.19545523399759035
MEMMUS.txt-281,0,522,522,5,Y,Y,1.0,0,522,HeatEntityEvaluator=1.8298416081512499
GLOVER.txt-282,0,542,542,3,N,N,-,-1,-1,HeatEntityEvaluator=0.024506138227272725
MEMMUS.txt-283,0,747,747,6,Y,Y,1.0,0,747,HeatEntityEvaluator=1.8018092686570693
GRONOW.txt-284,0,860,860,6,N,N,-,-1,-1,HeatEntityEvaluator=0.211215046415625
MEMMUS.txt-285,0,1166,1166,6,Y,Y,1.0,0,1166,HeatEntityEvaluator=1.0910881264184784
GRONOW.txt-286,0,1250,1250,11,N,N,-,-1,-1,HeatEntityEvaluator=0.18893545592031247
MEMMUS.txt-287,0,892,892,6,Y,Y,1.0,0,892,HeatEntityEvaluator=1.9882182830053425
GRONOW.txt-288,0,1145,1145,5,N,N,-,-1,-1,HeatEntityEvaluator=0.23864104030843375
MEMMUS.txt-289,0,881,881,5,Y,Y,1.0,0,881,HeatEntityEvaluator=2.6161888902666175
GRONOW.txt-290,0,706,706,3,N,N,-,-1,-1,HeatEntityEvaluator=0.4254574547908928
MEMMUS.txt-291,0,687,687,6,Y,Y,1.0,0,687,HeatEntityEvaluator=1.5400653177874999
GRONOW.txt-292,0,660,660,4,N,N,-,-1,-1,HeatEntityEvaluator=0.16230250450188677
MEMMUS.txt-293,0,902,902,7,Y,Y,1.0,0,902,HeatEntityEvaluator=1.4866744495544444
GRONOW.txt-294,0,800,800,5,N,N,-,-1,-1,HeatEntityEvaluator=0.1582759080239344
MEMMUS.txt-295,0,755,755,5,Y,Y,1.0,0,755,HeatEntityEvaluator=2.400431139607746
GRONOW.txt-296,0,955,955,6,N,N,-,-1,-1,HeatEntityEvaluator=0.0
MEMMUS.txt-297,0,577,577,6,Y,Y,1.0,0,577,HeatEntityEvaluator=1.73608807322283
GRONOW.txt-298,0,482,482,5,N,N,-,-1,-1,HeatEntityEvaluator=0.14010614061736842
MEMMUS.txt-299,0,688,688,6,Y,Y,1.0,0,688,HeatEntityEvaluator=2.6741507477553195
GRONOW.txt-300,0,880,880,5,N,N,-,-1,-1,HeatEntityEvaluator=0.12746757842730158
MEMMUS.txt-301,0,1240,1240,9,Y,Y,1.0,0,1240,HeatEntityEvaluator=1.0701092468155209
GLOVER.txt-302,0,1279,1279,8,N,N,-,-1,-1,HeatEntityEvaluator=0.37627786906218186
MEMMUS.txt-303,0,1451,1451,9,Y,Y,1.0,0,1451,HeatEntityEvaluator=1.4321308759051923
MEMMUS.txt-304,0,1214,1214,14,N,N,-,-1,-1,HeatEntityEvaluator=0.2188700780524468
MEMMUS.txt-305,0,1436,1436,10,Y,Y,1.0,0,1436,HeatEntityEvaluator=1.8891946758350455
GRONOW.txt-306,0,1640,1640,10,N,N,-,-1,-1,HeatEntityEvaluator=0.13269723270818898
MEMMUS.txt-307,0,334,334,2,Y,Y,1.0,0,334,HeatEntityEvaluator=2.674407447533572
MEMMUS.txt-308,0,286,286,3,N,N,-,-1,-1,HeatEntityEvaluator=0.0
MEMMUS.txt-309,0,478,478,4,Y,Y,1.0,0,478,HeatEntityEvaluator=0.6040658660734209
GRONOW.txt-310,0,680,680,3,N,N,-,-1,-1,HeatEntityEvaluator=0.0904528626018
MEMMUS.txt-311,0,915,915,6,Y,Y,1.0,0,915,HeatEntityEvaluator=1.9878876822080598
GRONOW.txt-312,0,793,793,4,N,N,-,-1,-1,HeatEntityEvaluator=0.0
MEMMUS.txt-313,0,1213,1213,7,Y,Y,1.0,0,1213,HeatEntityEvaluator=2.4876254700608906
GRONOW.txt-314,0,1213,1213,7,N,N,-,-1,-1,HeatEntityEvaluator=0.0
MEMMUS.txt-315,0,710,710,5,Y,Y,1.0,0,710,HeatEntityEvaluator=2.5491739205058934
GRONOW.txt-316,0,1113,1113,5,N,N,-,-1,-1,HeatEntityEvaluator=0.25408335244
MEMMUS.txt-317,0,1345,1345,8,Y,Y,1.0,0,1345,HeatEntityEvaluator=1.5324417161381
GRONOW.txt-318,0,1292,1292,8,N,N,-,-1,-1,HeatEntityEvaluator=0.16185144633726317
MEMMUS.txt-319,0,1846,1846,12,Y,Y,1.0,0,1846,HeatEntityEvaluator=0.7235155076313605
GRONOW.txt-320,0,1936,1936,9,N,N,-,-1,-1,HeatEntityEvaluator=0.23575964754344153
MEMMUS.txt-321,0,966,966,7,Y,Y,1.0,0,966,HeatEntityEvaluator=1.9860056316767063
GRONOW.txt-322,0,1132,1132,5,N,N,-,-1,-1,HeatEntityEvaluator=0.2766642974507865
MEMMUS.txt-323,0,551,551,5,Y,Y,1.0,0,551,HeatEntityEvaluator=1.4064714148119148
GRONOW.txt-324,0,595,595,4,N,N,-,-1,-1,HeatEntityEvaluator=0.1396927509025
MEMMUS.txt-325,0,854,854,5,Y,Y,1.0,0,854,HeatEntityEvaluator=1.812407843696951
GRONOW.txt-326,0,977,977,5,N,N,-,-1,-1,HeatEntityEvaluator=0.10641354439959999
MEMMUS.txt-327,0,341,341,2,Y,Y,1.0,0,341,HeatEntityEvaluator=1.9864352279395454
GRONOW.txt-328,0,315,315,2,Y,N,-,-1,-1,HeatEntityEvaluator=0.5423402027872001
MEMMUS.txt-329,0,477,477,3,Y,Y,1.0,0,477,HeatEntityEvaluator=2.1180987584056665
GRONOW.txt-330,0,569,569,3,N,N,-,-1,-1,HeatEntityEvaluator=0.25433930549583333
MEMMUS.txt-331,0,806,806,4,Y,Y,1.0,0,806,HeatEntityEvaluator=1.8205422706161662
GRONOW.txt-332,0,1080,1080,5,N,N,-,-1,-1,HeatEntityEvaluator=0.24036588831730768
MEMMUS.txt-333,0,1403,1403,9,Y,Y,1.0,0,1403,HeatEntityEvaluator=2.242656678615892
GRONOW.txt-334,0,1451,1451,4,N,N,-,-1,-1,HeatEntityEvaluator=0.1993830036874737
MEMMUS.txt-335,0,821,821,7,Y,Y,1.0,0,821,HeatEntityEvaluator=2.1551067887974242
GRONOW.txt-336,0,834,834,4,N,N,-,-1,-1,HeatEntityEvaluator=0.3239813225946154
MEMMUS.txt-337,0,376,376,4,Y,Y,1.0,0,376,HeatEntityEvaluator=1.761075435999697
MEMMUS.txt-338,0,264,264,1,N,N,-,-1,-1,HeatEntityEvaluator=0.0
MULIFE.txt-339,0,425,425,4,Y,Y,1.0,0,425,HeatEntityEvaluator=1.3927691152042423
GRONOW.txt-340,0,417,417,3,N,N,-,-1,-1,HeatEntityEvaluator=0.29792336427454547
MULIFE.txt-341,0,683,683,6,Y,Y,1.0,0,683,HeatEntityEvaluator=1.054416129763214
GRONOW.txt-342,0,886,886,5,N,N,-,-1,-1,HeatEntityEvaluator=0.4103333466927027
MULIFE.txt-343,0,387,387,4,Y,Y,1.0,0,387,HeatEntityEvaluator=2.2045331539071875
GRONOW.txt-344,0,397,397,4,N,N,-,-1,-1,HeatEntityEvaluator=0.46119035776727274
MULIFE.txt-345,0,626,626,5,Y,Y,1.0,0,626,HeatEntityEvaluator=0.9170412977492453
GRONOW.txt-346,0,730,730,2,Y,N,-,-1,-1,HeatEntityEvaluator=0.5509226645298275
MULIFE.txt-347,0,660,660,5,Y,Y,1.0,0,660,HeatEntityEvaluator=0.6698443457816
GRONOW.txt-348,0,837,837,3,N,N,-,-1,-1,HeatEntityEvaluator=0.3895539827279104
MULIFE.txt-349,0,1253,1253,6,Y,Y,1.0,0,1253,HeatEntityEvaluator=1.046551435447
GRONOW.txt-350,0,1405,1405,4,N,N,-,-1,-1,HeatEntityEvaluator=0.14241083172327432
MULIFE.txt-351,0,653,653,5,N,Y,1.0,0,653,HeatEntityEvaluator=0.2746597445166667
GRONOW.txt-352,0,687,687,5,N,N,-,-1,-1,HeatEntityEvaluator=0.26547207199178574
MULIFE.txt-353,0,676,676,5,Y,Y,1.0,0,676,HeatEntityEvaluator=2.1539642961228305
GRONOW.txt-354,0,532,532,4,N,N,-,-1,-1,HeatEntityEvaluator=0.08941364793351352
MULIFE.txt-355,0,269,269,4,Y,Y,1.0,0,269,HeatEntityEvaluator=1.1594840689265216
GRONOW.txt-356,0,288,288,2,N,N,-,-1,-1,HeatEntityEvaluator=0.2603411383126087
MULIFE.txt-357,0,282,282,2,Y,Y,1.0,0,282,HeatEntityEvaluator=2.09334482140625
GRONOW.txt-358,0,262,262,1,N,N,-,-1,-1,HeatEntityEvaluator=0.05134619438095238
MULIFE.txt-359,0,840,840,6,Y,Y,1.0,0,840,HeatEntityEvaluator=1.0273553924748438
GRONOW.txt-360,0,1134,1134,7,N,N,-,-1,-1,HeatEntityEvaluator=0.06179481881428572
MULIFE.txt-361,0,486,486,3,Y,Y,1.0,0,486,HeatEntityEvaluator=2.1806768302500004
GRONOW.txt-362,0,729,729,7,N,N,-,-1,-1,HeatEntityEvaluator=0.14172836610653847
MULIFE.txt-363,0,664,664,4,Y,Y,1.0,0,664,HeatEntityEvaluator=0.7249888990462499
GRONOW.txt-364,0,563,563,1,N,N,-,-1,-1,HeatEntityEvaluator=0.024506138227272725
MULIFE.txt-365,0,523,523,4,Y,Y,1.0,0,523,HeatEntityEvaluator=1.7823677450397828
MULIFE.txt-366,0,473,473,3,N,N,-,-1,-1,HeatEntityEvaluator=0.0
MULIFE.txt-367,0,1204,1204,12,Y,Y,1.0,0,1204,HeatEntityEvaluator=1.546015022852688
MULIFE.txt-368,0,650,650,4,Y,N,-,-1,-1,HeatEntityEvaluator=0.9188715263764
MULIFE.txt-369,0,744,744,8,Y,Y,1.0,0,744,HeatEntityEvaluator=1.7565713480225003
MULIFE.txt-370,0,769,769,4,N,N,-,-1,-1,HeatEntityEvaluator=0.47785918278813555
MULIFE.txt-371,0,1947,1947,16,Y,Y,1.0,0,1947,HeatEntityEvaluator=0.6315127778515002
MULIFE.txt-372,0,1188,1188,10,Y,N,-,-1,-1,HeatEntityEvaluator=1.0160627977
MULIFE.txt-373,0,2138,2138,17,Y,Y,1.0,0,2138,HeatEntityEvaluator=0.9124286246421474
GRONOW.txt-374,0,2258,2258,11,N,N,-,-1,-1,HeatEntityEvaluator=0.32183117910539877
MULIFE.txt-375,0,866,866,6,Y,Y,1.0,0,866,HeatEntityEvaluator=2.0933154631169013
GRONOW.txt-376,0,1041,1041,6,N,N,-,-1,-1,HeatEntityEvaluator=0.28905688139397434
MULIFE.txt-377,0,2918,2918,28,Y,Y,1.0,0,2918,HeatEntityEvaluator=0.9160091275473105
GRONOW.txt-378,0,3008,3008,14,N,N,-,-1,-1,HeatEntityEvaluator=0.25057662673056774
MULIFE.txt-379,0,533,533,7,Y,Y,1.0,0,533,HeatEntityEvaluator=1.4637730282376746
GRONOW.txt-380,0,573,573,5,Y,N,-,-1,-1,HeatEntityEvaluator=1.503964501534091
MULIFE.txt-381,0,1433,1433,9,Y,Y,1.0,0,1433,HeatEntityEvaluator=0.6568551751226891
GRONOW.txt-382,0,1453,1453,6,N,N,-,-1,-1,HeatEntityEvaluator=0.27781580087234237
MULIFE.txt-383,0,1336,1336,8,Y,Y,1.0,0,1336,HeatEntityEvaluator=0.8701174005970476
GRONOW.txt-384,0,1720,1720,11,N,N,-,-1,-1,HeatEntityEvaluator=0.19357312305883717
MULIFE.txt-385,0,1273,1273,6,Y,Y,1.0,0,1273,HeatEntityEvaluator=2.193092272511428
MULIFE.txt-386,0,1153,1153,5,N,N,-,-1,-1,HeatEntityEvaluator=0.40444702290786516
MULIFE.txt-387,0,768,768,5,Y,Y,1.0,0,768,HeatEntityEvaluator=1.102134324943448
GRONOW.txt-388,0,725,725,2,N,N,-,-1,-1,HeatEntityEvaluator=0.39561018563716976
MULIFE.txt-389,0,473,473,4,Y,Y,1.0,0,473,HeatEntityEvaluator=1.3134742379115911
GRONOW.txt-390,0,499,499,6,N,N,-,-1,-1,HeatEntityEvaluator=0.3122592988171795
MUSING.txt-391,0,347,347,1,Y,Y,1.0,0,347,HeatEntityEvaluator=2.967727963439231
MUSING.txt-392,0,360,360,2,N,N,-,-1,-1,HeatEntityEvaluator=0.0
MUSING.txt-393,0,658,658,3,Y,Y,1.0,0,658,HeatEntityEvaluator=2.4060167575675004
MUSING.txt-394,0,822,822,2,Y,N,-,-1,-1,HeatEntityEvaluator=0.6187028396776667
MUSING.txt-395,0,558,558,3,Y,Y,1.0,0,558,HeatEntityEvaluator=2.235896986544
MUSING.txt-396,0,540,540,2,N,N,-,-1,-1,HeatEntityEvaluator=0.0
MUSING.txt-397,0,392,392,3,Y,Y,1.0,0,392,HeatEntityEvaluator=1.6335356480272414
MEMMUS.txt-398,0,378,378,3,N,N,-,-1,-1,HeatEntityEvaluator=0.16177233890818185
MUSING.txt-399,0,996,996,4,Y,Y,1.0,0,996,HeatEntityEvaluator=0.7988183624202703
GRONOW.txt-400,0,835,835,3,N,N,-,-1,-1,HeatEntityEvaluator=0.16212982964681819
MUSING.txt-401,0,573,573,2,Y,Y,1.0,0,573,HeatEntityEvaluator=0.7130865620283333
MUSING.txt-402,0,744,744,2,N,N,-,-1,-1,HeatEntityEvaluator=0.06598395642857142
MUSING.txt-403,0,423,423,2,Y,Y,1.0,0,423,HeatEntityEvaluator=1.6518240052225
MUSING.txt-404,0,357,357,1,N,N,-,-1,-1,HeatEntityEvaluator=0.27520511153785715
MUSING.txt-405,0,621,621,5,Y,Y,1.0,0,621,HeatEntityEvaluator=1.06735803630875
MUSING.txt-406,0,357,357,2,N,N,-,-1,-1,HeatEntityEvaluator=0.04492792008333333
MUSING.txt-407,0,340,340,1,Y,Y,1.0,0,340,HeatEntityEvaluator=1.2257774058824
MUSING.txt-408,0,487,487,4,N,N,-,-1,-1,HeatEntityEvaluator=0.11721661419314286
MUSING.txt-409,0,568,568,2,Y,Y,1.0,0,568,HeatEntityEvaluator=2.65005560144
MUSING.txt-410,0,362,362,2,N,N,-,-1,-1,HeatEntityEvaluator=0.4123071835059375
MUSING.txt-411,0,466,466,2,Y,Y,1.0,0,466,HeatEntityEvaluator=1.8836969929935299
MUSING.txt-412,0,517,517,4,N,N,-,-1,-1,HeatEntityEvaluator=0.086227180635625
MUSING.txt-413,0,608,608,5,Y,Y,1.0,0,608,HeatEntityEvaluator=2.7062807628225007
MUSING.txt-414,0,420,420,2,N,N,-,-1,-1,HeatEntityEvaluator=0.09566499723625001
MUSING.txt-415,0,487,487,3,Y,Y,1.0,0,487,HeatEntityEvaluator=1.9992577527079418
MUSING.txt-416,0,451,451,1,N,N,-,-1,-1,HeatEntityEvaluator=0.03267485096969697
MUSING.txt-417,0,478,478,2,Y,Y,1.0,0,478,HeatEntityEvaluator=2.678938495361945
MUSING.txt-418,0,553,553,2,N,N,-,-1,-1,HeatEntityEvaluator=0.022941916638297873
MUSING.txt-419,0,515,515,1,N,Y,1.0,0,515,HeatEntityEvaluator=0.32615283323542854
MUSING.txt-420,0,585,585,4,N,N,-,-1,-1,HeatEntityEvaluator=0.36238758549466665
MUSING.txt-421,0,406,406,2,Y,Y,1.0,0,406,HeatEntityEvaluator=0.5836353142035483
MUSING.txt-422,0,451,451,2,Y,N,-,-1,-1,HeatEntityEvaluator=0.8285159489421622
MUSING.txt-423,0,470,470,2,Y,Y,1.0,0,470,HeatEntityEvaluator=2.0534561209225717
GRONOW.txt-424,0,455,455,4,N,N,-,-1,-1,HeatEntityEvaluator=0.05990389344444444
MUSING.txt-425,0,971,971,6,Y,Y,1.0,0,971,HeatEntityEvaluator=1.4314150027501562
MUSING.txt-426,0,552,552,3,Y,N,-,-1,-1,HeatEntityEvaluator=0.7421070565695456
MUSING.txt-427,0,938,938,5,Y,Y,1.0,0,938,HeatEntityEvaluator=1.4932029855317912
MUSING.txt-428,0,940,940,4,Y,N,-,-1,-1,HeatEntityEvaluator=0.9988015696669135
MUSREM.txt-429,0,159,159,1,Y,Y,1.0,0,159,HeatEntityEvaluator=2.1764848801686667
MUSING.txt-430,0,259,259,2,Y,N,-,-1,-1,HeatEntityEvaluator=0.5714532828557143
MUSREM.txt-431,0,322,322,2,Y,Y,1.0,0,322,HeatEntityEvaluator=1.820726626937308
MUSREM.txt-432,0,291,291,2,Y,N,-,-1,-1,HeatEntityEvaluator=0.5490930872766666
MUSREM.txt-433,0,318,318,3,Y,Y,1.0,0,318,HeatEntityEvaluator=0.5586423645326923
MUSREM.txt-434,0,400,400,1,Y,N,-,-1,-1,HeatEntityEvaluator=2.801535751189643
MUSREM.txt-435,0,392,392,2,Y,Y,1.0,0,392,HeatEntityEvaluator=1.580046310426538
MUSING.txt-436,0,466,466,2,Y,N,-,-1,-1,HeatEntityEvaluator=0.5420170334491428
MUSREM.txt-437,0,529,529,7,Y,Y,1.0,0,529,HeatEntityEvaluator=0.7520300457251282
MUSING.txt-438,0,422,422,4,N,N,-,-1,-1,HeatEntityEvaluator=0.12076319159766666
MUSREM.txt-439,0,561,561,3,Y,Y,1.0,0,561,HeatEntityEvaluator=1.8307473864823687
MUSING.txt-440,0,401,401,1,Y,N,-,-1,-1,HeatEntityEvaluator=1.1788675101800001
MUSREM.txt-441,0,397,397,1,Y,Y,1.0,0,397,HeatEntityEvaluator=1.0894877180203573
MUSING.txt-442,0,683,683,3,Y,N,-,-1,-1,HeatEntityEvaluator=0.9272900180503774
MUSREM.txt-443,0,379,379,3,Y,Y,1.0,0,379,HeatEntityEvaluator=1.0901304381441381
MUSING.txt-444,0,553,553,2,Y,N,-,-1,-1,HeatEntityEvaluator=0.9198668558424491
MUSREM.txt-445,0,248,248,1,Y,Y,1.0,0,248,HeatEntityEvaluator=1.167064810882
GRONOW.txt-446,0,236,236,2,Y,N,-,-1,-1,HeatEntityEvaluator=0.7202787583877271
MUSREM.txt-447,0,311,311,2,Y,Y,1.0,0,311,HeatEntityEvaluator=2.304787526645652
GRONOW.txt-448,0,299,299,2,Y,N,-,-1,-1,HeatEntityEvaluator=0.6970064389322727
MUSREM.txt-449,0,197,197,1,Y,Y,1.0,0,197,HeatEntityEvaluator=1.546274564896
GRONOW.txt-450,0,269,269,2,N,N,-,-1,-1,HeatEntityEvaluator=0.26470421194291666
MUSREM.txt-451,0,190,190,1,Y,Y,1.0,0,190,HeatEntityEvaluator=1.515491518497857
MEMMUS.txt-452,0,226,226,1,N,N,-,-1,-1,HeatEntityEvaluator=0.3240637231413333
MUSREM.txt-453,0,190,190,1,Y,Y,1.0,0,190,HeatEntityEvaluator=3.0274522733215385
GRONOW.txt-454,0,277,277,1,N,N,-,-1,-1,HeatEntityEvaluator=0.0
MUSREM.txt-455,0,190,190,2,Y,Y,1.0,0,190,HeatEntityEvaluator=1.912152035082353
MEMMUS.txt-456,0,139,139,2,Y,N,-,-1,-1,HeatEntityEvaluator=0.9868740855827273
MUSREM.txt-457,0,526,526,2,Y,Y,1.0,0,526,HeatEntityEvaluator=1.7181284304861113
GRONOW.txt-458,0,536,536,3,N,N,-,-1,-1,HeatEntityEvaluator=0.0
MUSREM.txt-459,0,347,347,2,Y,Y,1.0,0,347,HeatEntityEvaluator=1.133377146048148
GRONOW.txt-460,0,509,509,2,N,N,-,-1,-1,HeatEntityEvaluator=0.39618630176625
MUSREM.txt-461,0,382,382,3,Y,Y,1.0,0,382,HeatEntityEvaluator=1.8302571724293335
GRONOW.txt-462,0,351,351,1,N,N,-,-1,-1,HeatEntityEvaluator=0.39660673503655175
MUSREM.txt-463,0,553,553,3,Y,Y,1.0,0,553,HeatEntityEvaluator=1.6562122885290245
GRONOW.txt-464,0,599,599,3,N,N,-,-1,-1,HeatEntityEvaluator=0.3057328871272
MUSREM.txt-465,0,118,118,1,Y,Y,1.0,0,118,HeatEntityEvaluator=2.2066672215975
GRONOW.txt-466,0,361,361,2,N,N,-,-1,-1,HeatEntityEvaluator=0.12190104748689655
MUSREM.txt-467,0,553,553,2,Y,Y,1.0,0,553,HeatEntityEvaluator=1.4395416762572728
GRONOW.txt-468,0,658,658,4,N,N,-,-1,-1,HeatEntityEvaluator=0.15574128648811322
MUSREM.txt-469,0,320,320,4,Y,Y,1.0,0,320,HeatEntityEvaluator=1.9924299972347828
GRONOW.txt-470,0,583,583,2,N,N,-,-1,-1,HeatEntityEvaluator=0.022463960041666665
MUSREM.txt-471,0,1688,1688,11,Y,Y,1.0,0,1688,HeatEntityEvaluator=1.035945965598203
GRONOW.txt-472,0,1412,1412,14,N,N,-,-1,-1,HeatEntityEvaluator=0.13331171963466668
MUSREM.txt-473,0,527,527,3,Y,Y,1.0,0,527,HeatEntityEvaluator=2.2287532695672225
GRONOW.txt-474,0,534,534,4,N,N,-,-1,-1,HeatEntityEvaluator=0.2089442958042857
MUSREM.txt-475,0,333,333,2,Y,Y,1.0,0,333,HeatEntityEvaluator=1.8380732312680002
REMKEL1.txt-476,0,389,389,2,N,N,-,-1,-1,HeatEntityEvaluator=0.0
MUSREM.txt-477,0,229,229,2,Y,Y,1.0,0,229,HeatEntityEvaluator=1.7442933406749996
REMKEL1.txt-478,0,415,415,2,N,N,-,-1,-1,HeatEntityEvaluator=0.0
MUSREM.txt-479,0,229,229,2,Y,Y,1.0,0,229,HeatEntityEvaluator=3.199193462294
REMKEL1.txt-480,0,217,217,1,Y,N,-,-1,-1,HeatEntityEvaluator=0.54038690556875
MUSREM.txt-481,0,1235,1235,5,Y,Y,1.0,0,1235,HeatEntityEvaluator=1.8587503796621736
REMKEL1.txt-482,0,1209,1209,6,N,N,-,-1,-1,HeatEntityEvaluator=0.182823926708
MUSREM.txt-483,0,267,267,2,Y,Y,1.0,0,267,HeatEntityEvaluator=0.69981323127
REMKEL1.txt-484,0,325,325,2,N,N,-,-1,-1,HeatEntityEvaluator=0.0
MUSREM.txt-485,0,531,531,3,Y,Y,1.0,0,531,HeatEntityEvaluator=1.5749954160586046
REMKEL1.txt-486,0,548,548,4,Y,N,-,-1,-1,HeatEntityEvaluator=0.5093522271099999
MUSREM.txt-487,0,563,563,5,Y,Y,1.0,0,563,HeatEntityEvaluator=0.9183262802630769
REMKEL1.txt-488,0,410,410,3,N,N,-,-1,-1,HeatEntityEvaluator=0.2675197687784375
MUSREM.txt-489,0,1069,1069,7,Y,Y,1.0,0,1069,HeatEntityEvaluator=1.2843118470171606
REMKEL1.txt-490,0,1181,1181,9,N,N,-,-1,-1,HeatEntityEvaluator=0.04448278872252526
MUSREM.txt-491,0,343,343,1,Y,Y,1.0,0,343,HeatEntityEvaluator=1.6834700216828573
REMKEL1.txt-492,0,268,268,2,Y,N,-,-1,-1,HeatEntityEvaluator=0.908933179824762
OUSELEY.txt-493,0,2313,2313,14,Y,Y,1.0,0,2313,HeatEntityEvaluator=1.0719869671469004
OUSLEY.txt-494,0,2259,2259,18,N,N,-,-1,-1,HeatEntityEvaluator=0.17524574541672044
PILGRIM.txt-495,0,766,766,6,Y,Y,1.0,0,766,HeatEntityEvaluator=3.2647653109849992
OUSLEY.txt-496,0,1277,1277,6,N,N,-,-1,-1,HeatEntityEvaluator=0.04492792008333333
PILGRIM.txt-497,0,659,659,4,Y,Y,1.0,0,659,HeatEntityEvaluator=0.5632468362226529
OUSLEY.txt-498,0,750,750,4,Y,N,-,-1,-1,HeatEntityEvaluator=0.5598658755226317
PILGRIM.txt-499,0,940,940,4,Y,Y,1.0,0,940,HeatEntityEvaluator=0.553035048817013
OUSLEY.txt-500,0,601,601,4,N,N,-,-1,-1,HeatEntityEvaluator=0.2064733704542222
PILGRIM.txt-501,0,962,962,9,Y,Y,1.0,0,962,HeatEntityEvaluator=0.9466774734656411
PILGRIM.txt-502,0,660,660,6,N,N,-,-1,-1,HeatEntityEvaluator=0.281027496908
PILGRIM.txt-503,0,1470,1470,14,Y,Y,1.0,0,1470,HeatEntityEvaluator=1.1427010678867568
PILGRIM.txt-504,0,1324,1324,9,N,N,-,-1,-1,HeatEntityEvaluator=0.1709205547681915
PILGRIM.txt-505,0,406,406,3,N,Y,1.0,0,406,HeatEntityEvaluator=0.47222434790296297
PILGRIM.txt-506,0,262,262,1,N,N,-,-1,-1,HeatEntityEvaluator=0.229019756402
PILGRIM.txt-507,0,861,861,4,Y,Y,1.0,0,861,HeatEntityEvaluator=1.5008981871198572
PILGRIM.txt-508,0,679,679,3,N,N,-,-1,-1,HeatEntityEvaluator=0.03850964578571429
PILGRIM.txt-509,0,1981,1981,12,Y,Y,1.0,0,1981,HeatEntityEvaluator=1.2571314801045754
PILGRIM.txt-510,0,2094,2094,17,N,N,-,-1,-1,HeatEntityEvaluator=0.25937673637210884
PILGRIM.txt-511,0,2501,2501,14,Y,Y,1.0,0,2501,HeatEntityEvaluator=1.2824198927931656
PILGRIM.txt-512,0,2650,2650,19,N,N,-,-1,-1,HeatEntityEvaluator=0.12229228933662982
PILGRIM.txt-513,0,554,554,4,Y,Y,1.0,0,554,HeatEntityEvaluator=1.5647687464631914
PILGRIM.txt-514,0,520,520,3,N,N,-,-1,-1,HeatEntityEvaluator=0.2777265659876923
PILGRIM.txt-515,0,1796,1796,19,Y,Y,1.0,0,1796,HeatEntityEvaluator=0.6736434876772179
PILGRIM.txt-516,0,1399,1399,12,Y,N,-,-1,-1,HeatEntityEvaluator=0.6416249823198305
PILGRIM.txt-517,0,1653,1653,12,Y,Y,1.0,0,1653,HeatEntityEvaluator=2.103303819677832
PILGRIM.txt-518,0,788,788,7,Y,N,-,-1,-1,HeatEntityEvaluator=0.7268832127671876
PILGRIM.txt-519,0,1507,1507,9,Y,Y,1.0,0,1507,HeatEntityEvaluator=1.2804769197467525
PILGRIM.txt-520,0,813,813,7,N,N,-,-1,-1,HeatEntityEvaluator=0.09737087101295774
PILGRIM.txt-521,0,1354,1354,8,Y,Y,1.0,0,1354,HeatEntityEvaluator=0.7256405619648599
PILGRIM.txt-522,0,936,936,8,Y,N,-,-1,-1,HeatEntityEvaluator=0.5711225559919737
RECMUS.txt-523,0,228,228,1,N,Y,1.0,0,228,HeatEntityEvaluator=0.05990389344444444
PILGRIM.txt-524,0,243,243,1,N,N,-,-1,-1,HeatEntityEvaluator=0.0
RECMUS.txt-525,0,157,157,1,Y,Y,1.0,0,157,HeatEntityEvaluator=3.0539430368123073
PILGRIM.txt-526,0,228,228,2,N,N,-,-1,-1,HeatEntityEvaluator=0.36194900697
RECMUS.txt-527,0,231,231,1,Y,Y,1.0,0,231,HeatEntityEvaluator=2.3136962851081817
PILGRIM.txt-528,0,296,296,2,N,N,-,-1,-1,HeatEntityEvaluator=0.21966747710545453
RECMUS.txt-529,0,339,339,1,Y,Y,1.0,0,339,HeatEntityEvaluator=2.3209080874855554
PILGRIM.txt-530,0,316,316,2,N,N,-,-1,-1,HeatEntityEvaluator=0.35601732918
RECMUS.txt-531,0,228,228,2,Y,Y,1.0,0,228,HeatEntityEvaluator=3.509972507576
PILGRIM.txt-532,0,298,298,2,N,N,-,-1,-1,HeatEntityEvaluator=0.13333801338846155
RECMUS.txt-533,0,128,128,2,Y,Y,1.0,0,128,HeatEntityEvaluator=1.5940944898072724
PILGRIM.txt-534,0,258,258,1,N,N,-,-1,-1,HeatEntityEvaluator=0.04688130791304348
RECMUS.txt-535,0,126,126,1,N,Y,1.0,0,126,HeatEntityEvaluator=0.410651579422
PILGRIM.txt-536,0,240,240,2,N,N,-,-1,-1,HeatEntityEvaluator=0.0
RECMUS.txt-537,0,98,98,1,Y,Y,1.0,0,98,HeatEntityEvaluator=1.901968824865
PILGRIM.txt-538,0,133,133,2,N,N,-,-1,-1,HeatEntityEvaluator=0.33072039651583335
RECMUS.txt-539,0,318,318,3,Y,Y,1.0,0,318,HeatEntityEvaluator=1.3362515760181817
PILGRIM.txt-540,0,441,441,2,N,N,-,-1,-1,HeatEntityEvaluator=0.3226471579225641
RECMUS.txt-541,0,386,386,2,Y,Y,1.0,0,386,HeatEntityEvaluator=2.5208864069537933
PILGRIM.txt-542,0,373,373,3,N,N,-,-1,-1,HeatEntityEvaluator=0.0
RECMUS.txt-543,0,140,140,2,Y,Y,1.0,0,140,HeatEntityEvaluator=0.8761626762127274
PILGRIM.txt-544,0,147,147,1,N,N,-,-1,-1,HeatEntityEvaluator=0.0
RECMUS.txt-545,0,349,349,2,Y,Y,1.0,0,349,HeatEntityEvaluator=0.8564232455522728
PILGRIM.txt-546,0,477,477,5,N,N,-,-1,-1,HeatEntityEvaluator=0.43025299609911766
RECMUS.txt-547,0,331,331,2,Y,Y,1.0,0,331,HeatEntityEvaluator=2.1650288563542306
PILGRIM.txt-548,0,216,216,2,Y,N,-,-1,-1,HeatEntityEvaluator=0.662349177485
RECMUS.txt-549,0,706,706,2,Y,Y,1.0,0,706,HeatEntityEvaluator=2.3429647608256863
PILGRIM.txt-550,0,651,651,6,N,N,-,-1,-1,HeatEntityEvaluator=0.09393701584705882
RECMUS.txt-551,0,265,265,4,Y,Y,1.0,0,265,HeatEntityEvaluator=1.8759281658169566
PILGRIM.txt-552,0,249,249,2,N,N,-,-1,-1,HeatEntityEvaluator=0.0
RECMUS.txt-553,0,391,391,3,Y,Y,1.0,0,391,HeatEntityEvaluator=0.9036982923158065
PILGRIM.txt-554,0,360,360,2,N,N,-,-1,-1,HeatEntityEvaluator=0.0
RECMUS.txt-555,0,350,350,2,Y,Y,1.0,0,350,HeatEntityEvaluator=1.295608793682857
PILGRIM.txt-556,0,288,288,4,N,N,-,-1,-1,HeatEntityEvaluator=0.0
RECMUS.txt-557,0,491,491,5,N,Y,1.0,0,491,HeatEntityEvaluator=0.45497190645527774
PILGRIM.txt-558,0,338,338,4,N,N,-,-1,-1,HeatEntityEvaluator=0.1785686730864286
RECMUS.txt-559,0,358,358,2,Y,Y,1.0,0,358,HeatEntityEvaluator=1.6475494072160002
PILGRIM.txt-560,0,214,214,2,N,N,-,-1,-1,HeatEntityEvaluator=0.0
RECMUS.txt-561,0,125,125,1,Y,Y,1.0,0,125,HeatEntityEvaluator=2.534735713569091
PILGRIM.txt-562,0,106,106,1,N,N,-,-1,-1,HeatEntityEvaluator=0.0
RECMUS.txt-563,0,258,258,2,Y,Y,1.0,0,258,HeatEntityEvaluator=2.4917228287989475
PILGRIM.txt-564,0,227,227,1,N,N,-,-1,-1,HeatEntityEvaluator=0.0
RECMUS.txt-565,0,341,341,5,Y,Y,1.0,0,341,HeatEntityEvaluator=2.20396632838
PILGRIM.txt-566,0,342,342,2,N,N,-,-1,-1,HeatEntityEvaluator=0.0
RECMUS.txt-567,0,168,168,1,Y,Y,1.0,0,168,HeatEntityEvaluator=1.7804532305826666
PILGRIM.txt-568,0,177,177,1,N,N,-,-1,-1,HeatEntityEvaluator=0.0
RECMUS.txt-569,0,704,704,6,Y,Y,1.0,0,704,HeatEntityEvaluator=1.6570317083620003
PILGRIM.txt-570,0,1193,1193,12,N,N,-,-1,-1,HeatEntityEvaluator=0.05627968440729166
RECMUS.txt-571,0,164,164,2,Y,Y,1.0,0,164,HeatEntityEvaluator=3.449899248542308
PILGRIM.txt-572,0,328,328,2,N,N,-,-1,-1,HeatEntityEvaluator=0.0
RECMUS.txt-573,0,510,510,3,Y,Y,1.0,0,510,HeatEntityEvaluator=1.9331474664702442
PILGRIM.txt-574,0,447,447,2,N,N,-,-1,-1,HeatEntityEvaluator=0.12880033354594594
RECMUS.txt-575,0,280,280,3,Y,Y,1.0,0,280,HeatEntityEvaluator=2.2025661876572724
RECMUS.txt-576,0,312,312,1,N,N,-,-1,-1,HeatEntityEvaluator=0.36759586423714286
RECMUS.txt-577,0,491,491,2,Y,Y,1.0,0,491,HeatEntityEvaluator=3.2842304239661533
RECMUS.txt-578,0,457,457,3,Y,N,-,-1,-1,HeatEntityEvaluator=0.6212999244842856
RECMUS.txt-579,0,348,348,3,Y,Y,1.0,0,348,HeatEntityEvaluator=2.2899943395473077
RECMUS.txt-580,0,296,296,2,N,N,-,-1,-1,HeatEntityEvaluator=0.20694523352549998
RECMUS.txt-581,0,435,435,4,Y,Y,1.0,0,435,HeatEntityEvaluator=0.9618936961752778
RECMUS.txt-582,0,449,449,3,Y,N,-,-1,-1,HeatEntityEvaluator=0.6080818132188889
RECMUS.txt-583,0,445,445,3,Y,Y,1.0,0,445,HeatEntityEvaluator=1.8968867705349999
PILGRIM.txt-584,0,455,455,4,Y,N,-,-1,-1,HeatEntityEvaluator=0.6492522561013333
RECMUS.txt-585,0,250,250,2,N,Y,1.0,0,250,HeatEntityEvaluator=0.2818110475411765
PILGRIM.txt-586,0,220,220,2,Y,N,-,-1,-1,HeatEntityEvaluator=1.3881726343799998
RECMUS.txt-587,0,262,262,3,Y,Y,1.0,0,262,HeatEntityEvaluator=3.256846383485
PILGRIM.txt-588,0,296,296,4,N,N,-,-1,-1,HeatEntityEvaluator=0.32969508104458334
RECMUS.txt-589,0,269,269,3,Y,Y,1.0,0,269,HeatEntityEvaluator=0.8958634210444
PILGRIM.txt-590,0,231,231,3,N,N,-,-1,-1,HeatEntityEvaluator=0.24032927810428573
RECMUS.txt-591,0,401,401,2,Y,Y,1.0,0,401,HeatEntityEvaluator=2.4426363007603125
PILGRIM.txt-592,0,374,374,2,N,N,-,-1,-1,HeatEntityEvaluator=0.18142934924727275
RECMUS.txt-593,0,231,231,2,Y,Y,1.0,0,231,HeatEntityEvaluator=1.6597206104660003
PILGRIM.txt-594,0,206,206,2,Y,N,-,-1,-1,HeatEntityEvaluator=0.6625868608671429
RECMUS.txt-595,0,742,742,10,Y,Y,1.0,0,742,HeatEntityEvaluator=1.5168785454171698
PILGRIM.txt-596,0,678,678,5,Y,N,-,-1,-1,HeatEntityEvaluator=0.6304772219480769
RECMUS.txt-597,0,357,357,1,Y,Y,1.0,0,357,HeatEntityEvaluator=2.142063305695
PILGRIM.txt-598,0,325,325,2,N,N,-,-1,-1,HeatEntityEvaluator=0.04492792008333333
RECMUS.txt-599,0,419,419,2,Y,Y,1.0,0,419,HeatEntityEvaluator=2.8960925382253127
PILGRIM.txt-600,0,392,392,4,Y,N,-,-1,-1,HeatEntityEvaluator=0.6465917289074193
RECMUS.txt-601,0,279,279,3,Y,Y,1.0,0,279,HeatEntityEvaluator=2.9303599405304004
PILGRIM.txt-602,0,176,176,2,N,N,-,-1,-1,HeatEntityEvaluator=0.0
RECMUS.txt-603,0,199,199,2,Y,Y,1.0,0,199,HeatEntityEvaluator=3.339654534586429
RECMUS.txt-604,0,460,460,3,N,N,-,-1,-1,HeatEntityEvaluator=0.24248458201684212
RECMUS.txt-605,0,146,146,1,Y,Y,1.0,0,146,HeatEntityEvaluator=2.5307611892927273
RECMUS.txt-606,0,283,283,1,N,N,-,-1,-1,HeatEntityEvaluator=0.28245771712083334
RECMUS.txt-607,0,265,265,4,Y,Y,1.0,0,265,HeatEntityEvaluator=0.7956109113200001
RECMUS.txt-608,0,234,234,1,N,N,-,-1,-1,HeatEntityEvaluator=0.05990389344444444
RECMUS.txt-609,0,492,492,2,Y,Y,1.0,0,492,HeatEntityEvaluator=2.7482382117042503
RECMUS.txt-610,0,299,299,2,Y,N,-,-1,-1,HeatEntityEvaluator=1.0586652882969565
RECMUS.txt-611,0,306,306,3,Y,Y,1.0,0,306,HeatEntityEvaluator=1.5518196746180952
RECMUS.txt-612,0,314,314,2,N,N,-,-1,-1,HeatEntityEvaluator=0.36293273595583336
RECMUS.txt-613,0,162,162,3,Y,Y,1.0,0,162,HeatEntityEvaluator=2.6448821238050004
RECMUS.txt-614,0,174,174,1,Y,N,-,-1,-1,HeatEntityEvaluator=0.8582161201137499
RECMUS.txt-615,0,200,200,1,Y,Y,1.0,0,200,HeatEntityEvaluator=5.113788618467647
RECMUS.txt-616,0,115,115,1,Y,N,-,-1,-1,HeatEntityEvaluator=1.679497072425
RECMUS.txt-617,0,111,111,1,Y,Y,1.0,0,111,HeatEntityEvaluator=1.0323668522711111
RECMUS.txt-618,0,144,144,1,N,N,-,-1,-1,HeatEntityEvaluator=0.4077273255428572
RECMUS.txt-619,0,222,222,3,Y,Y,1.0,0,222,HeatEntityEvaluator=1.0897915697121054
RECMUS.txt-620,0,190,190,3,Y,N,-,-1,-1,HeatEntityEvaluator=0.5310539385476472
RECOLL.txt-621,0,904,904,6,Y,Y,1.0,0,904,HeatEntityEvaluator=2.587773112324143
RECMUS.txt-622,0,832,832,5,Y,N,-,-1,-1,HeatEntityEvaluator=0.6098927832420967
RECOLL.txt-623,0,537,537,3,Y,Y,1.0,0,537,HeatEntityEvaluator=1.8842884632123258
RECMUS.txt-624,0,435,435,5,N,N,-,-1,-1,HeatEntityEvaluator=0.38121052587555554
RECOLL.txt-625,0,179,179,1,Y,Y,1.0,0,179,HeatEntityEvaluator=0.8750845058986667
RECMUS.txt-626,0,261,261,3,N,N,-,-1,-1,HeatEntityEvaluator=0.0
RECOLL.txt-627,0,312,312,4,Y,Y,1.0,0,312,HeatEntityEvaluator=1.5101612586170372
RECMUS.txt-628,0,399,399,4,N,N,-,-1,-1,HeatEntityEvaluator=0.03478290587096774
RECOLL.txt-629,0,372,372,4,Y,Y,1.0,0,372,HeatEntityEvaluator=1.573252294157778
RECMUS.txt-630,0,197,197,2,N,N,-,-1,-1,HeatEntityEvaluator=0.0
RECOLL.txt-631,0,647,647,7,Y,Y,1.0,0,647,HeatEntityEvaluator=1.157633231153542
RECOLL.txt-632,0,508,508,3,Y,N,-,-1,-1,HeatEntityEvaluator=0.997595437152051
RECOLL.txt-633,0,602,602,4,Y,Y,1.0,0,602,HeatEntityEvaluator=3.5909855753717026
RECOLL.txt-634,0,494,494,4,N,N,-,-1,-1,HeatEntityEvaluator=0.42443637017153846
RECOLL.txt-635,0,1212,1212,15,Y,Y,1.0,0,1212,HeatEntityEvaluator=2.3301261405931104
RECOLL.txt-636,0,1260,1260,9,Y,N,-,-1,-1,HeatEntityEvaluator=1.0529862157477172
RECOLL.txt-637,0,279,279,2,Y,Y,1.0,0,279,HeatEntityEvaluator=2.035823045421739
RECOLL.txt-638,0,320,320,2,Y,N,-,-1,-1,HeatEntityEvaluator=0.6333713764308
RECOLL.txt-639,0,491,491,5,Y,Y,1.0,0,491,HeatEntityEvaluator=0.6442005621380488
RECOLL.txt-640,0,516,516,4,N,N,-,-1,-1,HeatEntityEvaluator=0.08474972490595238
RECOLL.txt-641,0,664,664,7,Y,Y,1.0,0,664,HeatEntityEvaluator=1.8113459610560003
RECOLL.txt-642,0,561,561,4,N,N,-,-1,-1,HeatEntityEvaluator=0.3311121044897436
RECOLL.txt-643,0,1004,1004,8,Y,Y,1.0,0,1004,HeatEntityEvaluator=1.151057922795581
RECOLL.txt-644,0,687,687,6,Y,N,-,-1,-1,HeatEntityEvaluator=1.1126330514148148
RECOLL.txt-645,0,824,824,8,N,Y,1.0,0,824,HeatEntityEvaluator=0.47072580276430764
RECOLL.txt-646,0,679,679,4,N,N,-,-1,-1,HeatEntityEvaluator=0.3206718736975862
RECOLL.txt-647,0,447,447,3,Y,Y,1.0,0,447,HeatEntityEvaluator=1.3436600003768293
RECOLL.txt-648,0,570,570,2,N,N,-,-1,-1,HeatEntityEvaluator=0.18489235511045454
RECOLL.txt-649,0,598,598,3,Y,Y,1.0,0,598,HeatEntityEvaluator=0.9840387396269388
RECOLL.txt-650,0,521,521,3,N,N,-,-1,-1,HeatEntityEvaluator=0.10933124490114286
RECOLL.txt-651,0,506,506,4,Y,Y,1.0,0,506,HeatEntityEvaluator=1.5543172800651064
RECOLL.txt-652,0,675,675,4,Y,N,-,-1,-1,HeatEntityEvaluator=0.7695262131137736
RECOLL.txt-653,0,328,328,4,Y,Y,1.0,0,328,HeatEntityEvaluator=1.00446585567
RECOLL.txt-654,0,321,321,3,N,N,-,-1,-1,HeatEntityEvaluator=0.20385496327039998
RECOLL.txt-655,0,1001,1001,7,Y,Y,1.0,0,1001,HeatEntityEvaluator=1.907262379550804
RECOLL.txt-656,0,754,754,7,Y,N,-,-1,-1,HeatEntityEvaluator=0.5873270404835592
RECOLL.txt-657,0,604,604,4,Y,Y,1.0,0,604,HeatEntityEvaluator=1.3445147879449055
RECOLL.txt-658,0,692,692,6,N,N,-,-1,-1,HeatEntityEvaluator=0.3595319537268254
RECOLL.txt-659,0,989,989,7,Y,Y,1.0,0,989,HeatEntityEvaluator=2.7292385219571833
RECOLL.txt-660,0,1047,1047,9,Y,N,-,-1,-1,HeatEntityEvaluator=0.5129001265721519
RECOLL.txt-661,0,208,208,2,Y,Y,1.0,0,208,HeatEntityEvaluator=1.246003328585294
RECOLL.txt-662,0,224,224,3,Y,N,-,-1,-1,HeatEntityEvaluator=0.7854174819044446
RECOLL.txt-663,0,512,512,5,Y,Y,1.0,0,512,HeatEntityEvaluator=2.191305791267805
RECOLL.txt-664,0,502,502,4,Y,N,-,-1,-1,HeatEntityEvaluator=0.782083923164186
RECOLL.txt-665,0,493,493,4,Y,Y,1.0,0,493,HeatEntityEvaluator=2.393787208341622
RECOLL.txt-666,0,362,362,5,N,N,-,-1,-1,HeatEntityEvaluator=0.14698684289592592
REMKEL1.txt-667,0,1028,1028,7,Y,Y,1.0,0,1028,HeatEntityEvaluator=1.340357172970482
RECOLL.txt-668,0,1269,1269,11,N,N,-,-1,-1,HeatEntityEvaluator=0.2813850856317
REMKEL1.txt-669,0,646,646,1,Y,Y,1.0,0,646,HeatEntityEvaluator=0.5077759848804545
REMKEL1.txt-670,0,318,318,2,N,N,-,-1,-1,HeatEntityEvaluator=0.23492955481391303
REMKEL1.txt-671,0,563,563,3,Y,Y,1.0,0,563,HeatEntityEvaluator=1.02170525619575
REMKEL1.txt-672,0,542,542,3,N,N,-,-1,-1,HeatEntityEvaluator=0.026299270292682926
REMKEL1.txt-673,0,546,546,4,Y,Y,1.0,0,546,HeatEntityEvaluator=1.2092615463249998
REMKEL1.txt-674,0,406,406,2,N,N,-,-1,-1,HeatEntityEvaluator=0.4183245452387097
REMKEL1.txt-675,0,564,564,3,Y,Y,1.0,0,564,HeatEntityEvaluator=1.1285461201697728
REMKEL1.txt-676,0,503,503,10,N,N,-,-1,-1,HeatEntityEvaluator=0.3717291237566667
REMKEL1.txt-677,0,399,399,1,Y,Y,1.0,0,399,HeatEntityEvaluator=0.7356633217552941
REMKEL1.txt-678,0,607,607,10,N,N,-,-1,-1,HeatEntityEvaluator=0.09679621361439024
REMKEL1.txt-679,0,462,462,4,N,Y,1.0,0,462,HeatEntityEvaluator=0.4251326232926315
REMKEL1.txt-680,0,481,481,2,N,N,-,-1,-1,HeatEntityEvaluator=0.24108487678868418
REMKEL1.txt-681,0,1000,1000,7,Y,Y,1.0,0,1000,HeatEntityEvaluator=1.1826697955525
REMKEL1.txt-682,0,826,826,3,N,N,-,-1,-1,HeatEntityEvaluator=0.3218937015886207
REMKEL1.txt-683,0,852,852,4,Y,Y,1.0,0,852,HeatEntityEvaluator=1.015511433424058
REMKEL1.txt-684,0,819,819,5,N,N,-,-1,-1,HeatEntityEvaluator=0.09883588758790322
REMKEL1.txt-685,0,862,862,8,Y,Y,1.0,0,862,HeatEntityEvaluator=1.2010416423691044
REMKEL1.txt-686,0,835,835,5,N,N,-,-1,-1,HeatEntityEvaluator=0.067391880125
REMKEL1.txt-687,0,446,446,2,Y,Y,1.0,0,446,HeatEntityEvaluator=2.1614087649669447
REMKEL1.txt-688,0,325,325,3,N,N,-,-1,-1,HeatEntityEvaluator=0.44357740807615387
REMKEL1.txt-689,0,433,433,3,Y,Y,1.0,0,433,HeatEntityEvaluator=0.5840552681715788
REMKEL1.txt-690,0,443,443,4,N,N,-,-1,-1,HeatEntityEvaluator=0.0
REMKEL1.txt-691,0,1002,1002,5,Y,Y,1.0,0,1002,HeatEntityEvaluator=1.5606504672581085
REMKEL1.txt-692,0,997,997,8,N,N,-,-1,-1,HeatEntityEvaluator=0.45441842388706666
REMKEL1.txt-693,0,665,665,6,Y,Y,1.0,0,665,HeatEntityEvaluator=0.7166946678592453
REMKEL1.txt-694,0,790,790,3,N,N,-,-1,-1,HeatEntityEvaluator=0.06291136870701755
REMKEL1.txt-695,0,909,909,6,Y,Y,1.0,0,909,HeatEntityEvaluator=1.6219040589802705
REMKEL1.txt-696,0,676,676,4,N,N,-,-1,-1,HeatEntityEvaluator=0.04401102375510204
REMKEL1.txt-697,0,1285,1285,10,Y,Y,1.0,0,1285,HeatEntityEvaluator=0.5654888201512247
REMKEL1.txt-698,0,1245,1245,7,N,N,-,-1,-1,HeatEntityEvaluator=0.020937283145631067
REMKEL1.txt-699,0,553,553,1,Y,Y,1.0,0,553,HeatEntityEvaluator=1.8033971875130947
REMKEL1.txt-700,0,549,549,1,N,N,-,-1,-1,HeatEntityEvaluator=0.393110350504878
REMKEL1.txt-701,0,1172,1172,6,Y,Y,1.0,0,1172,HeatEntityEvaluator=0.9749326072922094
REMKEL1.txt-702,0,1034,1034,9,Y,N,-,-1,-1,HeatEntityEvaluator=0.60375590333
REMKEL1.txt-703,0,527,527,3,Y,Y,1.0,0,527,HeatEntityEvaluator=0.869511948961
REMKEL1.txt-704,0,308,308,3,N,N,-,-1,-1,HeatEntityEvaluator=0.21258394751049997
REMKEL1.txt-705,0,953,953,6,Y,Y,1.0,0,953,HeatEntityEvaluator=0.9252068196824323
REMKEL1.txt-706,0,920,920,7,N,N,-,-1,-1,HeatEntityEvaluator=0.35801434971240004
REMKEL1.txt-707,0,573,573,4,Y,Y,1.0,0,573,HeatEntityEvaluator=1.4761332519264287
REMKEL1.txt-708,0,540,540,2,N,N,-,-1,-1,HeatEntityEvaluator=0.14851632201323528
REMKEL1.txt-709,0,1833,1833,11,Y,Y,1.0,0,1833,HeatEntityEvaluator=1.7545134407380147
REMKEL1.txt-710,0,1405,1405,9,N,N,-,-1,-1,HeatEntityEvaluator=0.2869797446631132
REMKEL1.txt-711,0,2384,2384,12,Y,Y,1.0,0,2384,HeatEntityEvaluator=2.2874192020443007
REMKEL1.txt-712,0,1742,1742,12,N,N,-,-1,-1,HeatEntityEvaluator=0.36673833166503933
REMKEL1.txt-713,0,841,841,8,Y,Y,1.0,0,841,HeatEntityEvaluator=1.1643345818078688
REMKEL1.txt-714,0,904,904,6,N,N,-,-1,-1,HeatEntityEvaluator=0.23701085925891893
REMKEL1.txt-715,0,1556,1556,9,Y,Y,1.0,0,1556,HeatEntityEvaluator=0.8910154178393807
REMKEL1.txt-716,0,692,692,3,N,N,-,-1,-1,HeatEntityEvaluator=0.0980377028709804
REMKEL1.txt-717,0,5668,5668,33,Y,Y,1.0,0,5668,HeatEntityEvaluator=1.1143263957104192
GRONOW.txt-718,0,5304,5304,22,N,N,-,-1,-1,HeatEntityEvaluator=0.24960552987772214
REMKEL1.txt-719,0,2042,2042,16,Y,Y,1.0,0,2042,HeatEntityEvaluator=0.7675857835304027
REMKEL1.txt-720,0,2204,2204,15,N,N,-,-1,-1,HeatEntityEvaluator=0.10736011923308643
REMKEL1.txt-721,0,3558,3558,18,N,Y,1.0,0,3558,HeatEntityEvaluator=0.4514511336756372
REMKEL1.txt-722,0,3532,3532,21,N,N,-,-1,-1,HeatEntityEvaluator=0.3559491283504167
REMKEL1.txt-723,0,3445,3445,21,Y,Y,1.0,0,3445,HeatEntityEvaluator=1.680224368093583
GRONOW.txt-724,0,3797,3797,18,N,N,-,-1,-1,HeatEntityEvaluator=0.12708772998086665
REMKEL1.txt-725,0,1183,1183,8,N,Y,1.0,0,1183,HeatEntityEvaluator=0.3608924684622581
REMKEL1.txt-726,0,1317,1317,7,Y,N,-,-1,-1,HeatEntityEvaluator=0.5791869169276137
REMKEL1.txt-727,0,1259,1259,7,Y,Y,1.0,0,1259,HeatEntityEvaluator=0.9024655673888764
REMKEL1.txt-728,0,1355,1355,7,N,N,-,-1,-1,HeatEntityEvaluator=0.42736796858581816
REMKEL2.txt-729,0,190,190,2,N,Y,1.0,0,190,HeatEntityEvaluator=0.3350222365253333
REMKEL1.txt-730,0,539,539,4,N,N,-,-1,-1,HeatEntityEvaluator=0.0
REMKEL2.txt-731,0,761,761,4,Y,Y,1.0,0,761,HeatEntityEvaluator=1.2572187753822033
REMKEL1.txt-732,0,580,580,4,N,N,-,-1,-1,HeatEntityEvaluator=0.21685814825191488
REMKEL2.txt-733,0,288,288,1,Y,Y,1.0,0,288,HeatEntityEvaluator=1.2719189529904347
REMKEL1.txt-734,0,191,191,1,Y,N,-,-1,-1,HeatEntityEvaluator=1.6173061424064705
REMKEL2.txt-735,0,189,189,2,Y,Y,1.0,0,189,HeatEntityEvaluator=1.3722448353826666
REMKEL1.txt-736,0,285,285,2,N,N,-,-1,-1,HeatEntityEvaluator=0.0
REMKEL2.txt-737,0,760,760,5,Y,Y,1.0,0,760,HeatEntityEvaluator=2.4714321552885714
REMKEL1.txt-738,0,529,529,3,N,N,-,-1,-1,HeatEntityEvaluator=0.17780623521512195
REMKEL2.txt-739,0,253,253,3,Y,Y,1.0,0,253,HeatEntityEvaluator=0.9771971488336365
REMKEL1.txt-740,0,477,477,5,N,N,-,-1,-1,HeatEntityEvaluator=0.22134645503729727
REMKEL2.txt-741,0,377,377,2,Y,Y,1.0,0,377,HeatEntityEvaluator=0.7617849915111111
REMKEL1.txt-742,0,394,394,3,N,N,-,-1,-1,HeatEntityEvaluator=0.12225545881575757
REMKEL2.txt-743,0,637,637,5,N,Y,1.0,0,637,HeatEntityEvaluator=0.4079498822067273
REMKEL1.txt-744,0,971,971,7,N,N,-,-1,-1,HeatEntityEvaluator=0.29925403800702705
REMKEL2.txt-745,0,523,523,3,Y,Y,1.0,0,523,HeatEntityEvaluator=1.7864577213852382
REMKEL1.txt-746,0,392,392,3,N,N,-,-1,-1,HeatEntityEvaluator=0.0
REMKEL2.txt-747,0,922,922,6,N,Y,1.0,0,922,HeatEntityEvaluator=0.423427867060845
REMKEL1.txt-748,0,1046,1046,5,N,N,-,-1,-1,HeatEntityEvaluator=0.3124465102950633
REMKEL2.txt-749,0,633,633,4,N,Y,1.0,0,633,HeatEntityEvaluator=0.020344718528301886
REMKEL1.txt-750,0,575,575,4,Y,N,-,-1,-1,HeatEntityEvaluator=0.5856936757038298
REMKEL2.txt-751,0,344,344,2,Y,Y,1.0,0,344,HeatEntityEvaluator=0.5672835325366667
REMKEL2.txt-752,0,188,188,1,N,N,-,-1,-1,HeatEntityEvaluator=0.40827471491923073
REMKEL2.txt-753,0,1021,1021,5,Y,Y,1.0,0,1021,HeatEntityEvaluator=2.460860723367761
REMKEL2.txt-754,0,464,464,3,N,N,-,-1,-1,HeatEntityEvaluator=0.22992840686266666
REMKEL2.txt-755,0,504,504,3,Y,Y,1.0,0,504,HeatEntityEvaluator=0.5234807460741859
REMKEL2.txt-756,0,674,674,5,N,N,-,-1,-1,HeatEntityEvaluator=0.4596610552604166
REMKEL2.txt-757,0,348,348,2,Y,Y,1.0,0,348,HeatEntityEvaluator=1.855272522107586
REMKEL2.txt-758,0,484,484,3,Y,N,-,-1,-1,HeatEntityEvaluator=0.5409578853468751
REMKEL2.txt-759,0,706,706,5,Y,Y,1.0,0,706,HeatEntityEvaluator=0.5677531995409091
REMKEL2.txt-760,0,761,761,2,N,N,-,-1,-1,HeatEntityEvaluator=0.17151000920464288
REMKEL2.txt-761,0,1026,1026,7,Y,Y,1.0,0,1026,HeatEntityEvaluator=1.8791714904851187
REMKEL2.txt-762,0,727,727,5,N,N,-,-1,-1,HeatEntityEvaluator=0.08997793476882354
REMKEL2.txt-763,0,455,455,5,Y,Y,1.0,0,455,HeatEntityEvaluator=0.7193183763037142
REMKEL2.txt-764,0,467,467,3,N,N,-,-1,-1,HeatEntityEvaluator=0.13950853524666668
REMKEL2.txt-765,0,635,635,6,Y,Y,1.0,0,635,HeatEntityEvaluator=1.610966482352692
REMKEL2.txt-766,0,400,400,3,Y,N,-,-1,-1,HeatEntityEvaluator=1.08734815919
REMKEL2.txt-767,0,566,566,4,Y,Y,1.0,0,566,HeatEntityEvaluator=1.0015819335095455
REMKEL2.txt-768,0,529,529,6,Y,N,-,-1,-1,HeatEntityEvaluator=0.8315015334982353
REMKEL2.txt-769,0,388,388,3,Y,Y,1.0,0,388,HeatEntityEvaluator=0.7955753590992857
REMKEL2.txt-770,0,403,403,3,N,N,-,-1,-1,HeatEntityEvaluator=0.41575076674911765
REMKEL2.txt-771,0,226,226,3,Y,Y,1.0,0,226,HeatEntityEvaluator=1.0710494447949999
REMKEL2.txt-772,0,318,318,2,Y,N,-,-1,-1,HeatEntityEvaluator=1.2228884258725
REMKEL2.txt-773,0,525,525,2,Y,Y,1.0,0,525,HeatEntityEvaluator=1.114711174784878
REMKEL2.txt-774,0,374,374,2,Y,N,-,-1,-1,HeatEntityEvaluator=1.0528797622982142
REMKEL2.txt-775,0,540,540,3,Y,Y,1.0,0,540,HeatEntityEvaluator=0.8210912034174359
REMKEL2.txt-776,0,612,612,2,N,N,-,-1,-1,HeatEntityEvaluator=0.35745240688468083
REMKEL2.txt-777,0,558,558,2,Y,Y,1.0,0,558,HeatEntityEvaluator=0.9636968818066666
REMKEL2.txt-778,0,568,568,3,N,N,-,-1,-1,HeatEntityEvaluator=0.4759600681147727
REMKEL2.txt-779,0,345,345,2,N,Y,1.0,0,345,HeatEntityEvaluator=0.40764714762678567
REMKEL2.txt-780,0,282,282,2,N,N,-,-1,-1,HeatEntityEvaluator=0.383027656165
REMKEL2.txt-781,0,448,448,2,N,Y,1.0,0,448,HeatEntityEvaluator=0.4915145996093103
REMKEL2.txt-782,0,395,395,3,N,N,-,-1,-1,HeatEntityEvaluator=0.1759013506776
REMKEL2.txt-783,0,748,748,6,N,Y,1.0,0,748,HeatEntityEvaluator=0.3629971108671186
REMKEL2.txt-784,0,282,282,3,N,N,-,-1,-1,HeatEntityEvaluator=0.23218020387529412
REMKEL2.txt-785,0,691,691,3,Y,Y,1.0,0,691,HeatEntityEvaluator=0.6540577229015095
REMKEL2.txt-786,0,442,442,2,N,N,-,-1,-1,HeatEntityEvaluator=0.4899474612883333
REMKEL2.txt-787,0,310,310,2,N,Y,1.0,0,310,HeatEntityEvaluator=0.5050398003669565
REMKEL2.txt-788,0,610,610,3,Y,N,-,-1,-1,HeatEntityEvaluator=0.7925045153286273
REMKEL2.txt-789,0,147,147,2,Y,Y,1.0,0,147,HeatEntityEvaluator=1.8612704338476922
REMKEL2.txt-790,0,488,488,2,N,N,-,-1,-1,HeatEntityEvaluator=0.27728982690026316
REMKEL2.txt-791,0,175,175,2,Y,Y,1.0,0,175,HeatEntityEvaluator=0.8408041080838461
REMKEL2.txt-792,0,799,799,3,N,N,-,-1,-1,HeatEntityEvaluator=0.3369703378817544
REMKEL2.txt-793,0,546,546,2,Y,Y,1.0,0,546,HeatEntityEvaluator=0.66974625408675
REMKEL2.txt-794,0,458,458,2,Y,N,-,-1,-1,HeatEntityEvaluator=0.6333226886834286
REMKEL2.txt-795,0,936,936,7,Y,Y,1.0,0,936,HeatEntityEvaluator=0.9604293087396
REMKEL2.txt-796,0,631,631,3,N,N,-,-1,-1,HeatEntityEvaluator=0.25173799493140003
REMKEL2.txt-797,0,476,476,2,Y,Y,1.0,0,476,HeatEntityEvaluator=0.6509383742941025
REMKEL2.txt-798,0,530,530,1,Y,N,-,-1,-1,HeatEntityEvaluator=0.8387702379515002
REMKEL2.txt-799,0,695,695,5,N,Y,1.0,0,695,HeatEntityEvaluator=0.37211832711326526
REMKEL2.txt-800,0,787,787,2,N,N,-,-1,-1,HeatEntityEvaluator=0.21261652245727275
REMKEL2.txt-801,0,194,194,2,Y,Y,1.0,0,194,HeatEntityEvaluator=0.5867412729266666
REMKEL2.txt-802,0,262,262,1,N,N,-,-1,-1,HeatEntityEvaluator=0.05675105694736842
REMKEL2.txt-803,0,193,193,1,Y,Y,1.0,0,193,HeatEntityEvaluator=1.462427007776875
REMKEL2.txt-804,0,308,308,2,N,N,-,-1,-1,HeatEntityEvaluator=0.04688130791304348
REMKEL2.txt-805,0,330,330,4,N,Y,1.0,0,330,HeatEntityEvaluator=0.3634357222163636
REMKEL2.txt-806,0,497,497,4,N,N,-,-1,-1,HeatEntityEvaluator=0.08742730394594594
REMKEL2.txt-807,0,1358,1358,6,Y,Y,1.0,0,1358,HeatEntityEvaluator=1.6478964356757841
REMKEL2.txt-808,0,1335,1335,7,N,N,-,-1,-1,HeatEntityEvaluator=0.2942099568199038
REMKEL2.txt-809,0,397,397,3,Y,Y,1.0,0,397,HeatEntityEvaluator=0.7921252357756249
REMKEL2.txt-810,0,201,201,1,N,N,-,-1,-1,HeatEntityEvaluator=0.0
REMKEL2.txt-811,0,792,792,3,Y,Y,1.0,0,792,HeatEntityEvaluator=1.1654327229815256
REMKEL2.txt-812,0,451,451,1,N,N,-,-1,-1,HeatEntityEvaluator=0.0
REMKEL2.txt-813,0,226,226,2,Y,Y,1.0,0,226,HeatEntityEvaluator=0.5792005656672727
REMKEL2.txt-814,0,387,387,1,N,N,-,-1,-1,HeatEntityEvaluator=0.0
REMKEL2.txt-815,0,1334,1334,10,Y,Y,1.0,0,1334,HeatEntityEvaluator=1.1353838515900951
REMKEL2.txt-816,0,779,779,4,N,N,-,-1,-1,HeatEntityEvaluator=0.27308914824148145
REMKEL2.txt-817,0,1431,1431,11,Y,Y,1.0,0,1431,HeatEntityEvaluator=0.7666801565367567
REMKEL2.txt-818,0,862,862,3,N,N,-,-1,-1,HeatEntityEvaluator=0.23095928492793105
REMKEL2.txt-819,0,481,481,2,Y,Y,1.0,0,481,HeatEntityEvaluator=1.1989293271955264
REMKEL2.txt-820,0,603,603,3,N,N,-,-1,-1,HeatEntityEvaluator=0.0
REMKEL2.txt-821,0,175,175,2,Y,Y,1.0,0,175,HeatEntityEvaluator=1.3951879517476924
REMKEL2.txt-822,0,93,93,1,N,N,-,-1,-1,HeatEntityEvaluator=0.0
REMKEL2.txt-823,0,252,252,1,N,Y,1.0,0,252,HeatEntityEvaluator=0.09376261582608696
REMKEL2.txt-824,0,432,432,1,N,N,-,-1,-1,HeatEntityEvaluator=0.03267485096969697
REMKEL2.txt-825,0,311,311,2,Y,Y,1.0,0,311,HeatEntityEvaluator=0.7851203735966665
REMKEL2.txt-826,0,450,450,3,N,N,-,-1,-1,HeatEntityEvaluator=0.0
REOPER.txt-827,0,648,648,2,Y,Y,1.0,0,648,HeatEntityEvaluator=1.0478608567757408
REMKEL2.txt-828,0,844,844,5,N,N,-,-1,-1,HeatEntityEvaluator=0.0
REOPER.txt-829,0,879,879,6,Y,Y,1.0,0,879,HeatEntityEvaluator=1.1609942723904763
REOPER.txt-830,0,605,605,2,Y,N,-,-1,-1,HeatEntityEvaluator=0.755153786156739
REOPER.txt-831,0,1091,1091,7,Y,Y,1.0,0,1091,HeatEntityEvaluator=1.2458448195416867
REOPER.txt-832,0,1039,1039,6,Y,N,-,-1,-1,HeatEntityEvaluator=0.7067713739869879
REOPER.txt-833,0,906,906,4,Y,Y,1.0,0,906,HeatEntityEvaluator=0.8955320421453521
REOPER.txt-834,0,1029,1029,7,N,N,-,-1,-1,HeatEntityEvaluator=0.3809683792029113
REOPER.txt-835,0,833,833,7,Y,Y,1.0,0,833,HeatEntityEvaluator=1.0135970850983607
REOPER.txt-836,0,474,474,2,N,N,-,-1,-1,HeatEntityEvaluator=0.05529590164102564
REOPER.txt-837,0,723,723,5,Y,Y,1.0,0,723,HeatEntityEvaluator=0.8956253475106666
REOPER.txt-838,0,609,609,4,N,N,-,-1,-1,HeatEntityEvaluator=0.27960486010723407
REOPER.txt-839,0,1580,1580,8,Y,Y,1.0,0,1580,HeatEntityEvaluator=0.8597488620509159
REOPER.txt-840,0,2056,2056,9,N,N,-,-1,-1,HeatEntityEvaluator=0.27756809990232256
REOPER.txt-841,0,815,815,5,Y,Y,1.0,0,815,HeatEntityEvaluator=2.169769597214308
REOPER.txt-842,0,687,687,3,N,N,-,-1,-1,HeatEntityEvaluator=0.41877268512439997
REOPER.txt-843,0,490,490,4,Y,Y,1.0,0,490,HeatEntityEvaluator=0.7946131881178048
REOPER.txt-844,0,469,469,2,N,N,-,-1,-1,HeatEntityEvaluator=0.15856062660000003
REOPER.txt-845,0,771,771,6,Y,Y,1.0,0,771,HeatEntityEvaluator=0.7821215805245163
REOPER.txt-846,0,509,509,3,N,N,-,-1,-1,HeatEntityEvaluator=0.08512658542105263
REOPER.txt-847,0,431,431,3,Y,Y,1.0,0,431,HeatEntityEvaluator=1.9793134050797432
REOPER.txt-848,0,232,232,1,Y,N,-,-1,-1,HeatEntityEvaluator=0.9883475602979999
REOPER.txt-849,0,609,609,4,Y,Y,1.0,0,609,HeatEntityEvaluator=1.720589639808125
REOPER.txt-850,0,769,769,4,N,N,-,-1,-1,HeatEntityEvaluator=0.17841111980225807
REOPER.txt-851,0,460,460,4,Y,Y,1.0,0,460,HeatEntityEvaluator=0.8369084358389745
REOPER.txt-852,0,270,270,2,N,N,-,-1,-1,HeatEntityEvaluator=0.164460977745
REOPER.txt-853,0,723,723,4,Y,Y,1.0,0,723,HeatEntityEvaluator=1.0913050902173334
REOPER.txt-854,0,697,697,2,Y,N,-,-1,-1,HeatEntityEvaluator=0.6590809762012766
REOPER.txt-855,0,508,508,4,Y,Y,1.0,0,508,HeatEntityEvaluator=0.5686732886678948
REOPER.txt-856,0,180,180,1,N,N,-,-1,-1,HeatEntityEvaluator=0.31432879040846157
REOPER.txt-857,0,796,796,4,N,Y,1.0,0,796,HeatEntityEvaluator=0.3218557179892308
REOPER.txt-858,0,501,501,1,N,N,-,-1,-1,HeatEntityEvaluator=0.0
REOPER.txt-859,0,758,758,5,Y,Y,1.0,0,758,HeatEntityEvaluator=1.5348814575447542
REOPER.txt-860,0,411,411,2,N,N,-,-1,-1,HeatEntityEvaluator=0.3722469294725926
REOPER.txt-861,0,591,591,5,Y,Y,1.0,0,591,HeatEntityEvaluator=1.945059082019773
REOPER.txt-862,0,899,899,4,N,N,-,-1,-1,HeatEntityEvaluator=0.05980399190727272
REOPER.txt-863,0,945,945,6,N,Y,1.0,0,945,HeatEntityEvaluator=0.4628433877032895
REOPER.txt-864,0,525,525,2,N,N,-,-1,-1,HeatEntityEvaluator=0.1885273680142857
REOPER.txt-865,0,436,436,2,Y,Y,1.0,0,436,HeatEntityEvaluator=0.9629659050399998
REOPER.txt-866,0,320,320,1,N,N,-,-1,-1,HeatEntityEvaluator=0.04147192623076923
REOPER.txt-867,0,1574,1574,8,Y,Y,1.0,0,1574,HeatEntityEvaluator=1.0859629206352421
REOPER.txt-868,0,1403,1403,11,N,N,-,-1,-1,HeatEntityEvaluator=0.4031373637063636
REOPER.txt-869,0,691,691,4,Y,Y,1.0,0,691,HeatEntityEvaluator=1.4331175120025923
REOPER.txt-870,0,280,280,2,N,N,-,-1,-1,HeatEntityEvaluator=0.33587934109
REOPER.txt-871,0,471,471,2,Y,Y,1.0,0,471,HeatEntityEvaluator=1.7806226912472973
REOPER.txt-872,0,387,387,1,N,N,-,-1,-1,HeatEntityEvaluator=0.03718172696551724
REOPER.txt-873,0,2015,2015,15,Y,Y,1.0,0,2015,HeatEntityEvaluator=1.3004073411889379
REOPER.txt-874,0,1789,1789,12,N,N,-,-1,-1,HeatEntityEvaluator=0.35909469931834587
REOPER.txt-875,0,650,650,3,Y,Y,1.0,0,650,HeatEntityEvaluator=1.4233908245511542
REOPER.txt-876,0,238,238,3,N,N,-,-1,-1,HeatEntityEvaluator=0.0
REOPER.txt-877,0,1528,1528,10,Y,Y,1.0,0,1528,HeatEntityEvaluator=1.0175516721032003
REOPER.txt-878,0,283,283,1,N,N,-,-1,-1,HeatEntityEvaluator=0.3759108062742857
REOPER.txt-879,0,1037,1037,6,Y,Y,1.0,0,1037,HeatEntityEvaluator=0.6851367498601251
REOPER.txt-880,0,477,477,2,N,N,-,-1,-1,HeatEntityEvaluator=0.10312325642388889
REOPER.txt-881,0,2310,2310,15,Y,Y,1.0,0,2310,HeatEntityEvaluator=1.2927749931877173
REOPER.txt-882,0,1231,1231,5,N,N,-,-1,-1,HeatEntityEvaluator=0.28017951614336634
REOPER.txt-883,0,1101,1101,8,Y,Y,1.0,0,1101,HeatEntityEvaluator=0.6674614507757778
REOPER.txt-884,0,1882,1882,13,N,N,-,-1,-1,HeatEntityEvaluator=0.2062756440591724
REOPER.txt-885,0,2049,2049,11,Y,Y,1.0,0,2049,HeatEntityEvaluator=1.0900274108102455
REOPER.txt-886,0,1664,1664,12,N,N,-,-1,-1,HeatEntityEvaluator=0.28640207238553844
REOPER.txt-887,0,3621,3621,30,Y,Y,1.0,0,3621,HeatEntityEvaluator=0.8796687643802572
REOPER.txt-888,0,3537,3537,14,N,N,-,-1,-1,HeatEntityEvaluator=0.39401874636172934
THIRTY.txt-889,0,588,588,4,Y,Y,1.0,0,588,HeatEntityEvaluator=0.5924551755614286
THIRTY.txt-890,0,631,631,4,N,N,-,-1,-1,HeatEntityEvaluator=0.3853455726382353
THIRTY.txt-891,0,956,956,5,Y,Y,1.0,0,956,HeatEntityEvaluator=2.3448072010136367
THIRTY.txt-892,0,530,530,4,N,N,-,-1,-1,HeatEntityEvaluator=0.30962630142418607
THIRTY.txt-893,0,470,470,2,Y,Y,1.0,0,470,HeatEntityEvaluator=1.3933266048804447
THIRTY.txt-894,0,330,330,2,N,N,-,-1,-1,HeatEntityEvaluator=0.12339111490535715
THIRTY.txt-895,0,233,233,1,Y,Y,1.0,0,233,HeatEntityEvaluator=3.1894463554275005
THIRTY.txt-896,0,264,264,1,Y,N,-,-1,-1,HeatEntityEvaluator=0.5380795185822222
THIRTY.txt-897,0,863,863,5,Y,Y,1.0,0,863,HeatEntityEvaluator=1.304601772928871
THIRTY.txt-898,0,1038,1038,12,N,N,-,-1,-1,HeatEntityEvaluator=0.25864583207523806
THIRTY.txt-899,0,580,580,4,Y,Y,1.0,0,580,HeatEntityEvaluator=1.9744542543115216
THIRTY.txt-900,0,655,655,5,Y,N,-,-1,-1,HeatEntityEvaluator=0.511501245455614
THIRTY.txt-901,0,1079,1079,7,Y,Y,1.0,0,1079,HeatEntityEvaluator=1.0467001518180234
THIRTY.txt-902,0,719,719,8,N,N,-,-1,-1,HeatEntityEvaluator=0.08375502759333334
THIRTY.txt-903,0,1541,1541,11,Y,Y,1.0,0,1541,HeatEntityEvaluator=0.8116443281593104
GLOVER.txt-904,0,870,870,8,N,N,-,-1,-1,HeatEntityEvaluator=0.2104043660388
THIRTY.txt-905,0,684,684,5,Y,Y,1.0,0,684,HeatEntityEvaluator=1.1160664023435714
THIRTY.txt-906,0,688,688,4,N,N,-,-1,-1,HeatEntityEvaluator=0.3481150267149153
THIRTY.txt-907,0,361,361,2,Y,Y,1.0,0,361,HeatEntityEvaluator=1.2650414257133333
GLOVER.txt-908,0,440,440,4,N,N,-,-1,-1,HeatEntityEvaluator=0.22632686250000003
THIRTY.txt-909,0,375,375,1,N,Y,1.0,0,375,HeatEntityEvaluator=0.47071405656485715
GLOVER.txt-910,0,344,344,2,N,N,-,-1,-1,HeatEntityEvaluator=0.3303886556004348
THIRTY.txt-911,0,728,728,5,Y,Y,1.0,0,728,HeatEntityEvaluator=0.9005083939161016
GLOVER.txt-912,0,611,611,3,N,N,-,-1,-1,HeatEntityEvaluator=0.3374399107562
THIRTY.txt-913,0,436,436,1,Y,Y,1.0,0,436,HeatEntityEvaluator=2.5605669769354544
GLOVER.txt-914,0,562,562,5,N,N,-,-1,-1,HeatEntityEvaluator=0.3820312491038
THIRTY.txt-915,0,580,580,5,Y,Y,1.0,0,580,HeatEntityEvaluator=0.7131136827133332
GLOVER.txt-916,0,522,522,2,N,N,-,-1,-1,HeatEntityEvaluator=0.44553106665825004
THIRTY.txt-917,0,1105,1105,7,Y,Y,1.0,0,1105,HeatEntityEvaluator=0.6050579428184338
GLOVER.txt-918,0,832,832,4,N,N,-,-1,-1,HeatEntityEvaluator=0.27944841435015877
THIRTY.txt-919,0,929,929,4,Y,Y,1.0,0,929,HeatEntityEvaluator=1.0247818371900002
GLOVER.txt-920,0,476,476,2,N,N,-,-1,-1,HeatEntityEvaluator=0.0
THIRTY.txt-921,0,646,646,3,Y,Y,1.0,0,646,HeatEntityEvaluator=0.6660040503533898
GLOVER.txt-922,0,540,540,4,N,N,-,-1,-1,HeatEntityEvaluator=0.29601477706249996
THIRTY.txt-923,0,387,387,1,Y,Y,1.0,0,387,HeatEntityEvaluator=2.1742989812526923
GLOVER.txt-924,0,255,255,2,N,N,-,-1,-1,HeatEntityEvaluator=0.0
THIRTY.txt-925,0,446,446,4,Y,Y,1.0,0,446,HeatEntityEvaluator=0.8503194845916666
GLOVER.txt-926,0,605,605,5,N,N,-,-1,-1,HeatEntityEvaluator=0.24799095018466666
THIRTY.txt-927,0,654,654,3,Y,Y,1.0,0,654,HeatEntityEvaluator=2.1186526348255104
TWOMEN.txt-928,0,519,519,8,Y,N,-,-1,-1,HeatEntityEvaluator=0.5350434440155815
THIRTY.txt-929,0,397,397,2,Y,Y,1.0,0,397,HeatEntityEvaluator=1.3343793209232258
TWOMEN.txt-930,0,447,447,3,N,N,-,-1,-1,HeatEntityEvaluator=0.1293407709534375
THIRTY.txt-931,0,1034,1034,6,Y,Y,1.0,0,1034,HeatEntityEvaluator=1.6592889080492685
TWOMEN.txt-932,0,673,673,4,Y,N,-,-1,-1,HeatEntityEvaluator=0.7169785837512
THIRTY.txt-933,0,585,585,3,Y,Y,1.0,0,585,HeatEntityEvaluator=1.268211222544717
TWOMEN.txt-934,0,658,658,4,Y,N,-,-1,-1,HeatEntityEvaluator=1.1671976714891308
THIRTY.txt-935,0,413,413,2,Y,Y,1.0,0,413,HeatEntityEvaluator=2.5429915793306668
WESLEY.txt-936,0,319,319,2,N,N,-,-1,-1,HeatEntityEvaluator=0.26647488901
THIRTY.txt-937,0,1177,1177,5,Y,Y,1.0,0,1177,HeatEntityEvaluator=1.0661123283144704
WESLEY.txt-938,0,754,754,2,N,N,-,-1,-1,HeatEntityEvaluator=0.08411932665055556
THIRTY.txt-939,0,2843,2843,19,Y,Y,1.0,0,2843,HeatEntityEvaluator=1.0079814150124882
WESLEY.txt-940,0,1342,1342,10,N,N,-,-1,-1,HeatEntityEvaluator=0.2866107716116667
THIRTY.txt-941,0,481,481,4,Y,Y,1.0,0,481,HeatEntityEvaluator=1.2404276159355814
WESLEY.txt-942,0,353,353,4,N,N,-,-1,-1,HeatEntityEvaluator=0.0
THIRTY.txt-943,0,439,439,3,Y,Y,1.0,0,439,HeatEntityEvaluator=1.309970534434
WESLEY.txt-944,0,505,505,6,N,N,-,-1,-1,HeatEntityEvaluator=0.3653326778875
THIRTY.txt-945,0,575,575,3,Y,Y,1.0,0,575,HeatEntityEvaluator=1.1845563370320835
WESLEY.txt-946,0,625,625,9,N,N,-,-1,-1,HeatEntityEvaluator=0.33371124341659575
THIRTY.txt-947,0,929,929,6,Y,Y,1.0,0,929,HeatEntityEvaluator=1.4483612161661248
WESLEY.txt-948,0,526,526,4,N,N,-,-1,-1,HeatEntityEvaluator=0.03171382594117647
THIRTY.txt-949,0,769,769,5,Y,Y,1.0,0,769,HeatEntityEvaluator=0.9871606606445454
WESLEY.txt-950,0,469,469,3,N,N,-,-1,-1,HeatEntityEvaluator=0.0336959400625
THIRTY.txt-951,0,1285,1285,8,Y,Y,1.0,0,1285,HeatEntityEvaluator=1.4693875482960714
WESLEY.txt-952,0,1739,1739,11,N,N,-,-1,-1,HeatEntityEvaluator=0.10263326835558333
THIRTY.txt-953,0,959,959,6,Y,Y,1.0,0,959,HeatEntityEvaluator=1.1219805047560814
WESLEY.txt-954,0,333,333,1,N,N,-,-1,-1,HeatEntityEvaluator=0.04688130791304348
THIRTY.txt-955,0,534,534,4,Y,Y,1.0,0,534,HeatEntityEvaluator=0.944764255101915
WESLEY.txt-956,0,439,439,2,N,N,-,-1,-1,HeatEntityEvaluator=0.0
THIRTY.txt-957,0,442,442,4,Y,Y,1.0,0,442,HeatEntityEvaluator=1.1607571930781577
WESLEY.txt-958,0,359,359,1,N,N,-,-1,-1,HeatEntityEvaluator=0.0
THIRTY.txt-959,0,546,546,3,Y,Y,1.0,0,546,HeatEntityEvaluator=1.8838889887997918
WESLEY.txt-960,0,750,750,4,N,N,-,-1,-1,HeatEntityEvaluator=0.2364637537525
THIRTY.txt-961,0,1611,1611,11,Y,Y,1.0,0,1611,HeatEntityEvaluator=1.2206277574087827
WESLEY.txt-962,0,629,629,4,N,N,-,-1,-1,HeatEntityEvaluator=0.12984532679404256
THIRTY.txt-963,0,2153,2153,15,Y,Y,1.0,0,2153,HeatEntityEvaluator=0.6925427341063095
WESLEY.txt-964,0,2059,2059,12,N,N,-,-1,-1,HeatEntityEvaluator=0.3240087338685162
THIRTY.txt-965,0,1013,1013,7,Y,Y,1.0,0,1013,HeatEntityEvaluator=0.9741793731937038
WESLEY.txt-966,0,1234,1234,10,N,N,-,-1,-1,HeatEntityEvaluator=0.15122079476777778
THIRTY.txt-967,0,654,654,4,Y,Y,1.0,0,654,HeatEntityEvaluator=1.6163651065440388
WESLEY.txt-968,0,499,499,3,N,N,-,-1,-1,HeatEntityEvaluator=0.0
THIRTY.txt-969,0,380,380,5,Y,Y,1.0,0,380,HeatEntityEvaluator=0.7243915025453845
WESLEY.txt-970,0,359,359,4,N,N,-,-1,-1,HeatEntityEvaluator=0.18864860205923076
THIRTY.txt-971,0,1132,1132,7,Y,Y,1.0,0,1132,HeatEntityEvaluator=0.8119967447852176
WESLEY.txt-972,0,1096,1096,10,N,N,-,-1,-1,HeatEntityEvaluator=0.448554102774066
THIRTY.txt-973,0,1046,1046,8,Y,Y,1.0,0,1046,HeatEntityEvaluator=1.8276007329544584
WESLEY.txt-974,0,767,767,8,N,N,-,-1,-1,HeatEntityEvaluator=0.01996796448148148
THIRTY.txt-975,0,855,855,7,Y,Y,1.0,0,855,HeatEntityEvaluator=0.8637365646459091
WESLEY.txt-976,0,1406,1406,12,N,N,-,-1,-1,HeatEntityEvaluator=0.011231980020833332
THIRTY.txt-977,0,2357,2357,13,Y,Y,1.0,0,2357,HeatEntityEvaluator=1.943813831262728
WESLEY.txt-978,0,740,740,7,N,N,-,-1,-1,HeatEntityEvaluator=0.21343442703189658
THIRTY.txt-979,0,749,749,5,Y,Y,1.0,0,749,HeatEntityEvaluator=1.4136538588945162
WESLEY.txt-980,0,399,399,3,N,N,-,-1,-1,HeatEntityEvaluator=0.1634021985175
TWOMEN.txt-981,0,307,307,3,N,Y,1.0,0,307,HeatEntityEvaluator=0.371978090682
WESLEY.txt-982,0,114,114,1,N,N,-,-1,-1,HeatEntityEvaluator=0.0
TWOMEN.txt-983,0,361,361,5,Y,Y,1.0,0,361,HeatEntityEvaluator=0.8973934531406896
WESLEY.txt-984,0,352,352,6,N,N,-,-1,-1,HeatEntityEvaluator=0.1352294056696552
TWOMEN.txt-985,0,366,366,3,Y,Y,1.0,0,366,HeatEntityEvaluator=1.0344745602244827
WESLEY.txt-986,0,305,305,3,N,N,-,-1,-1,HeatEntityEvaluator=0.0
WESLEY.txt-987,0,2412,2412,29,N,Y,1.0,0,2412,HeatEntityEvaluator=0.4342808805841012
WESLEY.txt-988,0,1605,1605,16,N,N,-,-1,-1,HeatEntityEvaluator=0.10748555916527558
WESLEY.txt-989,0,981,981,6,Y,Y,1.0,0,981,HeatEntityEvaluator=0.5167151585822077
WESLEY.txt-990,0,516,516,4,N,N,-,-1,-1,HeatEntityEvaluator=0.0
WESLEY.txt-991,0,507,507,3,Y,Y,1.0,0,507,HeatEntityEvaluator=0.7173003677980555
WESLEY.txt-992,0,649,649,6,N,N,-,-1,-1,HeatEntityEvaluator=0.04147192623076923
WESLEY.txt-993,0,417,417,4,Y,Y,1.0,0,417,HeatEntityEvaluator=0.8548364590990908
WESLEY.txt-994,0,794,794,14,N,N,-,-1,-1,HeatEntityEvaluator=0.017676558721311474
WESLEY.txt-995,0,624,624,10,N,Y,1.0,0,624,HeatEntityEvaluator=0.3585281176492857
WESLEY.txt-996,0,364,364,4,N,N,-,-1,-1,HeatEntityEvaluator=0.035942336066666664
WESLEY.txt-997,0,249,249,3,Y,Y,1.0,0,249,HeatEntityEvaluator=1.165257412976111
WESLEY.txt-998,0,175,175,3,N,N,-,-1,-1,HeatEntityEvaluator=0.0
WESLEY.txt-999,0,2507,2507,22,N,Y,1.0,0,2507,HeatEntityEvaluator=0.07868852870802197
WESLEY.txt-1000,0,2550,2550,27,N,N,-,-1,-1,HeatEntityEvaluator=0.1076830497508427
