GLOVER.txt-1,0,1089,1089,4,Y,Y,1.0,0,1089,HeatEvaluator=0.6010879169380281
GLOVER.txt-2,0,912,912,2,N,N,-,-1,-1,HeatEvaluator=0.5012633951805172
GLOVER.txt-3,0,1923,1923,9,Y,Y,1.0,0,1923,HeatEvaluator=0.5297181842758621
GLOVER.txt-4,0,1530,1530,15,N,N,-,-1,-1,HeatEvaluator=0.28733984678418606
GLOVER.txt-5,0,1263,1263,8,Y,Y,1.0,0,1263,HeatEvaluator=0.9354687672123637
GLOVER.txt-6,0,721,721,6,N,N,-,-1,-1,HeatEvaluator=0.41546586373038463
GLOVER.txt-7,0,767,767,5,Y,Y,1.0,0,767,HeatEvaluator=0.7753273896407692
GLOVER.txt-8,0,949,949,3,N,N,-,-1,-1,HeatEvaluator=0.08550117551633334
GRONOW.txt-9,0,1099,1099,4,N,Y,1.0,0,1099,HeatEvaluator=0.43167336539253015
GRONOW.txt-10,0,832,832,5,N,N,-,-1,-1,HeatEvaluator=0.20761776946907692
GRONOW.txt-11,0,899,899,4,Y,Y,1.0,0,899,HeatEvaluator=1.0263782408469013
GRONOW.txt-12,0,906,906,4,N,N,-,-1,-1,HeatEvaluator=0.0
GRONOW.txt-13,0,1025,1025,6,Y,Y,1.0,0,1025,HeatEvaluator=0.9090514916804939
GRONOW.txt-14,0,1128,1128,9,N,N,-,-1,-1,HeatEvaluator=0.0
MASONB.txt-15,0,83,83,1,Y,Y,1.0,0,83,HeatEvaluator=1.7506145331333334
MASONB.txt-16,0,122,122,1,N,N,-,-1,-1,HeatEvaluator=0.0
MASONB.txt-17,0,225,225,2,N,Y,1.0,0,225,HeatEvaluator=0.24394291809
MASONB.txt-18,0,245,245,2,N,N,-,-1,-1,HeatEvaluator=0.33260456986826087
MASONB.txt-19,0,148,148,1,N,Y,1.0,0,148,HeatEvaluator=0.3733196176563636
MASONB.txt-20,0,218,218,1,N,N,-,-1,-1,HeatEvaluator=0.0
MASONB.txt-21,0,125,125,1,Y,Y,1.0,0,125,HeatEvaluator=1.55643306057125
MASONB.txt-22,0,192,192,1,Y,N,-,-1,-1,HeatEvaluator=0.684888130031875
MASONB.txt-23,0,434,434,4,Y,Y,1.0,0,434,HeatEvaluator=1.200258262968788
MASONB.txt-24,0,290,290,1,Y,N,-,-1,-1,HeatEvaluator=0.7601282140122727
MASONB.txt-25,0,1171,1171,9,Y,Y,1.0,0,1171,HeatEvaluator=1.7946549821570212
MASONB.txt-26,0,1016,1016,8,N,N,-,-1,-1,HeatEvaluator=0.1236267608555263
MASONB.txt-27,0,88,88,1,Y,Y,1.0,0,88,HeatEvaluator=0.5575838127771429
MASONB.txt-28,0,164,164,2,Y,N,-,-1,-1,HeatEvaluator=0.9078058127681818
MASONB.txt-29,0,710,710,4,Y,Y,1.0,0,710,HeatEvaluator=2.032718410480357
MASONB.txt-30,0,499,499,5,Y,N,-,-1,-1,HeatEvaluator=1.0598588545816217
MASONB.txt-31,0,133,133,1,N,Y,1.0,0,133,HeatEvaluator=0.45066244575222225
MASONB.txt-32,0,205,205,3,N,N,-,-1,-1,HeatEvaluator=0.0
MASONB.txt-33,0,622,622,5,Y,Y,1.0,0,622,HeatEvaluator=1.450024371715769
MASONB.txt-34,0,530,530,4,N,N,-,-1,-1,HeatEvaluator=0.29873586319
MASONB.txt-35,0,744,744,6,Y,Y,1.0,0,744,HeatEvaluator=0.8606426982071186
MASONB.txt-36,0,489,489,2,Y,N,-,-1,-1,HeatEvaluator=1.1898548906400002
MASONB.txt-37,0,197,197,2,Y,Y,1.0,0,197,HeatEvaluator=1.6664481836753333
MASONB.txt-38,0,380,380,2,Y,N,-,-1,-1,HeatEvaluator=0.5464217933550001
MASONB.txt-39,0,450,450,3,Y,Y,1.0,0,450,HeatEvaluator=0.919136305771579
MASONB.txt-40,0,454,454,2,Y,N,-,-1,-1,HeatEvaluator=1.2229301081602633
MASONB.txt-41,0,775,775,5,Y,Y,1.0,0,775,HeatEvaluator=0.8969149688004999
MASONB.txt-42,0,775,775,7,N,N,-,-1,-1,HeatEvaluator=0.15350048061614033
MASONB.txt-43,0,627,627,2,Y,Y,1.0,0,627,HeatEvaluator=0.6400869563968182
MASONB.txt-44,0,504,504,3,N,N,-,-1,-1,HeatEvaluator=0.09757716723599999
MASONB.txt-45,0,1039,1039,7,Y,Y,1.0,0,1039,HeatEvaluator=1.6012906075596105
MASONB.txt-46,0,808,808,9,N,N,-,-1,-1,HeatEvaluator=0.24990111312190474
MASONB.txt-47,0,175,175,1,Y,Y,1.0,0,175,HeatEvaluator=1.089679953148
MASONB.txt-48,0,459,459,2,Y,N,-,-1,-1,HeatEvaluator=1.2229301081602633
MASONB.txt-49,0,173,173,2,Y,Y,1.0,0,173,HeatEvaluator=1.2243237611400002
MASONB.txt-50,0,202,202,2,Y,N,-,-1,-1,HeatEvaluator=0.9827346997935296
MASONB.txt-51,0,264,264,2,Y,Y,1.0,0,264,HeatEvaluator=1.4474142155216667
MASONB.txt-52,0,304,304,4,N,N,-,-1,-1,HeatEvaluator=0.48670483862384617
MASONB.txt-53,0,514,514,4,Y,Y,1.0,0,514,HeatEvaluator=1.1358804687411905
MASONB.txt-54,0,272,272,2,Y,N,-,-1,-1,HeatEvaluator=0.8270592814942856
MASONB.txt-55,0,328,328,1,Y,Y,1.0,0,328,HeatEvaluator=0.87488055633
MASONB.txt-56,0,250,250,3,N,N,-,-1,-1,HeatEvaluator=0.0
MASONB.txt-57,0,1097,1097,7,Y,Y,1.0,0,1097,HeatEvaluator=1.302218790059222
MASONB.txt-58,0,928,928,4,Y,N,-,-1,-1,HeatEvaluator=0.7350823914616456
MASONB.txt-59,0,101,101,1,N,Y,1.0,0,101,HeatEvaluator=0.0
MASONB.txt-60,0,188,188,1,N,N,-,-1,-1,HeatEvaluator=0.4915592895013334
MASONB.txt-61,0,499,499,3,Y,Y,1.0,0,499,HeatEvaluator=1.4997915674528572
MASONB.txt-62,0,540,540,5,N,N,-,-1,-1,HeatEvaluator=0.2124973640825
MASONB.txt-63,0,238,238,2,Y,Y,1.0,0,238,HeatEvaluator=1.3809688725706666
MASONB.txt-64,0,228,228,1,N,N,-,-1,-1,HeatEvaluator=0.0
MASONB.txt-65,0,1012,1012,6,Y,Y,1.0,0,1012,HeatEvaluator=1.8686191522467124
MASONB.txt-66,0,889,889,6,Y,N,-,-1,-1,HeatEvaluator=0.8031427598070493
MASONB.txt-67,0,673,673,4,Y,Y,1.0,0,673,HeatEvaluator=1.1778580777248147
MASONB.txt-68,0,532,532,3,N,N,-,-1,-1,HeatEvaluator=0.10893479901166667
MASONB.txt-69,0,1231,1231,7,Y,Y,1.0,0,1231,HeatEvaluator=0.8195497922145454
MASONB.txt-70,0,1264,1264,15,N,N,-,-1,-1,HeatEvaluator=0.2638207868440909
MASONB.txt-71,0,522,522,3,Y,Y,1.0,0,522,HeatEvaluator=1.707974653571282
MASONB.txt-72,0,796,796,4,N,N,-,-1,-1,HeatEvaluator=0.0
MASONB.txt-73,0,96,96,1,Y,Y,1.0,0,96,HeatEvaluator=1.3677413011975
MASONB.txt-74,0,143,143,1,N,N,-,-1,-1,HeatEvaluator=0.0
MASONB.txt-75,0,825,825,7,Y,Y,1.0,0,825,HeatEvaluator=1.0141372293015385
MASONB.txt-76,0,849,849,5,N,N,-,-1,-1,HeatEvaluator=0.24311483143807017
MASONB.txt-77,0,230,230,2,Y,Y,1.0,0,230,HeatEvaluator=2.0217646314827777
MASONB.txt-78,0,345,345,2,N,N,-,-1,-1,HeatEvaluator=0.0
MASONB.txt-79,0,1168,1168,5,Y,Y,1.0,0,1168,HeatEvaluator=0.8914003136106593
MASONB.txt-80,0,967,967,5,Y,N,-,-1,-1,HeatEvaluator=0.5179870283498649
MASONB.txt-81,0,601,601,2,Y,Y,1.0,0,601,HeatEvaluator=1.2789745821909804
MASONB.txt-82,0,500,500,3,N,N,-,-1,-1,HeatEvaluator=0.5068894234121621
MASONB.txt-83,0,669,669,4,Y,Y,1.0,0,669,HeatEvaluator=0.5946891036911764
MASONB.txt-84,0,633,633,5,N,N,-,-1,-1,HeatEvaluator=0.1579711037023404
MASONB.txt-85,0,920,920,7,Y,Y,1.0,0,920,HeatEvaluator=1.4465090979460293
MASONB.txt-86,0,869,869,2,N,N,-,-1,-1,HeatEvaluator=0.4957450780185715
MASONB.txt-87,0,311,311,3,Y,Y,1.0,0,311,HeatEvaluator=1.3757242055816665
MASONB.txt-88,0,461,461,1,Y,N,-,-1,-1,HeatEvaluator=0.5836725670197436
MASONB.txt-89,0,164,164,1,Y,Y,1.0,0,164,HeatEvaluator=1.4206961037284616
MASONB.txt-90,0,118,118,1,N,N,-,-1,-1,HeatEvaluator=0.0
MASONB.txt-91,0,236,236,1,Y,Y,1.0,0,236,HeatEvaluator=0.9887606184406666
MASONB.txt-92,0,301,301,2,N,N,-,-1,-1,HeatEvaluator=0.5058631985470833
MASONB.txt-93,0,846,846,5,Y,Y,1.0,0,846,HeatEvaluator=1.5431222505940843
MASONB.txt-94,0,1065,1065,6,Y,N,-,-1,-1,HeatEvaluator=0.6529327266064557
MASONB.txt-95,0,917,917,6,Y,Y,1.0,0,917,HeatEvaluator=1.4553821520120545
MASONB.txt-96,0,832,832,6,N,N,-,-1,-1,HeatEvaluator=0.39707474197707693
MASONB.txt-97,0,354,354,2,Y,Y,1.0,0,354,HeatEvaluator=1.33149176045
MASONB.txt-98,0,199,199,1,N,N,-,-1,-1,HeatEvaluator=0.368300709738421
MASONB.txt-99,0,370,370,3,N,Y,1.0,0,370,HeatEvaluator=0.50040600612375
MASONB.txt-100,0,452,452,2,N,N,-,-1,-1,HeatEvaluator=0.259424029854
MASONB.txt-101,0,579,579,4,Y,Y,1.0,0,579,HeatEvaluator=1.0116899377961999
MASONB.txt-102,0,634,634,5,N,N,-,-1,-1,HeatEvaluator=0.37416272203911105
MASONB.txt-103,0,376,376,3,Y,Y,1.0,0,376,HeatEvaluator=1.0569007501384848
MASONB.txt-104,0,296,296,1,N,N,-,-1,-1,HeatEvaluator=0.4918199542831818
MASONB.txt-105,0,629,629,5,N,Y,1.0,0,629,HeatEvaluator=0.37416272203911105
MASONB.txt-106,0,506,506,4,N,N,-,-1,-1,HeatEvaluator=0.13462775660864865
MASONB.txt-107,0,1347,1347,11,Y,Y,1.0,0,1347,HeatEvaluator=1.6728530742165766
MASONB.txt-108,0,1103,1103,6,N,N,-,-1,-1,HeatEvaluator=0.1234896633632184
MASONB.txt-109,0,1298,1298,8,Y,Y,1.0,0,1298,HeatEvaluator=0.7818111720189523
MASONB.txt-110,0,1016,1016,6,N,N,-,-1,-1,HeatEvaluator=0.27761678154253516
MASONB.txt-111,0,290,290,2,Y,Y,1.0,0,290,HeatEvaluator=0.6186177844626923
MASONB.txt-112,0,97,97,1,N,N,-,-1,-1,HeatEvaluator=0.48661356432375
MASONB.txt-113,0,305,305,2,Y,Y,1.0,0,305,HeatEvaluator=0.7019718139404347
MASONB.txt-114,0,283,283,2,N,N,-,-1,-1,HeatEvaluator=0.0
MASONB.txt-115,0,873,873,5,Y,Y,1.0,0,873,HeatEvaluator=1.5161339598992305
MASONB.txt-116,0,726,726,7,Y,N,-,-1,-1,HeatEvaluator=0.6417851782607844
MASONB.txt-117,0,1306,1306,7,Y,Y,1.0,0,1306,HeatEvaluator=0.5614895597016347
MASONB.txt-118,0,1208,1208,10,N,N,-,-1,-1,HeatEvaluator=0.08831216761763441
MASONB.txt-119,0,1570,1570,10,Y,Y,1.0,0,1570,HeatEvaluator=1.2912099324408108
MASONB.txt-120,0,1184,1184,5,N,N,-,-1,-1,HeatEvaluator=0.21958617122967392
MASONB.txt-121,0,705,705,4,Y,Y,1.0,0,705,HeatEvaluator=0.8987983368121053
MASONB.txt-122,0,570,570,6,N,N,-,-1,-1,HeatEvaluator=0.0
MASONB.txt-123,0,391,391,3,Y,Y,1.0,0,391,HeatEvaluator=1.2036103007303334
MASONB.txt-124,0,241,241,2,N,N,-,-1,-1,HeatEvaluator=0.18878927730099998
MASONB.txt-125,0,1073,1073,8,Y,Y,1.0,0,1073,HeatEvaluator=0.85902823911225
MASONB.txt-126,0,563,563,3,N,N,-,-1,-1,HeatEvaluator=0.14342854174380953
MASONB.txt-127,0,262,262,2,N,Y,1.0,0,262,HeatEvaluator=0.0
GRONOW.txt-128,0,218,218,1,N,N,-,-1,-1,HeatEvaluator=0.0
MASONB.txt-129,0,319,319,4,Y,Y,1.0,0,319,HeatEvaluator=0.9761804183696154
MASONB.txt-130,0,403,403,2,N,N,-,-1,-1,HeatEvaluator=0.11096328199433333
MASONB.txt-131,0,111,111,1,Y,Y,1.0,0,111,HeatEvaluator=1.3192122769009091
MASONB.txt-132,0,139,139,1,N,N,-,-1,-1,HeatEvaluator=0.3026271327118182
MASONB.txt-133,0,298,298,2,Y,Y,1.0,0,298,HeatEvaluator=0.9713768832899999
MASONB.txt-134,0,190,190,3,N,N,-,-1,-1,HeatEvaluator=0.0
MASONB.txt-135,0,460,460,4,Y,Y,1.0,0,460,HeatEvaluator=1.223853579116
MASONB.txt-136,0,491,491,7,N,N,-,-1,-1,HeatEvaluator=0.0
MASONB.txt-137,0,1746,1746,12,Y,Y,1.0,0,1746,HeatEvaluator=1.602761986585474
GRONOW.txt-138,0,1937,1937,10,N,N,-,-1,-1,HeatEvaluator=0.02279485454869281
MASONB.txt-139,0,243,243,2,Y,Y,1.0,0,243,HeatEvaluator=1.050613411039524
MASONB.txt-140,0,273,273,3,N,N,-,-1,-1,HeatEvaluator=0.17539071554150001
MASONB.txt-141,0,1650,1650,14,Y,Y,1.0,0,1650,HeatEvaluator=0.8728072748828571
GRONOW.txt-142,0,1349,1349,7,N,N,-,-1,-1,HeatEvaluator=0.07113540905961538
MASONB.txt-143,0,1237,1237,9,Y,Y,1.0,0,1237,HeatEvaluator=1.128962276421386
MASONB.txt-144,0,1020,1020,10,N,N,-,-1,-1,HeatEvaluator=0.12569934266620253
MASONB.txt-145,0,120,120,1,Y,Y,1.0,0,120,HeatEvaluator=1.6512966022636364
MASONB.txt-146,0,142,142,1,N,N,-,-1,-1,HeatEvaluator=0.0
MASONB.txt-147,0,1123,1123,8,Y,Y,1.0,0,1123,HeatEvaluator=1.419986801517111
MASONB.txt-148,0,552,552,2,N,N,-,-1,-1,HeatEvaluator=0.0980413191105
MASONB.txt-149,0,268,268,2,Y,Y,1.0,0,268,HeatEvaluator=1.0439653603417391
MASONB.txt-150,0,492,492,3,N,N,-,-1,-1,HeatEvaluator=0.20903892182242426
MASONB.txt-151,0,804,804,5,Y,Y,1.0,0,804,HeatEvaluator=1.36302777982082
MASONB.txt-152,0,919,919,6,N,N,-,-1,-1,HeatEvaluator=0.1745132613214706
MASONB.txt-153,0,2158,2158,13,Y,Y,1.0,0,2158,HeatEvaluator=1.3579606053174995
GRONOW.txt-154,0,1900,1900,6,N,N,-,-1,-1,HeatEvaluator=0.07924442333034722
MASONB.txt-155,0,303,303,1,Y,Y,1.0,0,303,HeatEvaluator=0.8716929847204167
GRONOW.txt-156,0,647,647,4,N,N,-,-1,-1,HeatEvaluator=0.15120950021163265
MASONB.txt-157,0,732,732,4,Y,Y,1.0,0,732,HeatEvaluator=0.9823329039240002
GRONOW.txt-158,0,865,865,5,N,N,-,-1,-1,HeatEvaluator=0.0
MASONB.txt-159,0,225,225,1,N,Y,1.0,0,225,HeatEvaluator=0.0
GRONOW.txt-160,0,284,284,1,N,N,-,-1,-1,HeatEvaluator=0.0
MASONB.txt-161,0,201,201,1,Y,Y,1.0,0,201,HeatEvaluator=0.7855883003823529
GRONOW.txt-162,0,214,214,1,N,N,-,-1,-1,HeatEvaluator=0.0
MASONB.txt-163,0,1207,1207,12,Y,Y,1.0,0,1207,HeatEvaluator=1.944525438569175
GRONOW.txt-164,0,1043,1043,5,N,N,-,-1,-1,HeatEvaluator=0.05767159074973333
MASONB.txt-165,0,437,437,4,Y,Y,1.0,0,437,HeatEvaluator=1.5104912640180646
GRONOW.txt-166,0,409,409,1,N,N,-,-1,-1,HeatEvaluator=0.0
MASONB.txt-167,0,281,281,3,Y,Y,1.0,0,281,HeatEvaluator=0.8165417933380952
GRONOW.txt-168,0,333,333,1,N,N,-,-1,-1,HeatEvaluator=0.17051775119
MASONB.txt-169,0,140,140,2,N,Y,1.0,0,140,HeatEvaluator=0.0
GRONOW.txt-170,0,232,232,2,N,N,-,-1,-1,HeatEvaluator=0.0
MASONB.txt-171,0,165,165,2,N,Y,1.0,0,165,HeatEvaluator=0.312699376325
GRONOW.txt-172,0,145,145,1,N,N,-,-1,-1,HeatEvaluator=0.0
MASONB.txt-173,0,354,354,1,Y,Y,1.0,0,354,HeatEvaluator=0.6999648277591666
GRONOW.txt-174,0,379,379,1,N,N,-,-1,-1,HeatEvaluator=0.111535952394
MASONB.txt-175,0,2949,2949,20,Y,Y,1.0,0,2949,HeatEvaluator=1.1535309180719193
GRONOW.txt-176,0,2918,2918,22,N,N,-,-1,-1,HeatEvaluator=0.10850807397414634
MASONB.txt-177,0,3413,3413,22,Y,Y,1.0,0,3413,HeatEvaluator=1.4246559694302263
GRONOW.txt-178,0,1901,1901,13,N,N,-,-1,-1,HeatEvaluator=0.07883369157695036
MASONB.txt-179,0,75,75,1,Y,Y,1.0,0,75,HeatEvaluator=1.79537604241
GRONOW.txt-180,0,138,138,1,N,N,-,-1,-1,HeatEvaluator=0.0
MASONB.txt-181,0,674,674,5,Y,Y,1.0,0,674,HeatEvaluator=2.2702093846530773
GRONOW.txt-182,0,778,778,7,N,N,-,-1,-1,HeatEvaluator=0.058235159130158726
MASONB.txt-183,0,334,334,2,Y,Y,1.0,0,334,HeatEvaluator=1.8556338983962501
GRONOW.txt-184,0,214,214,2,N,N,-,-1,-1,HeatEvaluator=0.0
MASONB.txt-185,0,153,153,1,N,Y,1.0,0,153,HeatEvaluator=0.0
GRONOW.txt-186,0,159,159,1,N,N,-,-1,-1,HeatEvaluator=0.0
MASONB.txt-187,0,271,271,3,Y,Y,1.0,0,271,HeatEvaluator=1.1285960206171428
GRONOW.txt-188,0,338,338,3,N,N,-,-1,-1,HeatEvaluator=0.0
MASONB.txt-189,0,583,583,5,Y,Y,1.0,0,583,HeatEvaluator=1.2868642778511903
GRONOW.txt-190,0,709,709,4,N,N,-,-1,-1,HeatEvaluator=0.07269725388018868
MASONB.txt-191,0,1986,1986,11,Y,Y,1.0,0,1986,HeatEvaluator=1.5235410613727025
GRONOW.txt-192,0,2255,2255,14,N,N,-,-1,-1,HeatEvaluator=0.13926649862352272
MASONB.txt-193,0,2164,2164,15,Y,Y,1.0,0,2164,HeatEvaluator=1.0426735616181435
GRONOW.txt-194,0,2101,2101,14,N,N,-,-1,-1,HeatEvaluator=0.25012927195654977
MASONB.txt-195,0,541,541,2,Y,Y,1.0,0,541,HeatEvaluator=1.06776031693
GRONOW.txt-196,0,596,596,3,N,N,-,-1,-1,HeatEvaluator=0.3121675712545
MASONB.txt-197,0,339,339,3,Y,Y,1.0,0,339,HeatEvaluator=1.2976867916995654
GRONOW.txt-198,0,286,286,2,N,N,-,-1,-1,HeatEvaluator=0.0
MASONB.txt-199,0,904,904,6,Y,Y,1.0,0,904,HeatEvaluator=2.0496649397591775
GRONOW.txt-200,0,958,958,6,N,N,-,-1,-1,HeatEvaluator=0.04735577704733333
MASONB.txt-201,0,308,308,2,Y,Y,1.0,0,308,HeatEvaluator=1.5329996323588
GRONOW.txt-202,0,817,817,5,N,N,-,-1,-1,HeatEvaluator=0.11660519841827587
MASONB.txt-203,0,2054,2054,13,Y,Y,1.0,0,2054,HeatEvaluator=1.1556154215664969
GRONOW.txt-204,0,1786,1786,12,N,N,-,-1,-1,HeatEvaluator=0.13677516859133335
MASONB.txt-205,0,309,309,2,Y,Y,1.0,0,309,HeatEvaluator=1.3486745282286365
GRONOW.txt-206,0,348,348,3,N,N,-,-1,-1,HeatEvaluator=0.4920416351195834
MASONB.txt-207,0,3534,3534,21,Y,Y,1.0,0,3534,HeatEvaluator=1.0578304188884229
GRONOW.txt-208,0,3543,3543,23,N,N,-,-1,-1,HeatEvaluator=0.1695982086462044
MASONB.txt-209,0,2390,2390,17,Y,Y,1.0,0,2390,HeatEvaluator=1.4783038597783247
GRONOW.txt-210,0,2103,2103,21,N,N,-,-1,-1,HeatEvaluator=0.19361590993692307
MASONB.txt-211,0,2159,2159,15,Y,Y,1.0,0,2159,HeatEvaluator=1.4800460819491665
GRONOW.txt-212,0,1929,1929,11,N,N,-,-1,-1,HeatEvaluator=0.10974586842405595
MASONB.txt-213,0,1458,1458,8,Y,Y,1.0,0,1458,HeatEvaluator=1.4991953385599206
GRONOW.txt-214,0,1325,1325,9,N,N,-,-1,-1,HeatEvaluator=0.15264951519390002
MASONB.txt-215,0,101,101,2,Y,Y,1.0,0,101,HeatEvaluator=1.196515476052
GRONOW.txt-216,0,113,113,1,N,N,-,-1,-1,HeatEvaluator=0.0
MASONB.txt-217,0,245,245,2,N,Y,1.0,0,245,HeatEvaluator=0.0
GRONOW.txt-218,0,224,224,1,N,N,-,-1,-1,HeatEvaluator=0.0
MASONB.txt-219,0,2768,2768,21,Y,Y,1.0,0,2768,HeatEvaluator=0.9949889761735404
GRONOW.txt-220,0,2315,2315,15,N,N,-,-1,-1,HeatEvaluator=0.16144416413168539
MASONB.txt-221,0,211,211,1,Y,Y,1.0,0,211,HeatEvaluator=0.7570699620635295
GRONOW.txt-222,0,378,378,2,N,N,-,-1,-1,HeatEvaluator=0.0
MEMMUS.txt-223,0,392,392,2,Y,Y,1.0,0,392,HeatEvaluator=1.9115187526536366
GRONOW.txt-224,0,468,468,3,N,N,-,-1,-1,HeatEvaluator=0.1868639890564865
MEMMUS.txt-225,0,483,483,7,Y,Y,1.0,0,483,HeatEvaluator=1.9274447532438466
MEMMUS.txt-226,0,367,367,2,N,N,-,-1,-1,HeatEvaluator=0.0
MEMMUS.txt-227,0,797,797,5,Y,Y,1.0,0,797,HeatEvaluator=0.8507312890459156
MEMMUS.txt-228,0,954,954,10,N,N,-,-1,-1,HeatEvaluator=0.30909948755250005
MEMMUS.txt-229,0,1015,1015,7,Y,Y,1.0,0,1015,HeatEvaluator=1.2321477980689612
MEMMUS.txt-230,0,1155,1155,4,N,N,-,-1,-1,HeatEvaluator=0.07436172847857143
MEMMUS.txt-231,0,586,586,4,N,Y,1.0,0,586,HeatEvaluator=0.4060508202002174
MEMMUS.txt-232,0,405,405,3,N,N,-,-1,-1,HeatEvaluator=0.17664140159869565
MEMMUS.txt-233,0,622,622,6,Y,Y,1.0,0,622,HeatEvaluator=0.7394769289634616
MEMMUS.txt-234,0,877,877,7,N,N,-,-1,-1,HeatEvaluator=0.4012985520527143
MEMMUS.txt-235,0,704,704,8,Y,Y,1.0,0,704,HeatEvaluator=2.0475109386878434
MEMMUS.txt-236,0,816,816,5,N,N,-,-1,-1,HeatEvaluator=0.07909590008803921
MEMMUS.txt-237,0,652,652,4,Y,Y,1.0,0,652,HeatEvaluator=1.2907518891772003
MEMMUS.txt-238,0,555,555,4,Y,N,-,-1,-1,HeatEvaluator=0.7584491070960465
MEMMUS.txt-239,0,398,398,3,Y,Y,1.0,0,398,HeatEvaluator=0.7266877229413513
MEMMUS.txt-240,0,101,101,1,N,N,-,-1,-1,HeatEvaluator=0.48647673447222217
MEMMUS.txt-241,0,398,398,3,Y,Y,1.0,0,398,HeatEvaluator=1.4395202265103226
MEMMUS.txt-242,0,172,172,1,Y,N,-,-1,-1,HeatEvaluator=0.8626411086376924
MEMMUS.txt-243,0,2109,2109,13,Y,Y,1.0,0,2109,HeatEvaluator=0.9717414243354878
GRONOW.txt-244,0,2168,2168,9,N,N,-,-1,-1,HeatEvaluator=0.09630671026611765
MEMMUS.txt-245,0,824,824,7,Y,Y,1.0,0,824,HeatEvaluator=1.5332310546084609
MEMMUS.txt-246,0,836,836,7,N,N,-,-1,-1,HeatEvaluator=0.053452672508181816
MEMMUS.txt-247,0,607,607,4,Y,Y,1.0,0,607,HeatEvaluator=1.5525297020032076
MEMMUS.txt-248,0,423,423,3,N,N,-,-1,-1,HeatEvaluator=0.10382120678735295
MEMMUS.txt-249,0,567,567,5,Y,Y,1.0,0,567,HeatEvaluator=1.37981322877825
MEMMUS.txt-250,0,789,789,5,N,N,-,-1,-1,HeatEvaluator=0.3162506385067857
MEMMUS.txt-251,0,591,591,3,Y,Y,1.0,0,591,HeatEvaluator=2.049396890769348
MEMMUS.txt-252,0,930,930,6,N,N,-,-1,-1,HeatEvaluator=0.0
MEMMUS.txt-253,0,369,369,3,Y,Y,1.0,0,369,HeatEvaluator=1.5035148374545162
MEMMUS.txt-254,0,386,386,2,Y,N,-,-1,-1,HeatEvaluator=0.6901265133513333
MEMMUS.txt-255,0,580,580,2,Y,Y,1.0,0,580,HeatEvaluator=1.6244739620637212
MEMMUS.txt-256,0,762,762,11,N,N,-,-1,-1,HeatEvaluator=0.0594628172783871
MEMMUS.txt-257,0,696,696,6,Y,Y,1.0,0,696,HeatEvaluator=0.9914525743154099
GRONOW.txt-258,0,673,673,3,Y,N,-,-1,-1,HeatEvaluator=0.9999662588743137
MEMMUS.txt-259,0,741,741,6,Y,Y,1.0,0,741,HeatEvaluator=1.6009069772410909
GRONOW.txt-260,0,726,726,4,N,N,-,-1,-1,HeatEvaluator=0.0
MEMMUS.txt-261,0,482,482,3,Y,Y,1.0,0,482,HeatEvaluator=2.0943494738042423
MEMMUS.txt-262,0,583,583,3,N,N,-,-1,-1,HeatEvaluator=0.26238246684224487
MEMMUS.txt-263,0,718,718,5,Y,Y,1.0,0,718,HeatEvaluator=1.7652848646496226
GRONOW.txt-264,0,802,802,5,N,N,-,-1,-1,HeatEvaluator=0.21284056778350877
MEMMUS.txt-265,0,591,591,3,Y,Y,1.0,0,591,HeatEvaluator=1.490204208025532
MEMMUS.txt-266,0,452,452,3,N,N,-,-1,-1,HeatEvaluator=0.0
MEMMUS.txt-267,0,1264,1264,8,Y,Y,1.0,0,1264,HeatEvaluator=1.5558520072623296
GRONOW.txt-268,0,1230,1230,8,N,N,-,-1,-1,HeatEvaluator=0.0
MEMMUS.txt-269,0,632,632,4,Y,Y,1.0,0,632,HeatEvaluator=1.466157806140588
MEMMUS.txt-270,0,450,450,2,N,N,-,-1,-1,HeatEvaluator=0.35316112901499996
MEMMUS.txt-271,0,1057,1057,11,Y,Y,1.0,0,1057,HeatEvaluator=0.7274984018789655
MEMMUS.txt-272,0,1054,1054,6,Y,N,-,-1,-1,HeatEvaluator=0.5518668303577109
MEMMUS.txt-273,0,579,579,4,Y,Y,1.0,0,579,HeatEvaluator=1.597029450041111
GRONOW.txt-274,0,573,573,3,N,N,-,-1,-1,HeatEvaluator=0.0
MEMMUS.txt-275,0,994,994,6,Y,Y,1.0,0,994,HeatEvaluator=1.820891693675697
GRONOW.txt-276,0,1025,1025,5,Y,N,-,-1,-1,HeatEvaluator=0.5147761874424391
MEMMUS.txt-277,0,431,431,2,Y,Y,1.0,0,431,HeatEvaluator=0.8375957529939999
MEMMUS.txt-278,0,291,291,3,N,N,-,-1,-1,HeatEvaluator=0.20645188613043478
MEMMUS.txt-279,0,726,726,6,Y,Y,1.0,0,726,HeatEvaluator=0.5594881431771428
GRONOW.txt-280,0,1135,1135,5,N,N,-,-1,-1,HeatEvaluator=0.2696234469045783
MEMMUS.txt-281,0,522,522,5,Y,Y,1.0,0,522,HeatEvaluator=1.8215462975880001
GLOVER.txt-282,0,542,542,3,N,N,-,-1,-1,HeatEvaluator=0.16396752401818182
MEMMUS.txt-283,0,747,747,6,Y,Y,1.0,0,747,HeatEvaluator=2.0417514723974137
GRONOW.txt-284,0,860,860,6,N,N,-,-1,-1,HeatEvaluator=0.3501531106803125
MEMMUS.txt-285,0,1166,1166,6,Y,Y,1.0,0,1166,HeatEvaluator=1.039106877171848
GRONOW.txt-286,0,1250,1250,11,N,N,-,-1,-1,HeatEvaluator=0.2151570139495833
MEMMUS.txt-287,0,892,892,6,Y,Y,1.0,0,892,HeatEvaluator=1.3832262844034247
GRONOW.txt-288,0,1145,1145,5,N,N,-,-1,-1,HeatEvaluator=0.2615481357621687
MEMMUS.txt-289,0,881,881,5,Y,Y,1.0,0,881,HeatEvaluator=2.0847460823354402
GRONOW.txt-290,0,706,706,3,N,N,-,-1,-1,HeatEvaluator=0.4834413695092857
MEMMUS.txt-291,0,687,687,6,Y,Y,1.0,0,687,HeatEvaluator=1.35791750516875
GRONOW.txt-292,0,660,660,4,N,N,-,-1,-1,HeatEvaluator=0.22931539655
MEMMUS.txt-293,0,902,902,7,Y,Y,1.0,0,902,HeatEvaluator=1.4067282436447222
GRONOW.txt-294,0,800,800,5,N,N,-,-1,-1,HeatEvaluator=0.17853851083131148
MEMMUS.txt-295,0,755,755,5,Y,Y,1.0,0,755,HeatEvaluator=1.538847967853662
GRONOW.txt-296,0,955,955,6,N,N,-,-1,-1,HeatEvaluator=0.37399651429303027
MEMMUS.txt-297,0,577,577,6,Y,Y,1.0,0,577,HeatEvaluator=1.742068872909245
GRONOW.txt-298,0,482,482,5,N,N,-,-1,-1,HeatEvaluator=0.2087488929663158
MEMMUS.txt-299,0,688,688,6,Y,Y,1.0,0,688,HeatEvaluator=1.8873171838465956
GRONOW.txt-300,0,880,880,5,N,N,-,-1,-1,HeatEvaluator=0.11035218030031746
MEMMUS.txt-301,0,1240,1240,9,Y,Y,1.0,0,1240,HeatEvaluator=0.7728353948215626
GLOVER.txt-302,0,1279,1279,8,N,N,-,-1,-1,HeatEvaluator=0.3341466723451818
MEMMUS.txt-303,0,1451,1451,9,Y,Y,1.0,0,1451,HeatEvaluator=1.1254440925838465
MEMMUS.txt-304,0,1214,1214,14,N,N,-,-1,-1,HeatEvaluator=0.2521226619392553
MEMMUS.txt-305,0,1436,1436,10,Y,Y,1.0,0,1436,HeatEvaluator=1.4270274406764223
GRONOW.txt-306,0,1640,1640,10,N,N,-,-1,-1,HeatEvaluator=0.18876601460047243
MEMMUS.txt-307,0,334,334,2,Y,Y,1.0,0,334,HeatEvaluator=1.989300270377857
MEMMUS.txt-308,0,286,286,3,N,N,-,-1,-1,HeatEvaluator=0.0
MEMMUS.txt-309,0,478,478,4,Y,Y,1.0,0,478,HeatEvaluator=0.5804905341234211
GRONOW.txt-310,0,680,680,3,N,N,-,-1,-1,HeatEvaluator=0.2313194714168
MEMMUS.txt-311,0,915,915,6,Y,Y,1.0,0,915,HeatEvaluator=1.735399076300746
GRONOW.txt-312,0,793,793,4,N,N,-,-1,-1,HeatEvaluator=0.0
MEMMUS.txt-313,0,1213,1213,7,Y,Y,1.0,0,1213,HeatEvaluator=1.8398567479823755
GRONOW.txt-314,0,1213,1213,7,N,N,-,-1,-1,HeatEvaluator=0.0
MEMMUS.txt-315,0,710,710,5,Y,Y,1.0,0,710,HeatEvaluator=1.8706524921578573
GRONOW.txt-316,0,1113,1113,5,N,N,-,-1,-1,HeatEvaluator=0.22547201457581395
MEMMUS.txt-317,0,1345,1345,8,Y,Y,1.0,0,1345,HeatEvaluator=1.1072638809936999
GRONOW.txt-318,0,1292,1292,8,N,N,-,-1,-1,HeatEvaluator=0.3696792877358948
MEMMUS.txt-319,0,1846,1846,12,Y,Y,1.0,0,1846,HeatEvaluator=0.8134757752836055
GRONOW.txt-320,0,1936,1936,9,N,N,-,-1,-1,HeatEvaluator=0.4053455301544156
MEMMUS.txt-321,0,966,966,7,Y,Y,1.0,0,966,HeatEvaluator=1.2489029907467057
GRONOW.txt-322,0,1132,1132,5,N,N,-,-1,-1,HeatEvaluator=0.22638095866674154
MEMMUS.txt-323,0,551,551,5,Y,Y,1.0,0,551,HeatEvaluator=1.375749339100851
GRONOW.txt-324,0,595,595,4,N,N,-,-1,-1,HeatEvaluator=0.3237692006458333
MEMMUS.txt-325,0,854,854,5,Y,Y,1.0,0,854,HeatEvaluator=1.2354093878417072
GRONOW.txt-326,0,977,977,5,N,N,-,-1,-1,HeatEvaluator=0.1388732766072
MEMMUS.txt-327,0,341,341,2,Y,Y,1.0,0,341,HeatEvaluator=0.9992424942522727
GRONOW.txt-328,0,315,315,2,N,N,-,-1,-1,HeatEvaluator=0.4066687519116
MEMMUS.txt-329,0,477,477,3,Y,Y,1.0,0,477,HeatEvaluator=2.034501353928
GRONOW.txt-330,0,569,569,3,N,N,-,-1,-1,HeatEvaluator=0.3081168102727083
MEMMUS.txt-331,0,806,806,4,Y,Y,1.0,0,806,HeatEvaluator=1.7562266842803331
GRONOW.txt-332,0,1080,1080,5,Y,N,-,-1,-1,HeatEvaluator=0.5771379111466667
MEMMUS.txt-333,0,1403,1403,9,Y,Y,1.0,0,1403,HeatEvaluator=1.7853413263453566
GRONOW.txt-334,0,1451,1451,4,N,N,-,-1,-1,HeatEvaluator=0.2821045920056842
MEMMUS.txt-335,0,821,821,7,Y,Y,1.0,0,821,HeatEvaluator=1.78651675520803
GRONOW.txt-336,0,834,834,4,N,N,-,-1,-1,HeatEvaluator=0.41236692924984614
MEMMUS.txt-337,0,376,376,4,Y,Y,1.0,0,376,HeatEvaluator=1.6304018935454547
MEMMUS.txt-338,0,264,264,1,N,N,-,-1,-1,HeatEvaluator=0.0
MULIFE.txt-339,0,425,425,4,Y,Y,1.0,0,425,HeatEvaluator=1.2744238073112122
GRONOW.txt-340,0,417,417,3,Y,N,-,-1,-1,HeatEvaluator=0.5424591584554546
MULIFE.txt-341,0,683,683,6,Y,Y,1.0,0,683,HeatEvaluator=1.2155998249876785
GRONOW.txt-342,0,886,886,5,Y,N,-,-1,-1,HeatEvaluator=0.8469645919986487
MULIFE.txt-343,0,387,387,4,Y,Y,1.0,0,387,HeatEvaluator=1.9685191148453125
GRONOW.txt-344,0,397,397,4,Y,N,-,-1,-1,HeatEvaluator=0.799547317789697
MULIFE.txt-345,0,626,626,5,Y,Y,1.0,0,626,HeatEvaluator=1.3006553134739625
GRONOW.txt-346,0,730,730,2,Y,N,-,-1,-1,HeatEvaluator=0.6975239875658621
MULIFE.txt-347,0,660,660,5,Y,Y,1.0,0,660,HeatEvaluator=0.6698443457816
GRONOW.txt-348,0,837,837,3,Y,N,-,-1,-1,HeatEvaluator=0.74915169916
MULIFE.txt-349,0,1253,1253,6,Y,Y,1.0,0,1253,HeatEvaluator=0.7644839821717001
GRONOW.txt-350,0,1405,1405,4,N,N,-,-1,-1,HeatEvaluator=0.30830678809309736
MULIFE.txt-351,0,653,653,5,Y,Y,1.0,0,653,HeatEvaluator=0.6362254176798148
GRONOW.txt-352,0,687,687,5,N,N,-,-1,-1,HeatEvaluator=0.46729077278625003
MULIFE.txt-353,0,676,676,5,Y,Y,1.0,0,676,HeatEvaluator=1.421911568171132
GRONOW.txt-354,0,532,532,4,N,N,-,-1,-1,HeatEvaluator=0.08941364793351352
MULIFE.txt-355,0,269,269,4,Y,Y,1.0,0,269,HeatEvaluator=1.1594840689265216
GRONOW.txt-356,0,288,288,2,N,N,-,-1,-1,HeatEvaluator=0.3620631128221739
MULIFE.txt-357,0,282,282,2,Y,Y,1.0,0,282,HeatEvaluator=1.6726315487833334
GRONOW.txt-358,0,262,262,1,N,N,-,-1,-1,HeatEvaluator=0.17592192663761905
MULIFE.txt-359,0,840,840,6,Y,Y,1.0,0,840,HeatEvaluator=1.0475870898615622
GRONOW.txt-360,0,1134,1134,7,N,N,-,-1,-1,HeatEvaluator=0.0785207661521978
MULIFE.txt-361,0,486,486,3,Y,Y,1.0,0,486,HeatEvaluator=1.8080764008745946
GRONOW.txt-362,0,729,729,7,N,N,-,-1,-1,HeatEvaluator=0.14172836610653847
MULIFE.txt-363,0,664,664,4,Y,Y,1.0,0,664,HeatEvaluator=0.9272075939171429
GRONOW.txt-364,0,563,563,1,N,N,-,-1,-1,HeatEvaluator=0.08017900876227273
MULIFE.txt-365,0,523,523,4,Y,Y,1.0,0,523,HeatEvaluator=1.7984222761693482
MULIFE.txt-366,0,473,473,3,N,N,-,-1,-1,HeatEvaluator=0.1192729347382353
MULIFE.txt-367,0,1204,1204,12,Y,Y,1.0,0,1204,HeatEvaluator=1.356607963555376
MULIFE.txt-368,0,650,650,4,Y,N,-,-1,-1,HeatEvaluator=1.1714738138786003
MULIFE.txt-369,0,744,744,8,Y,Y,1.0,0,744,HeatEvaluator=1.6574973180691075
MULIFE.txt-370,0,769,769,4,N,N,-,-1,-1,HeatEvaluator=0.430667140848644
MULIFE.txt-371,0,1947,1947,16,Y,Y,1.0,0,1947,HeatEvaluator=0.6143366994253125
MULIFE.txt-372,0,1188,1188,10,Y,N,-,-1,-1,HeatEvaluator=0.8998004591694444
MULIFE.txt-373,0,2138,2138,17,Y,Y,1.0,0,2138,HeatEvaluator=1.14400903527
GRONOW.txt-374,0,2258,2258,11,N,N,-,-1,-1,HeatEvaluator=0.438397985387362
MULIFE.txt-375,0,866,866,6,Y,Y,1.0,0,866,HeatEvaluator=1.5288955632326757
GRONOW.txt-376,0,1041,1041,6,N,N,-,-1,-1,HeatEvaluator=0.248128759990641
MULIFE.txt-377,0,2918,2918,28,Y,Y,1.0,0,2918,HeatEvaluator=0.9731134335097057
GRONOW.txt-378,0,3008,3008,14,N,N,-,-1,-1,HeatEvaluator=0.3204372376118777
MULIFE.txt-379,0,533,533,7,Y,Y,1.0,0,533,HeatEvaluator=0.9626511693481395
GRONOW.txt-380,0,573,573,5,Y,N,-,-1,-1,HeatEvaluator=1.149020471118182
MULIFE.txt-381,0,1433,1433,9,N,Y,1.0,0,1433,HeatEvaluator=0.49163890767764706
GRONOW.txt-382,0,1453,1453,6,N,N,-,-1,-1,HeatEvaluator=0.32172648245783786
MULIFE.txt-383,0,1336,1336,8,Y,Y,1.0,0,1336,HeatEvaluator=0.8929032702161905
GRONOW.txt-384,0,1720,1720,11,N,N,-,-1,-1,HeatEvaluator=0.16698553795627907
MULIFE.txt-385,0,1273,1273,6,Y,Y,1.0,0,1273,HeatEvaluator=1.6991716369862497
MULIFE.txt-386,0,1153,1153,5,N,N,-,-1,-1,HeatEvaluator=0.4472831661855057
MULIFE.txt-387,0,768,768,5,Y,Y,1.0,0,768,HeatEvaluator=0.9992919642020689
GRONOW.txt-388,0,725,725,2,N,N,-,-1,-1,HeatEvaluator=0.4321511131079245
MULIFE.txt-389,0,473,473,4,Y,Y,1.0,0,473,HeatEvaluator=1.1661633752881817
GRONOW.txt-390,0,499,499,6,N,N,-,-1,-1,HeatEvaluator=0.3514940297725641
MUSING.txt-391,0,347,347,1,Y,Y,1.0,0,347,HeatEvaluator=1.9980171473150001
MUSING.txt-392,0,360,360,2,N,N,-,-1,-1,HeatEvaluator=0.0
MUSING.txt-393,0,658,658,3,Y,Y,1.0,0,658,HeatEvaluator=1.6221525500418752
MUSING.txt-394,0,822,822,2,Y,N,-,-1,-1,HeatEvaluator=0.6801477508653334
MUSING.txt-395,0,558,558,3,Y,Y,1.0,0,558,HeatEvaluator=1.812678439098
MUSING.txt-396,0,540,540,2,N,N,-,-1,-1,HeatEvaluator=0.09105385197
MUSING.txt-397,0,392,392,3,Y,Y,1.0,0,392,HeatEvaluator=2.3356129293396553
MEMMUS.txt-398,0,378,378,3,N,N,-,-1,-1,HeatEvaluator=0.12909748793848486
MUSING.txt-399,0,996,996,4,Y,Y,1.0,0,996,HeatEvaluator=0.6579062837110811
GRONOW.txt-400,0,835,835,3,N,N,-,-1,-1,HeatEvaluator=0.11311755319227272
MUSING.txt-401,0,573,573,2,Y,Y,1.0,0,573,HeatEvaluator=0.973392169715238
MUSING.txt-402,0,744,744,2,N,N,-,-1,-1,HeatEvaluator=0.12730901086482144
MUSING.txt-403,0,423,423,2,Y,Y,1.0,0,423,HeatEvaluator=1.3199028921810714
MUSING.txt-404,0,357,357,1,N,N,-,-1,-1,HeatEvaluator=0.27520511153785715
MUSING.txt-405,0,621,621,5,Y,Y,1.0,0,621,HeatEvaluator=0.6851160477589999
MUSING.txt-406,0,357,357,2,N,N,-,-1,-1,HeatEvaluator=0.0
MUSING.txt-407,0,340,340,1,Y,Y,1.0,0,340,HeatEvaluator=0.8515247191292
MUSING.txt-408,0,487,487,4,N,N,-,-1,-1,HeatEvaluator=0.11721661419314286
MUSING.txt-409,0,568,568,2,Y,Y,1.0,0,568,HeatEvaluator=1.8188526121497564
MUSING.txt-410,0,362,362,2,Y,N,-,-1,-1,HeatEvaluator=0.5187440224246875
MUSING.txt-411,0,466,466,2,Y,Y,1.0,0,466,HeatEvaluator=1.5191491371399999
MUSING.txt-412,0,517,517,4,N,N,-,-1,-1,HeatEvaluator=0.27526390328625
MUSING.txt-413,0,608,608,5,Y,Y,1.0,0,608,HeatEvaluator=1.974634954472
MUSING.txt-414,0,420,420,2,N,N,-,-1,-1,HeatEvaluator=0.09566499723625001
MUSING.txt-415,0,487,487,3,Y,Y,1.0,0,487,HeatEvaluator=1.571964969770294
MUSING.txt-416,0,451,451,1,N,N,-,-1,-1,HeatEvaluator=0.0
MUSING.txt-417,0,478,478,2,Y,Y,1.0,0,478,HeatEvaluator=2.0453017596258336
MUSING.txt-418,0,553,553,2,N,N,-,-1,-1,HeatEvaluator=0.0808516745712766
MUSING.txt-419,0,515,515,1,N,Y,1.0,0,515,HeatEvaluator=0.28569491526857144
MUSING.txt-420,0,585,585,4,N,N,-,-1,-1,HeatEvaluator=0.4443141337448889
MUSING.txt-421,0,406,406,2,Y,Y,1.0,0,406,HeatEvaluator=0.8476090456967743
MUSING.txt-422,0,451,451,2,Y,N,-,-1,-1,HeatEvaluator=1.0770404482005405
MUSING.txt-423,0,470,470,2,Y,Y,1.0,0,470,HeatEvaluator=1.271372034286857
GRONOW.txt-424,0,455,455,4,N,N,-,-1,-1,HeatEvaluator=0.0
MUSING.txt-425,0,971,971,6,Y,Y,1.0,0,971,HeatEvaluator=1.0302082475609375
MUSING.txt-426,0,552,552,3,Y,N,-,-1,-1,HeatEvaluator=0.6355377249409092
MUSING.txt-427,0,938,938,5,Y,Y,1.0,0,938,HeatEvaluator=1.0701783015879103
MUSING.txt-428,0,940,940,4,Y,N,-,-1,-1,HeatEvaluator=0.8889839515897531
MUSREM.txt-429,0,159,159,1,Y,Y,1.0,0,159,HeatEvaluator=1.8653543660986667
MUSING.txt-430,0,259,259,2,N,N,-,-1,-1,HeatEvaluator=0.3649861285666667
MUSREM.txt-431,0,322,322,2,Y,Y,1.0,0,322,HeatEvaluator=1.6839688845919232
MUSREM.txt-432,0,291,291,2,Y,N,-,-1,-1,HeatEvaluator=0.8325181366671428
MUSREM.txt-433,0,318,318,3,Y,Y,1.0,0,318,HeatEvaluator=0.8325344607838462
MUSREM.txt-434,0,400,400,1,Y,N,-,-1,-1,HeatEvaluator=1.9221753228792857
MUSREM.txt-435,0,392,392,2,Y,Y,1.0,0,392,HeatEvaluator=1.371804250308077
MUSING.txt-436,0,466,466,2,Y,N,-,-1,-1,HeatEvaluator=0.5420170334491428
MUSREM.txt-437,0,529,529,7,Y,Y,1.0,0,529,HeatEvaluator=1.1141819675564102
MUSING.txt-438,0,422,422,4,N,N,-,-1,-1,HeatEvaluator=0.3966311416696666
MUSREM.txt-439,0,561,561,3,Y,Y,1.0,0,561,HeatEvaluator=1.3602598050944739
MUSING.txt-440,0,401,401,1,Y,N,-,-1,-1,HeatEvaluator=0.7869655943357575
MUSREM.txt-441,0,397,397,1,Y,Y,1.0,0,397,HeatEvaluator=1.0390505535503571
MUSING.txt-442,0,683,683,3,Y,N,-,-1,-1,HeatEvaluator=0.7505280849190565
MUSREM.txt-443,0,379,379,3,Y,Y,1.0,0,379,HeatEvaluator=0.6276650088686208
MUSING.txt-444,0,553,553,2,Y,N,-,-1,-1,HeatEvaluator=0.8820079985222449
MUSREM.txt-445,0,248,248,1,Y,Y,1.0,0,248,HeatEvaluator=0.583532405441
GRONOW.txt-446,0,236,236,2,N,N,-,-1,-1,HeatEvaluator=0.4555112183445454
MUSREM.txt-447,0,311,311,2,Y,Y,1.0,0,311,HeatEvaluator=2.0789518992413045
GRONOW.txt-448,0,299,299,2,Y,N,-,-1,-1,HeatEvaluator=0.6970064389322727
MUSREM.txt-449,0,197,197,1,Y,Y,1.0,0,197,HeatEvaluator=0.97942729019
GRONOW.txt-450,0,269,269,2,N,N,-,-1,-1,HeatEvaluator=0.21977629185958333
MUSREM.txt-451,0,190,190,1,Y,Y,1.0,0,190,HeatEvaluator=1.696188307216428
MEMMUS.txt-452,0,226,226,1,Y,N,-,-1,-1,HeatEvaluator=0.8340573969393332
MUSREM.txt-453,0,190,190,1,Y,Y,1.0,0,190,HeatEvaluator=2.4874309160015384
GRONOW.txt-454,0,277,277,1,N,N,-,-1,-1,HeatEvaluator=0.0
MUSREM.txt-455,0,190,190,2,Y,Y,1.0,0,190,HeatEvaluator=1.1232404204358826
MEMMUS.txt-456,0,139,139,2,Y,N,-,-1,-1,HeatEvaluator=0.9868740855827273
MUSREM.txt-457,0,526,526,2,Y,Y,1.0,0,526,HeatEvaluator=1.5318299924019447
GRONOW.txt-458,0,536,536,3,N,N,-,-1,-1,HeatEvaluator=0.0
MUSREM.txt-459,0,347,347,2,Y,Y,1.0,0,347,HeatEvaluator=1.1438315762522224
GRONOW.txt-460,0,509,509,2,N,N,-,-1,-1,HeatEvaluator=0.5008087724452499
MUSREM.txt-461,0,382,382,3,Y,Y,1.0,0,382,HeatEvaluator=1.227739152798333
GRONOW.txt-462,0,351,351,1,N,N,-,-1,-1,HeatEvaluator=0.4865524105282759
MUSREM.txt-463,0,553,553,3,Y,Y,1.0,0,553,HeatEvaluator=1.5151238428990246
GRONOW.txt-464,0,599,599,3,N,N,-,-1,-1,HeatEvaluator=0.28940311852420003
MUSREM.txt-465,0,118,118,1,Y,Y,1.0,0,118,HeatEvaluator=1.55856898707
GRONOW.txt-466,0,361,361,2,N,N,-,-1,-1,HeatEvaluator=0.12190104748689655
MUSREM.txt-467,0,553,553,2,Y,Y,1.0,0,553,HeatEvaluator=0.8396207209436365
GRONOW.txt-468,0,658,658,4,N,N,-,-1,-1,HeatEvaluator=0.1353965679598113
MUSREM.txt-469,0,320,320,4,Y,Y,1.0,0,320,HeatEvaluator=1.9085996052004348
GRONOW.txt-470,0,583,583,2,N,N,-,-1,-1,HeatEvaluator=0.0
MUSREM.txt-471,0,1688,1688,11,Y,Y,1.0,0,1688,HeatEvaluator=1.0463552851782032
GRONOW.txt-472,0,1412,1412,14,N,N,-,-1,-1,HeatEvaluator=0.10788885695419048
MUSREM.txt-473,0,527,527,3,Y,Y,1.0,0,527,HeatEvaluator=1.5811057951669447
GRONOW.txt-474,0,534,534,4,N,N,-,-1,-1,HeatEvaluator=0.2089442958042857
MUSREM.txt-475,0,333,333,2,Y,Y,1.0,0,333,HeatEvaluator=1.4894388172172
REMKEL1.txt-476,0,389,389,2,N,N,-,-1,-1,HeatEvaluator=0.1285983828442857
MUSREM.txt-477,0,229,229,2,Y,Y,1.0,0,229,HeatEvaluator=1.9189538847299998
REMKEL1.txt-478,0,415,415,2,N,N,-,-1,-1,HeatEvaluator=0.21522125077828572
MUSREM.txt-479,0,229,229,2,Y,Y,1.0,0,229,HeatEvaluator=1.9413103292229998
REMKEL1.txt-480,0,217,217,1,N,N,-,-1,-1,HeatEvaluator=0.47299502544375
MUSREM.txt-481,0,1235,1235,5,Y,Y,1.0,0,1235,HeatEvaluator=1.318352710103152
REMKEL1.txt-482,0,1209,1209,6,N,N,-,-1,-1,HeatEvaluator=0.26039199540744445
MUSREM.txt-483,0,267,267,2,Y,Y,1.0,0,267,HeatEvaluator=1.0885577179171428
REMKEL1.txt-484,0,325,325,2,N,N,-,-1,-1,HeatEvaluator=0.0
MUSREM.txt-485,0,531,531,3,Y,Y,1.0,0,531,HeatEvaluator=0.9647488297083721
REMKEL1.txt-486,0,548,548,4,Y,N,-,-1,-1,HeatEvaluator=0.6314589316945238
MUSREM.txt-487,0,563,563,5,Y,Y,1.0,0,563,HeatEvaluator=1.038138622794359
REMKEL1.txt-488,0,410,410,3,N,N,-,-1,-1,HeatEvaluator=0.2001278886534375
MUSREM.txt-489,0,1069,1069,7,Y,Y,1.0,0,1069,HeatEvaluator=1.1431852627043209
REMKEL1.txt-490,0,1181,1181,9,N,N,-,-1,-1,HeatEvaluator=0.11110716250121212
MUSREM.txt-491,0,343,343,1,Y,Y,1.0,0,343,HeatEvaluator=0.9629929777753571
REMKEL1.txt-492,0,268,268,2,Y,N,-,-1,-1,HeatEvaluator=1.7943279987085714
OUSELEY.txt-493,0,2313,2313,14,Y,Y,1.0,0,2313,HeatEvaluator=1.1451350845150292
OUSLEY.txt-494,0,2259,2259,18,N,N,-,-1,-1,HeatEvaluator=0.2814554239016129
PILGRIM.txt-495,0,766,766,6,Y,Y,1.0,0,766,HeatEvaluator=1.8588734612339999
OUSLEY.txt-496,0,1277,1277,6,N,N,-,-1,-1,HeatEvaluator=0.0
PILGRIM.txt-497,0,659,659,4,Y,Y,1.0,0,659,HeatEvaluator=0.5145649293338774
OUSLEY.txt-498,0,750,750,4,N,N,-,-1,-1,HeatEvaluator=0.5030668204247369
PILGRIM.txt-499,0,940,940,4,N,Y,1.0,0,940,HeatEvaluator=0.44163970947675324
OUSLEY.txt-500,0,601,601,4,N,N,-,-1,-1,HeatEvaluator=0.09125590653822221
PILGRIM.txt-501,0,962,962,9,Y,Y,1.0,0,962,HeatEvaluator=0.8478567821583334
PILGRIM.txt-502,0,660,660,6,N,N,-,-1,-1,HeatEvaluator=0.11655219107622222
PILGRIM.txt-503,0,1470,1470,14,Y,Y,1.0,0,1470,HeatEvaluator=1.340536809784865
PILGRIM.txt-504,0,1324,1324,9,N,N,-,-1,-1,HeatEvaluator=0.3618124877744681
PILGRIM.txt-505,0,406,406,3,N,Y,1.0,0,406,HeatEvaluator=0.47222434790296297
PILGRIM.txt-506,0,262,262,1,N,N,-,-1,-1,HeatEvaluator=0.142758149842
PILGRIM.txt-507,0,861,861,4,Y,Y,1.0,0,861,HeatEvaluator=1.2972368189295715
PILGRIM.txt-508,0,679,679,3,N,N,-,-1,-1,HeatEvaluator=0.0
PILGRIM.txt-509,0,1981,1981,12,Y,Y,1.0,0,1981,HeatEvaluator=1.3190437076054904
PILGRIM.txt-510,0,2094,2094,17,N,N,-,-1,-1,HeatEvaluator=0.2879817066921088
PILGRIM.txt-511,0,2501,2501,14,Y,Y,1.0,0,2501,HeatEvaluator=0.924024260912965
PILGRIM.txt-512,0,2650,2650,19,N,N,-,-1,-1,HeatEvaluator=0.11640241157629834
PILGRIM.txt-513,0,554,554,4,Y,Y,1.0,0,554,HeatEvaluator=1.5683065513812768
PILGRIM.txt-514,0,520,520,3,N,N,-,-1,-1,HeatEvaluator=0.43753668451948724
PILGRIM.txt-515,0,1796,1796,19,Y,Y,1.0,0,1796,HeatEvaluator=0.6349754910160148
PILGRIM.txt-516,0,1399,1399,12,Y,N,-,-1,-1,HeatEvaluator=0.616953389959322
PILGRIM.txt-517,0,1653,1653,12,Y,Y,1.0,0,1653,HeatEvaluator=1.6032256715003494
PILGRIM.txt-518,0,788,788,7,N,N,-,-1,-1,HeatEvaluator=0.4413435884590625
PILGRIM.txt-519,0,1507,1507,9,Y,Y,1.0,0,1507,HeatEvaluator=1.1101773628917095
PILGRIM.txt-520,0,813,813,7,N,N,-,-1,-1,HeatEvaluator=0.1494131942909859
PILGRIM.txt-521,0,1354,1354,8,N,Y,1.0,0,1354,HeatEvaluator=0.47952563841990653
PILGRIM.txt-522,0,936,936,8,Y,N,-,-1,-1,HeatEvaluator=0.553940682180658
RECMUS.txt-523,0,228,228,1,N,Y,1.0,0,228,HeatEvaluator=0.0
PILGRIM.txt-524,0,243,243,1,N,N,-,-1,-1,HeatEvaluator=0.0
RECMUS.txt-525,0,157,157,1,Y,Y,1.0,0,157,HeatEvaluator=2.3023131061423077
PILGRIM.txt-526,0,228,228,2,N,N,-,-1,-1,HeatEvaluator=0.36194900697
RECMUS.txt-527,0,231,231,1,Y,Y,1.0,0,231,HeatEvaluator=1.761075040640909
PILGRIM.txt-528,0,296,296,2,N,N,-,-1,-1,HeatEvaluator=0.17065520065090908
RECMUS.txt-529,0,339,339,1,Y,Y,1.0,0,339,HeatEvaluator=1.7762747142344448
PILGRIM.txt-530,0,316,316,2,N,N,-,-1,-1,HeatEvaluator=0.35601732918
RECMUS.txt-531,0,228,228,2,Y,Y,1.0,0,228,HeatEvaluator=2.072894510372667
PILGRIM.txt-532,0,298,298,2,N,N,-,-1,-1,HeatEvaluator=0.13333801338846155
RECMUS.txt-533,0,128,128,2,Y,Y,1.0,0,128,HeatEvaluator=2.204187416554545
PILGRIM.txt-534,0,258,258,1,N,N,-,-1,-1,HeatEvaluator=0.0
RECMUS.txt-535,0,126,126,1,N,Y,1.0,0,126,HeatEvaluator=0.410651579422
PILGRIM.txt-536,0,240,240,2,N,N,-,-1,-1,HeatEvaluator=0.0
RECMUS.txt-537,0,98,98,1,Y,Y,1.0,0,98,HeatEvaluator=0.8835925323075
PILGRIM.txt-538,0,133,133,2,Y,N,-,-1,-1,HeatEvaluator=0.6869175926891667
RECMUS.txt-539,0,318,318,3,Y,Y,1.0,0,318,HeatEvaluator=1.4609556955542424
PILGRIM.txt-540,0,441,441,2,Y,N,-,-1,-1,HeatEvaluator=0.5983639020817949
RECMUS.txt-541,0,386,386,2,Y,Y,1.0,0,386,HeatEvaluator=1.779537511832069
PILGRIM.txt-542,0,373,373,3,N,N,-,-1,-1,HeatEvaluator=0.0
RECMUS.txt-543,0,140,140,2,Y,Y,1.0,0,140,HeatEvaluator=1.388807058588182
PILGRIM.txt-544,0,147,147,1,N,N,-,-1,-1,HeatEvaluator=0.0
RECMUS.txt-545,0,349,349,2,Y,Y,1.0,0,349,HeatEvaluator=1.5521350874436364
PILGRIM.txt-546,0,477,477,5,N,N,-,-1,-1,HeatEvaluator=0.27599274320411765
RECMUS.txt-547,0,331,331,2,Y,Y,1.0,0,331,HeatEvaluator=2.0076636802265386
PILGRIM.txt-548,0,216,216,2,Y,N,-,-1,-1,HeatEvaluator=0.87346188331
RECMUS.txt-549,0,706,706,2,Y,Y,1.0,0,706,HeatEvaluator=1.8069402224801958
PILGRIM.txt-550,0,651,651,6,N,N,-,-1,-1,HeatEvaluator=0.1609809707092157
RECMUS.txt-551,0,265,265,4,Y,Y,1.0,0,265,HeatEvaluator=1.279969423367391
PILGRIM.txt-552,0,249,249,2,N,N,-,-1,-1,HeatEvaluator=0.0
RECMUS.txt-553,0,391,391,3,Y,Y,1.0,0,391,HeatEvaluator=1.0853548014699999
PILGRIM.txt-554,0,360,360,2,N,N,-,-1,-1,HeatEvaluator=0.0
RECMUS.txt-555,0,350,350,2,Y,Y,1.0,0,350,HeatEvaluator=1.3035523282821428
PILGRIM.txt-556,0,288,288,4,N,N,-,-1,-1,HeatEvaluator=0.0
RECMUS.txt-557,0,491,491,5,Y,Y,1.0,0,491,HeatEvaluator=0.681501523476111
PILGRIM.txt-558,0,338,338,4,N,N,-,-1,-1,HeatEvaluator=0.2717266941314286
RECMUS.txt-559,0,358,358,2,Y,Y,1.0,0,358,HeatEvaluator=1.3944628911316
PILGRIM.txt-560,0,214,214,2,N,N,-,-1,-1,HeatEvaluator=0.0
RECMUS.txt-561,0,125,125,1,Y,Y,1.0,0,125,HeatEvaluator=1.8514089580218183
PILGRIM.txt-562,0,106,106,1,N,N,-,-1,-1,HeatEvaluator=0.0
RECMUS.txt-563,0,258,258,2,Y,Y,1.0,0,258,HeatEvaluator=2.0250421393505262
PILGRIM.txt-564,0,227,227,1,N,N,-,-1,-1,HeatEvaluator=0.0
RECMUS.txt-565,0,341,341,5,Y,Y,1.0,0,341,HeatEvaluator=1.9362087886766666
PILGRIM.txt-566,0,342,342,2,N,N,-,-1,-1,HeatEvaluator=0.16670383667730768
RECMUS.txt-567,0,168,168,1,Y,Y,1.0,0,168,HeatEvaluator=1.3521646856839997
PILGRIM.txt-568,0,177,177,1,N,N,-,-1,-1,HeatEvaluator=0.0
RECMUS.txt-569,0,704,704,6,Y,Y,1.0,0,704,HeatEvaluator=1.4377596993895
PILGRIM.txt-570,0,1193,1193,12,N,N,-,-1,-1,HeatEvaluator=0.04504770438645833
RECMUS.txt-571,0,164,164,2,Y,Y,1.0,0,164,HeatEvaluator=2.6428525891084615
PILGRIM.txt-572,0,328,328,2,N,N,-,-1,-1,HeatEvaluator=0.0
RECMUS.txt-573,0,510,510,3,Y,Y,1.0,0,510,HeatEvaluator=1.8480032773924389
PILGRIM.txt-574,0,447,447,2,N,N,-,-1,-1,HeatEvaluator=0.09965789889729729
RECMUS.txt-575,0,280,280,3,Y,Y,1.0,0,280,HeatEvaluator=2.4970353922354547
RECMUS.txt-576,0,312,312,1,N,N,-,-1,-1,HeatEvaluator=0.4377540059032143
RECMUS.txt-577,0,491,491,2,Y,Y,1.0,0,491,HeatEvaluator=2.3802860477079486
RECMUS.txt-578,0,457,457,3,Y,N,-,-1,-1,HeatEvaluator=0.6774264378171428
RECMUS.txt-579,0,348,348,3,Y,Y,1.0,0,348,HeatEvaluator=1.8259022688665387
RECMUS.txt-580,0,296,296,2,N,N,-,-1,-1,HeatEvaluator=0.41170338425450004
RECMUS.txt-581,0,435,435,4,Y,Y,1.0,0,435,HeatEvaluator=0.8097679208624999
RECMUS.txt-582,0,449,449,3,Y,N,-,-1,-1,HeatEvaluator=0.5723123359997222
RECMUS.txt-583,0,445,445,3,Y,Y,1.0,0,445,HeatEvaluator=1.5880914839752942
PILGRIM.txt-584,0,455,455,4,N,N,-,-1,-1,HeatEvaluator=0.4792297289196667
RECMUS.txt-585,0,250,250,2,Y,Y,1.0,0,250,HeatEvaluator=1.4778697313058824
PILGRIM.txt-586,0,220,220,2,Y,N,-,-1,-1,HeatEvaluator=0.7500401703737499
RECMUS.txt-587,0,262,262,3,Y,Y,1.0,0,262,HeatEvaluator=2.4039371833360006
PILGRIM.txt-588,0,296,296,4,N,N,-,-1,-1,HeatEvaluator=0.32969508104458334
RECMUS.txt-589,0,269,269,3,Y,Y,1.0,0,269,HeatEvaluator=1.3617477668956
PILGRIM.txt-590,0,231,231,3,N,N,-,-1,-1,HeatEvaluator=0.18898308372333333
RECMUS.txt-591,0,401,401,2,Y,Y,1.0,0,401,HeatEvaluator=2.2059172784121874
PILGRIM.txt-592,0,374,374,2,N,N,-,-1,-1,HeatEvaluator=0.18142934924727275
RECMUS.txt-593,0,231,231,2,Y,Y,1.0,0,231,HeatEvaluator=0.9265467699639999
PILGRIM.txt-594,0,206,206,2,Y,N,-,-1,-1,HeatEvaluator=0.6625868608671429
RECMUS.txt-595,0,742,742,10,Y,Y,1.0,0,742,HeatEvaluator=1.3864143102732074
PILGRIM.txt-596,0,678,678,5,Y,N,-,-1,-1,HeatEvaluator=0.7685985069782691
RECMUS.txt-597,0,357,357,1,Y,Y,1.0,0,357,HeatEvaluator=1.797808006888
PILGRIM.txt-598,0,325,325,2,N,N,-,-1,-1,HeatEvaluator=0.15361227796916668
RECMUS.txt-599,0,419,419,2,Y,Y,1.0,0,419,HeatEvaluator=1.5149053513500002
PILGRIM.txt-600,0,392,392,4,Y,N,-,-1,-1,HeatEvaluator=0.5770259171654838
RECMUS.txt-601,0,279,279,3,Y,Y,1.0,0,279,HeatEvaluator=2.3004618441740003
PILGRIM.txt-602,0,176,176,2,N,N,-,-1,-1,HeatEvaluator=0.0
RECMUS.txt-603,0,199,199,2,Y,Y,1.0,0,199,HeatEvaluator=2.4326441459235713
RECMUS.txt-604,0,460,460,3,N,N,-,-1,-1,HeatEvaluator=0.12124229100842106
RECMUS.txt-605,0,146,146,1,Y,Y,1.0,0,146,HeatEvaluator=1.9277582995854545
RECMUS.txt-606,0,283,283,1,N,N,-,-1,-1,HeatEvaluator=0.44018036751
RECMUS.txt-607,0,265,265,4,Y,Y,1.0,0,265,HeatEvaluator=0.7956109113200001
RECMUS.txt-608,0,234,234,1,N,N,-,-1,-1,HeatEvaluator=0.0
RECMUS.txt-609,0,492,492,2,Y,Y,1.0,0,492,HeatEvaluator=2.2223027970992506
RECMUS.txt-610,0,299,299,2,Y,N,-,-1,-1,HeatEvaluator=1.0778847732665215
RECMUS.txt-611,0,306,306,3,Y,Y,1.0,0,306,HeatEvaluator=1.427168485237619
RECMUS.txt-612,0,314,314,2,N,N,-,-1,-1,HeatEvaluator=0.36293273595583336
RECMUS.txt-613,0,162,162,3,Y,Y,1.0,0,162,HeatEvaluator=2.6448821238050004
RECMUS.txt-614,0,174,174,1,Y,N,-,-1,-1,HeatEvaluator=0.8582161201137499
RECMUS.txt-615,0,200,200,1,Y,Y,1.0,0,200,HeatEvaluator=3.46129752575353
RECMUS.txt-616,0,115,115,1,Y,N,-,-1,-1,HeatEvaluator=0.8397485362125
RECMUS.txt-617,0,111,111,1,N,Y,1.0,0,111,HeatEvaluator=0.4562795326911111
RECMUS.txt-618,0,144,144,1,N,N,-,-1,-1,HeatEvaluator=0.3307080339714286
RECMUS.txt-619,0,222,222,3,Y,Y,1.0,0,222,HeatEvaluator=1.6553121027026318
RECMUS.txt-620,0,190,190,3,Y,N,-,-1,-1,HeatEvaluator=0.747918330974706
RECOLL.txt-621,0,904,904,6,Y,Y,1.0,0,904,HeatEvaluator=2.3332205916027142
RECMUS.txt-622,0,832,832,5,N,N,-,-1,-1,HeatEvaluator=0.4845790862937097
RECOLL.txt-623,0,537,537,3,Y,Y,1.0,0,537,HeatEvaluator=1.4764712344237212
RECMUS.txt-624,0,435,435,5,N,N,-,-1,-1,HeatEvaluator=0.3061776803559259
RECOLL.txt-625,0,179,179,1,Y,Y,1.0,0,179,HeatEvaluator=0.8031998337653333
RECMUS.txt-626,0,261,261,3,N,N,-,-1,-1,HeatEvaluator=0.0
RECOLL.txt-627,0,312,312,4,Y,Y,1.0,0,312,HeatEvaluator=1.9367928082977781
RECMUS.txt-628,0,399,399,4,N,N,-,-1,-1,HeatEvaluator=0.0
RECOLL.txt-629,0,372,372,4,Y,Y,1.0,0,372,HeatEvaluator=1.559920986338148
RECMUS.txt-630,0,197,197,2,N,N,-,-1,-1,HeatEvaluator=0.0
RECOLL.txt-631,0,647,647,7,Y,Y,1.0,0,647,HeatEvaluator=1.18662670888875
RECOLL.txt-632,0,508,508,3,Y,N,-,-1,-1,HeatEvaluator=0.905229230736154
RECOLL.txt-633,0,602,602,4,Y,Y,1.0,0,602,HeatEvaluator=2.161406635634681
RECOLL.txt-634,0,494,494,4,N,N,-,-1,-1,HeatEvaluator=0.4998227304307692
RECOLL.txt-635,0,1212,1212,15,Y,Y,1.0,0,1212,HeatEvaluator=2.1964521076943333
RECOLL.txt-636,0,1260,1260,9,Y,N,-,-1,-1,HeatEvaluator=0.7672314518972826
RECOLL.txt-637,0,279,279,2,Y,Y,1.0,0,279,HeatEvaluator=1.3619402505143479
RECOLL.txt-638,0,320,320,2,Y,N,-,-1,-1,HeatEvaluator=0.8183791050916
RECOLL.txt-639,0,491,491,5,Y,Y,1.0,0,491,HeatEvaluator=1.3236409364682928
RECOLL.txt-640,0,516,516,4,N,N,-,-1,-1,HeatEvaluator=0.08474972490595238
RECOLL.txt-641,0,664,664,7,Y,Y,1.0,0,664,HeatEvaluator=1.1125320931109999
RECOLL.txt-642,0,561,561,4,N,N,-,-1,-1,HeatEvaluator=0.398191344935641
RECOLL.txt-643,0,1004,1004,8,Y,Y,1.0,0,1004,HeatEvaluator=1.00296951148407
RECOLL.txt-644,0,687,687,6,Y,N,-,-1,-1,HeatEvaluator=0.7167849994014815
RECOLL.txt-645,0,824,824,8,N,Y,1.0,0,824,HeatEvaluator=0.4704488941329231
RECOLL.txt-646,0,679,679,4,N,N,-,-1,-1,HeatEvaluator=0.28349014673206896
RECOLL.txt-647,0,447,447,3,Y,Y,1.0,0,447,HeatEvaluator=1.4411034451070732
RECOLL.txt-648,0,570,570,2,N,N,-,-1,-1,HeatEvaluator=0.4488200527724999
RECOLL.txt-649,0,598,598,3,Y,Y,1.0,0,598,HeatEvaluator=0.9434969382906122
RECOLL.txt-650,0,521,521,3,N,N,-,-1,-1,HeatEvaluator=0.10933124490114286
RECOLL.txt-651,0,506,506,4,Y,Y,1.0,0,506,HeatEvaluator=1.5278784790682978
RECOLL.txt-652,0,675,675,4,Y,N,-,-1,-1,HeatEvaluator=0.8962329892443395
RECOLL.txt-653,0,328,328,4,Y,Y,1.0,0,328,HeatEvaluator=1.0611382448277777
RECOLL.txt-654,0,321,321,3,N,N,-,-1,-1,HeatEvaluator=0.20385496327039998
RECOLL.txt-655,0,1001,1001,7,Y,Y,1.0,0,1001,HeatEvaluator=1.6146616492320687
RECOLL.txt-656,0,754,754,7,Y,N,-,-1,-1,HeatEvaluator=0.6297869671054236
RECOLL.txt-657,0,604,604,4,Y,Y,1.0,0,604,HeatEvaluator=1.4290776775658491
RECOLL.txt-658,0,692,692,6,N,N,-,-1,-1,HeatEvaluator=0.1803511679157143
RECOLL.txt-659,0,989,989,7,Y,Y,1.0,0,989,HeatEvaluator=1.9405432793112674
RECOLL.txt-660,0,1047,1047,9,Y,N,-,-1,-1,HeatEvaluator=0.5279909318362024
RECOLL.txt-661,0,208,208,2,Y,Y,1.0,0,208,HeatEvaluator=2.161618528855882
RECOLL.txt-662,0,224,224,3,Y,N,-,-1,-1,HeatEvaluator=0.7854174819044446
RECOLL.txt-663,0,512,512,5,Y,Y,1.0,0,512,HeatEvaluator=2.2770878752534145
RECOLL.txt-664,0,502,502,4,Y,N,-,-1,-1,HeatEvaluator=0.8818759276397675
RECOLL.txt-665,0,493,493,4,Y,Y,1.0,0,493,HeatEvaluator=2.0390835736083783
RECOLL.txt-666,0,362,362,5,N,N,-,-1,-1,HeatEvaluator=0.3314767315818518
REMKEL1.txt-667,0,1028,1028,7,Y,Y,1.0,0,1028,HeatEvaluator=1.2308084031385542
RECOLL.txt-668,0,1269,1269,11,N,N,-,-1,-1,HeatEvaluator=0.3583888226673
REMKEL1.txt-669,0,646,646,1,Y,Y,1.0,0,646,HeatEvaluator=0.6168746412222726
REMKEL1.txt-670,0,318,318,2,Y,N,-,-1,-1,HeatEvaluator=0.55544730661
REMKEL1.txt-671,0,563,563,3,Y,Y,1.0,0,563,HeatEvaluator=0.7357466245897502
REMKEL1.txt-672,0,542,542,3,N,N,-,-1,-1,HeatEvaluator=0.0
REMKEL1.txt-673,0,546,546,4,Y,Y,1.0,0,546,HeatEvaluator=1.2625060550977276
REMKEL1.txt-674,0,406,406,2,Y,N,-,-1,-1,HeatEvaluator=0.5094665487241936
REMKEL1.txt-675,0,564,564,3,Y,Y,1.0,0,564,HeatEvaluator=1.4611652212427273
REMKEL1.txt-676,0,503,503,10,N,N,-,-1,-1,HeatEvaluator=0.3717291237566667
REMKEL1.txt-677,0,399,399,1,Y,Y,1.0,0,399,HeatEvaluator=0.6199455292432353
REMKEL1.txt-678,0,607,607,10,N,N,-,-1,-1,HeatEvaluator=0.09679621361439024
REMKEL1.txt-679,0,462,462,4,N,Y,1.0,0,462,HeatEvaluator=0.3212625320852631
REMKEL1.txt-680,0,481,481,2,N,N,-,-1,-1,HeatEvaluator=0.1559582913676316
REMKEL1.txt-681,0,1000,1000,7,Y,Y,1.0,0,1000,HeatEvaluator=1.1571292398805262
REMKEL1.txt-682,0,826,826,3,N,N,-,-1,-1,HeatEvaluator=0.3389613893622414
REMKEL1.txt-683,0,852,852,4,Y,Y,1.0,0,852,HeatEvaluator=1.027262032964493
REMKEL1.txt-684,0,819,819,5,N,N,-,-1,-1,HeatEvaluator=0.1300598531453226
REMKEL1.txt-685,0,862,862,8,Y,Y,1.0,0,862,HeatEvaluator=1.1230022021095523
REMKEL1.txt-686,0,835,835,5,N,N,-,-1,-1,HeatEvaluator=0.06758389540984375
REMKEL1.txt-687,0,446,446,2,Y,Y,1.0,0,446,HeatEvaluator=1.4513228051680551
REMKEL1.txt-688,0,325,325,3,Y,N,-,-1,-1,HeatEvaluator=0.8062926911026923
REMKEL1.txt-689,0,433,433,3,Y,Y,1.0,0,433,HeatEvaluator=0.6764605830210526
REMKEL1.txt-690,0,443,443,4,N,N,-,-1,-1,HeatEvaluator=0.11654694260545455
REMKEL1.txt-691,0,1002,1002,5,Y,Y,1.0,0,1002,HeatEvaluator=1.130652696110135
REMKEL1.txt-692,0,997,997,8,Y,N,-,-1,-1,HeatEvaluator=0.7231253826953333
REMKEL1.txt-693,0,665,665,6,Y,Y,1.0,0,665,HeatEvaluator=1.0204612424979247
REMKEL1.txt-694,0,790,790,3,N,N,-,-1,-1,HeatEvaluator=0.13879504074614035
REMKEL1.txt-695,0,909,909,6,Y,Y,1.0,0,909,HeatEvaluator=1.3082535156047295
REMKEL1.txt-696,0,676,676,4,N,N,-,-1,-1,HeatEvaluator=0.0
REMKEL1.txt-697,0,1285,1285,10,N,Y,1.0,0,1285,HeatEvaluator=0.4737954879811224
REMKEL1.txt-698,0,1245,1245,7,N,N,-,-1,-1,HeatEvaluator=0.12255049141126213
REMKEL1.txt-699,0,553,553,1,Y,Y,1.0,0,553,HeatEvaluator=1.170807620547143
REMKEL1.txt-700,0,549,549,1,N,N,-,-1,-1,HeatEvaluator=0.48774964056682923
REMKEL1.txt-701,0,1172,1172,6,Y,Y,1.0,0,1172,HeatEvaluator=0.7015909968018604
REMKEL1.txt-702,0,1034,1034,9,Y,N,-,-1,-1,HeatEvaluator=0.5410540697276136
REMKEL1.txt-703,0,527,527,3,Y,Y,1.0,0,527,HeatEvaluator=0.6550030359152499
REMKEL1.txt-704,0,308,308,3,N,N,-,-1,-1,HeatEvaluator=0.21258394751049997
REMKEL1.txt-705,0,953,953,6,Y,Y,1.0,0,953,HeatEvaluator=1.0515996438852704
REMKEL1.txt-706,0,920,920,7,N,N,-,-1,-1,HeatEvaluator=0.30346308889760004
REMKEL1.txt-707,0,573,573,4,Y,Y,1.0,0,573,HeatEvaluator=1.1286013326364286
REMKEL1.txt-708,0,540,540,2,N,N,-,-1,-1,HeatEvaluator=0.3524514365864706
REMKEL1.txt-709,0,1833,1833,11,Y,Y,1.0,0,1833,HeatEvaluator=1.36144756513375
REMKEL1.txt-710,0,1405,1405,9,N,N,-,-1,-1,HeatEvaluator=0.2395707646348113
REMKEL1.txt-711,0,2384,2384,12,Y,Y,1.0,0,2384,HeatEvaluator=1.6928070944984952
REMKEL1.txt-712,0,1742,1742,12,N,N,-,-1,-1,HeatEvaluator=0.28137671806070863
REMKEL1.txt-713,0,841,841,8,Y,Y,1.0,0,841,HeatEvaluator=1.108462964285738
REMKEL1.txt-714,0,904,904,6,N,N,-,-1,-1,HeatEvaluator=0.34812651744310813
REMKEL1.txt-715,0,1556,1556,9,Y,Y,1.0,0,1556,HeatEvaluator=0.7325710720588496
REMKEL1.txt-716,0,692,692,3,N,N,-,-1,-1,HeatEvaluator=0.15655925156352943
REMKEL1.txt-717,0,5668,5668,33,Y,Y,1.0,0,5668,HeatEvaluator=0.8645372677395581
GRONOW.txt-718,0,5304,5304,22,N,N,-,-1,-1,HeatEvaluator=0.33577419221662874
REMKEL1.txt-719,0,2042,2042,16,Y,Y,1.0,0,2042,HeatEvaluator=0.7973618368395303
REMKEL1.txt-720,0,2204,2204,15,N,N,-,-1,-1,HeatEvaluator=0.16431246413858025
REMKEL1.txt-721,0,3558,3558,18,N,Y,1.0,0,3558,HeatEvaluator=0.30758502620675676
REMKEL1.txt-722,0,3532,3532,21,N,N,-,-1,-1,HeatEvaluator=0.49482549510343765
REMKEL1.txt-723,0,3445,3445,21,Y,Y,1.0,0,3445,HeatEvaluator=1.477115293823955
GRONOW.txt-724,0,3797,3797,18,N,N,-,-1,-1,HeatEvaluator=0.19735742564343337
REMKEL1.txt-725,0,1183,1183,8,Y,Y,1.0,0,1183,HeatEvaluator=0.545494055119785
REMKEL1.txt-726,0,1317,1317,7,N,N,-,-1,-1,HeatEvaluator=0.45928085981761363
REMKEL1.txt-727,0,1259,1259,7,Y,Y,1.0,0,1259,HeatEvaluator=0.7934016103733709
REMKEL1.txt-728,0,1355,1355,7,N,N,-,-1,-1,HeatEvaluator=0.3478359461425455
REMKEL2.txt-729,0,190,190,2,N,Y,1.0,0,190,HeatEvaluator=0.263137564392
REMKEL1.txt-730,0,539,539,4,N,N,-,-1,-1,HeatEvaluator=0.3323881821825
REMKEL2.txt-731,0,761,761,4,Y,Y,1.0,0,761,HeatEvaluator=1.4989074525316948
REMKEL1.txt-732,0,580,580,4,N,N,-,-1,-1,HeatEvaluator=0.193916231613617
REMKEL2.txt-733,0,288,288,1,Y,Y,1.0,0,288,HeatEvaluator=0.589078168582174
REMKEL1.txt-734,0,191,191,1,Y,N,-,-1,-1,HeatEvaluator=1.718704534542941
REMKEL2.txt-735,0,189,189,2,Y,Y,1.0,0,189,HeatEvaluator=1.6305194727793333
REMKEL1.txt-736,0,285,285,2,N,N,-,-1,-1,HeatEvaluator=0.0
REMKEL2.txt-737,0,760,760,5,Y,Y,1.0,0,760,HeatEvaluator=1.7517548939980951
REMKEL1.txt-738,0,529,529,3,N,N,-,-1,-1,HeatEvaluator=0.17780623521512195
REMKEL2.txt-739,0,253,253,3,Y,Y,1.0,0,253,HeatEvaluator=1.3884133714981817
REMKEL1.txt-740,0,477,477,5,Y,N,-,-1,-1,HeatEvaluator=0.5191020996154054
REMKEL2.txt-741,0,377,377,2,N,Y,1.0,0,377,HeatEvaluator=0.45158538025
REMKEL1.txt-742,0,394,394,3,N,N,-,-1,-1,HeatEvaluator=0.2724866533745454
REMKEL2.txt-743,0,637,637,5,N,Y,1.0,0,637,HeatEvaluator=0.24448057083363633
REMKEL1.txt-744,0,971,971,7,N,N,-,-1,-1,HeatEvaluator=0.29168413594486486
REMKEL2.txt-745,0,523,523,3,Y,Y,1.0,0,523,HeatEvaluator=1.2377789908226189
REMKEL1.txt-746,0,392,392,3,N,N,-,-1,-1,HeatEvaluator=0.11447343494766667
REMKEL2.txt-747,0,922,922,6,N,Y,1.0,0,922,HeatEvaluator=0.4879594018064789
REMKEL1.txt-748,0,1046,1046,5,N,N,-,-1,-1,HeatEvaluator=0.3431413012494937
REMKEL2.txt-749,0,633,633,4,N,Y,1.0,0,633,HeatEvaluator=0.13864882211962265
REMKEL1.txt-750,0,575,575,4,Y,N,-,-1,-1,HeatEvaluator=0.562751759065532
REMKEL2.txt-751,0,344,344,2,Y,Y,1.0,0,344,HeatEvaluator=0.6862756107014816
REMKEL2.txt-752,0,188,188,1,Y,N,-,-1,-1,HeatEvaluator=1.0363801849815384
REMKEL2.txt-753,0,1021,1021,5,Y,Y,1.0,0,1021,HeatEvaluator=1.767061500131045
REMKEL2.txt-754,0,464,464,3,N,N,-,-1,-1,HeatEvaluator=0.3565960303576666
REMKEL2.txt-755,0,504,504,3,Y,Y,1.0,0,504,HeatEvaluator=0.635116580470465
REMKEL2.txt-756,0,674,674,5,N,N,-,-1,-1,HeatEvaluator=0.4147331351770833
REMKEL2.txt-757,0,348,348,2,Y,Y,1.0,0,348,HeatEvaluator=1.6568043531651726
REMKEL2.txt-758,0,484,484,3,Y,N,-,-1,-1,HeatEvaluator=0.7687320824453124
REMKEL2.txt-759,0,706,706,5,N,Y,1.0,0,706,HeatEvaluator=0.49308927600963637
REMKEL2.txt-760,0,761,761,2,N,N,-,-1,-1,HeatEvaluator=0.33494936951125
REMKEL2.txt-761,0,1026,1026,7,Y,Y,1.0,0,1026,HeatEvaluator=1.4511125757452379
REMKEL2.txt-762,0,727,727,5,N,N,-,-1,-1,HeatEvaluator=0.23992584400078434
REMKEL2.txt-763,0,455,455,5,Y,Y,1.0,0,455,HeatEvaluator=1.1140204635522855
REMKEL2.txt-764,0,467,467,3,N,N,-,-1,-1,HeatEvaluator=0.10955658852444444
REMKEL2.txt-765,0,635,635,6,Y,Y,1.0,0,635,HeatEvaluator=1.3729139962011538
REMKEL2.txt-766,0,400,400,3,Y,N,-,-1,-1,HeatEvaluator=0.543674079595
REMKEL2.txt-767,0,566,566,4,Y,Y,1.0,0,566,HeatEvaluator=0.9280823108986365
REMKEL2.txt-768,0,529,529,6,Y,N,-,-1,-1,HeatEvaluator=0.5187848422608824
REMKEL2.txt-769,0,388,388,3,Y,Y,1.0,0,388,HeatEvaluator=0.6467314998467858
REMKEL2.txt-770,0,403,403,3,Y,N,-,-1,-1,HeatEvaluator=0.5241829629626471
REMKEL2.txt-771,0,226,226,3,Y,Y,1.0,0,226,HeatEvaluator=1.4535447001435
REMKEL2.txt-772,0,318,318,2,Y,N,-,-1,-1,HeatEvaluator=0.5889802528945833
REMKEL2.txt-773,0,525,525,2,Y,Y,1.0,0,525,HeatEvaluator=1.0619858313726829
REMKEL2.txt-774,0,374,374,2,Y,N,-,-1,-1,HeatEvaluator=0.7963842725882143
REMKEL2.txt-775,0,540,540,3,Y,Y,1.0,0,540,HeatEvaluator=0.8101063435612819
REMKEL2.txt-776,0,612,612,2,N,N,-,-1,-1,HeatEvaluator=0.2886266569697872
REMKEL2.txt-777,0,558,558,2,Y,Y,1.0,0,558,HeatEvaluator=0.5842566262161111
REMKEL2.txt-778,0,568,568,3,Y,N,-,-1,-1,HeatEvaluator=0.6480616256252273
REMKEL2.txt-779,0,345,345,2,N,Y,1.0,0,345,HeatEvaluator=0.3306278560553571
REMKEL2.txt-780,0,282,282,2,Y,N,-,-1,-1,HeatEvaluator=0.614287316991
REMKEL2.txt-781,0,448,448,2,Y,Y,1.0,0,448,HeatEvaluator=0.7194351375186208
REMKEL2.txt-782,0,395,395,3,N,N,-,-1,-1,HeatEvaluator=0.30891639606119997
REMKEL2.txt-783,0,748,748,6,Y,Y,1.0,0,748,HeatEvaluator=0.6353496298540678
REMKEL2.txt-784,0,282,282,3,N,N,-,-1,-1,HeatEvaluator=0.23218020387529412
REMKEL2.txt-785,0,691,691,3,Y,Y,1.0,0,691,HeatEvaluator=0.5602811184403773
REMKEL2.txt-786,0,442,442,2,N,N,-,-1,-1,HeatEvaluator=0.43004356784388886
REMKEL2.txt-787,0,310,310,2,N,Y,1.0,0,310,HeatEvaluator=0.4112771845408696
REMKEL2.txt-788,0,610,610,3,Y,N,-,-1,-1,HeatEvaluator=1.016158233392745
REMKEL2.txt-789,0,147,147,2,Y,Y,1.0,0,147,HeatEvaluator=1.8657235154507694
REMKEL2.txt-790,0,488,488,2,N,N,-,-1,-1,HeatEvaluator=0.19216324147921052
REMKEL2.txt-791,0,175,175,2,Y,Y,1.0,0,175,HeatEvaluator=1.4292583470815385
REMKEL2.txt-792,0,799,799,3,N,N,-,-1,-1,HeatEvaluator=0.2762363159138596
REMKEL2.txt-793,0,546,546,2,Y,Y,1.0,0,546,HeatEvaluator=0.673657425222
REMKEL2.txt-794,0,458,458,2,Y,N,-,-1,-1,HeatEvaluator=0.7752696738885714
REMKEL2.txt-795,0,936,936,7,Y,Y,1.0,0,936,HeatEvaluator=0.8316923729083999
REMKEL2.txt-796,0,631,631,3,N,N,-,-1,-1,HeatEvaluator=0.3722039294766
REMKEL2.txt-797,0,476,476,2,Y,Y,1.0,0,476,HeatEvaluator=0.5929359809669231
REMKEL2.txt-798,0,530,530,1,Y,N,-,-1,-1,HeatEvaluator=0.602184553486
REMKEL2.txt-799,0,695,695,5,N,Y,1.0,0,695,HeatEvaluator=0.32810730335816324
REMKEL2.txt-800,0,787,787,2,N,N,-,-1,-1,HeatEvaluator=0.2685916809328788
REMKEL2.txt-801,0,194,194,2,Y,Y,1.0,0,194,HeatEvaluator=0.9536690179686667
REMKEL2.txt-802,0,262,262,1,N,N,-,-1,-1,HeatEvaluator=0.0
REMKEL2.txt-803,0,193,193,1,Y,Y,1.0,0,193,HeatEvaluator=0.972418891375625
REMKEL2.txt-804,0,308,308,2,N,N,-,-1,-1,HeatEvaluator=0.0
REMKEL2.txt-805,0,330,330,4,N,Y,1.0,0,330,HeatEvaluator=0.3634357222163636
REMKEL2.txt-806,0,497,497,4,N,N,-,-1,-1,HeatEvaluator=0.0
REMKEL2.txt-807,0,1358,1358,6,Y,Y,1.0,0,1358,HeatEvaluator=1.6386490680757841
REMKEL2.txt-808,0,1335,1335,7,N,N,-,-1,-1,HeatEvaluator=0.3230135377150961
REMKEL2.txt-809,0,397,397,3,Y,Y,1.0,0,397,HeatEvaluator=1.0899577224675001
REMKEL2.txt-810,0,201,201,1,N,N,-,-1,-1,HeatEvaluator=0.0
REMKEL2.txt-811,0,792,792,3,Y,Y,1.0,0,792,HeatEvaluator=1.009900625687288
REMKEL2.txt-812,0,451,451,1,N,N,-,-1,-1,HeatEvaluator=0.0
REMKEL2.txt-813,0,226,226,2,Y,Y,1.0,0,226,HeatEvaluator=0.7313540207413637
REMKEL2.txt-814,0,387,387,1,N,N,-,-1,-1,HeatEvaluator=0.0
REMKEL2.txt-815,0,1334,1334,10,Y,Y,1.0,0,1334,HeatEvaluator=1.1645323060719999
REMKEL2.txt-816,0,779,779,4,N,N,-,-1,-1,HeatEvaluator=0.41075771700481484
REMKEL2.txt-817,0,1431,1431,11,Y,Y,1.0,0,1431,HeatEvaluator=0.9693161632549548
REMKEL2.txt-818,0,862,862,3,N,N,-,-1,-1,HeatEvaluator=0.1257247395851724
REMKEL2.txt-819,0,481,481,2,Y,Y,1.0,0,481,HeatEvaluator=0.8006764890192105
REMKEL2.txt-820,0,603,603,3,N,N,-,-1,-1,HeatEvaluator=0.0
REMKEL2.txt-821,0,175,175,2,Y,Y,1.0,0,175,HeatEvaluator=1.0217990572846154
REMKEL2.txt-822,0,93,93,1,N,N,-,-1,-1,HeatEvaluator=0.0
REMKEL2.txt-823,0,252,252,1,N,Y,1.0,0,252,HeatEvaluator=0.0
REMKEL2.txt-824,0,432,432,1,N,N,-,-1,-1,HeatEvaluator=0.11932440129939394
REMKEL2.txt-825,0,311,311,2,Y,Y,1.0,0,311,HeatEvaluator=0.8886703542985186
REMKEL2.txt-826,0,450,450,3,N,N,-,-1,-1,HeatEvaluator=0.0
REOPER.txt-827,0,648,648,2,Y,Y,1.0,0,648,HeatEvaluator=0.771266997732963
REMKEL2.txt-828,0,844,844,5,N,N,-,-1,-1,HeatEvaluator=0.0
REOPER.txt-829,0,879,879,6,Y,Y,1.0,0,879,HeatEvaluator=0.9555506231192065
REOPER.txt-830,0,605,605,2,Y,N,-,-1,-1,HeatEvaluator=0.6175313375469564
REOPER.txt-831,0,1091,1091,7,Y,Y,1.0,0,1091,HeatEvaluator=0.977490310723494
REOPER.txt-832,0,1039,1039,6,Y,N,-,-1,-1,HeatEvaluator=0.5141783893626506
REOPER.txt-833,0,906,906,4,Y,Y,1.0,0,906,HeatEvaluator=0.8735503604157746
REOPER.txt-834,0,1029,1029,7,N,N,-,-1,-1,HeatEvaluator=0.3173565621411392
REOPER.txt-835,0,833,833,7,Y,Y,1.0,0,833,HeatEvaluator=0.9264168682944263
REOPER.txt-836,0,474,474,2,N,N,-,-1,-1,HeatEvaluator=0.0
REOPER.txt-837,0,723,723,5,Y,Y,1.0,0,723,HeatEvaluator=0.5776857826311665
REOPER.txt-838,0,609,609,4,N,N,-,-1,-1,HeatEvaluator=0.400069114870851
REOPER.txt-839,0,1580,1580,8,Y,Y,1.0,0,1580,HeatEvaluator=0.7583888595887023
REOPER.txt-840,0,2056,2056,9,N,N,-,-1,-1,HeatEvaluator=0.22808266929903223
REOPER.txt-841,0,815,815,5,Y,Y,1.0,0,815,HeatEvaluator=1.6400469340552304
REOPER.txt-842,0,687,687,3,N,N,-,-1,-1,HeatEvaluator=0.3718087249756
REOPER.txt-843,0,490,490,4,Y,Y,1.0,0,490,HeatEvaluator=0.5452966903470731
REOPER.txt-844,0,469,469,2,N,N,-,-1,-1,HeatEvaluator=0.1286086798777778
REOPER.txt-845,0,771,771,6,Y,Y,1.0,0,771,HeatEvaluator=0.9018795749817743
REOPER.txt-846,0,509,509,3,N,N,-,-1,-1,HeatEvaluator=0.0
REOPER.txt-847,0,431,431,3,Y,Y,1.0,0,431,HeatEvaluator=1.23971176599
REOPER.txt-848,0,232,232,1,Y,N,-,-1,-1,HeatEvaluator=1.136845002509
REOPER.txt-849,0,609,609,4,Y,Y,1.0,0,609,HeatEvaluator=1.3235463942375
REOPER.txt-850,0,769,769,4,N,N,-,-1,-1,HeatEvaluator=0.14866837717951611
REOPER.txt-851,0,460,460,4,Y,Y,1.0,0,460,HeatEvaluator=0.7073517928069231
REOPER.txt-852,0,270,270,2,N,N,-,-1,-1,HeatEvaluator=0.31169303509874996
REOPER.txt-853,0,723,723,4,Y,Y,1.0,0,723,HeatEvaluator=0.594721582438
REOPER.txt-854,0,697,697,2,Y,N,-,-1,-1,HeatEvaluator=0.7533601359657447
REOPER.txt-855,0,508,508,4,Y,Y,1.0,0,508,HeatEvaluator=0.6285378560976317
REOPER.txt-856,0,180,180,1,N,N,-,-1,-1,HeatEvaluator=0.31432879040846157
REOPER.txt-857,0,796,796,4,N,Y,1.0,0,796,HeatEvaluator=0.3036552143232308
REOPER.txt-858,0,501,501,1,N,N,-,-1,-1,HeatEvaluator=0.09122204656121952
REOPER.txt-859,0,758,758,5,Y,Y,1.0,0,758,HeatEvaluator=1.1403692873563933
REOPER.txt-860,0,411,411,2,N,N,-,-1,-1,HeatEvaluator=0.14618753577333332
REOPER.txt-861,0,591,591,5,Y,Y,1.0,0,591,HeatEvaluator=1.637909176505682
REOPER.txt-862,0,899,899,4,N,N,-,-1,-1,HeatEvaluator=0.12124910600272729
REOPER.txt-863,0,945,945,6,Y,Y,1.0,0,945,HeatEvaluator=0.6979960773194737
REOPER.txt-864,0,525,525,2,N,N,-,-1,-1,HeatEvaluator=0.48839453224833324
REOPER.txt-865,0,436,436,2,Y,Y,1.0,0,436,HeatEvaluator=0.9194856942251353
REOPER.txt-866,0,320,320,1,N,N,-,-1,-1,HeatEvaluator=0.0
REOPER.txt-867,0,1574,1574,8,Y,Y,1.0,0,1574,HeatEvaluator=0.8833228655613711
REOPER.txt-868,0,1403,1403,11,N,N,-,-1,-1,HeatEvaluator=0.4018207100744444
REOPER.txt-869,0,691,691,4,Y,Y,1.0,0,691,HeatEvaluator=1.1875655108927776
REOPER.txt-870,0,280,280,2,N,N,-,-1,-1,HeatEvaluator=0.33587934109
REOPER.txt-871,0,471,471,2,Y,Y,1.0,0,471,HeatEvaluator=1.301877616811081
REOPER.txt-872,0,387,387,1,N,N,-,-1,-1,HeatEvaluator=0.0
REOPER.txt-873,0,2015,2015,15,Y,Y,1.0,0,2015,HeatEvaluator=1.2425213605240002
REOPER.txt-874,0,1789,1789,12,N,N,-,-1,-1,HeatEvaluator=0.33838299742902256
REOPER.txt-875,0,650,650,3,Y,Y,1.0,0,650,HeatEvaluator=1.0318078508975
REOPER.txt-876,0,238,238,3,N,N,-,-1,-1,HeatEvaluator=0.0
REOPER.txt-877,0,1528,1528,10,Y,Y,1.0,0,1528,HeatEvaluator=0.9525705917828797
REOPER.txt-878,0,283,283,1,N,N,-,-1,-1,HeatEvaluator=0.18795540313714285
REOPER.txt-879,0,1037,1037,6,Y,Y,1.0,0,1037,HeatEvaluator=0.545794846241125
REOPER.txt-880,0,477,477,2,N,N,-,-1,-1,HeatEvaluator=0.10312325642388889
REOPER.txt-881,0,2310,2310,15,Y,Y,1.0,0,2310,HeatEvaluator=1.0257461497595648
REOPER.txt-882,0,1231,1231,5,N,N,-,-1,-1,HeatEvaluator=0.2949503812779208
REOPER.txt-883,0,1101,1101,8,Y,Y,1.0,0,1101,HeatEvaluator=0.7745555441512224
REOPER.txt-884,0,1882,1882,13,N,N,-,-1,-1,HeatEvaluator=0.21596346868041377
REOPER.txt-885,0,2049,2049,11,Y,Y,1.0,0,2049,HeatEvaluator=0.9725604876882821
REOPER.txt-886,0,1664,1664,12,N,N,-,-1,-1,HeatEvaluator=0.24268215162846157
REOPER.txt-887,0,3621,3621,30,Y,Y,1.0,0,3621,HeatEvaluator=1.0461165363311393
REOPER.txt-888,0,3537,3537,14,N,N,-,-1,-1,HeatEvaluator=0.31435773585338345
THIRTY.txt-889,0,588,588,4,Y,Y,1.0,0,588,HeatEvaluator=0.5746164078473469
THIRTY.txt-890,0,631,631,4,Y,N,-,-1,-1,HeatEvaluator=0.6076318427996078
THIRTY.txt-891,0,956,956,5,Y,Y,1.0,0,956,HeatEvaluator=1.8405436666928572
THIRTY.txt-892,0,530,530,4,N,N,-,-1,-1,HeatEvaluator=0.24912198283069767
THIRTY.txt-893,0,470,470,2,Y,Y,1.0,0,470,HeatEvaluator=1.2080245378780001
THIRTY.txt-894,0,330,330,2,N,N,-,-1,-1,HeatEvaluator=0.25291999237964286
THIRTY.txt-895,0,233,233,1,Y,Y,1.0,0,233,HeatEvaluator=2.40669205876
THIRTY.txt-896,0,264,264,1,Y,N,-,-1,-1,HeatEvaluator=0.732411201205
THIRTY.txt-897,0,863,863,5,Y,Y,1.0,0,863,HeatEvaluator=1.378529904023871
THIRTY.txt-898,0,1038,1038,12,N,N,-,-1,-1,HeatEvaluator=0.16960473762892855
THIRTY.txt-899,0,580,580,4,Y,Y,1.0,0,580,HeatEvaluator=1.3867307223786955
THIRTY.txt-900,0,655,655,5,Y,N,-,-1,-1,HeatEvaluator=0.5131680833105263
THIRTY.txt-901,0,1079,1079,7,Y,Y,1.0,0,1079,HeatEvaluator=1.2563371121196512
THIRTY.txt-902,0,719,719,8,N,N,-,-1,-1,HeatEvaluator=0.29366136562491224
THIRTY.txt-903,0,1541,1541,11,Y,Y,1.0,0,1541,HeatEvaluator=0.7830061027253448
GLOVER.txt-904,0,870,870,8,N,N,-,-1,-1,HeatEvaluator=0.1577768531604
THIRTY.txt-905,0,684,684,5,Y,Y,1.0,0,684,HeatEvaluator=1.3407035751026786
THIRTY.txt-906,0,688,688,4,Y,N,-,-1,-1,HeatEvaluator=0.9246893743916951
THIRTY.txt-907,0,361,361,2,Y,Y,1.0,0,361,HeatEvaluator=0.9618558120551852
GLOVER.txt-908,0,440,440,4,N,N,-,-1,-1,HeatEvaluator=0.22632686250000003
THIRTY.txt-909,0,375,375,1,Y,Y,1.0,0,375,HeatEvaluator=0.7155391719265715
GLOVER.txt-910,0,344,344,2,N,N,-,-1,-1,HeatEvaluator=0.23662603977434782
THIRTY.txt-911,0,728,728,5,Y,Y,1.0,0,728,HeatEvaluator=0.9150229851069492
GLOVER.txt-912,0,611,611,3,N,N,-,-1,-1,HeatEvaluator=0.38702819702619995
THIRTY.txt-913,0,436,436,1,Y,Y,1.0,0,436,HeatEvaluator=2.130759336420909
GLOVER.txt-914,0,562,562,5,N,N,-,-1,-1,HeatEvaluator=0.3820312491038
THIRTY.txt-915,0,580,580,5,Y,Y,1.0,0,580,HeatEvaluator=0.9171917952395557
GLOVER.txt-916,0,522,522,2,Y,N,-,-1,-1,HeatEvaluator=0.5254334734602499
THIRTY.txt-917,0,1105,1105,7,Y,Y,1.0,0,1105,HeatEvaluator=0.9088181366666267
GLOVER.txt-918,0,832,832,4,N,N,-,-1,-1,HeatEvaluator=0.3417073795152381
THIRTY.txt-919,0,929,929,4,Y,Y,1.0,0,929,HeatEvaluator=0.9343880978709092
GLOVER.txt-920,0,476,476,2,N,N,-,-1,-1,HeatEvaluator=0.0
THIRTY.txt-921,0,646,646,3,Y,Y,1.0,0,646,HeatEvaluator=0.6785149591559323
GLOVER.txt-922,0,540,540,4,N,N,-,-1,-1,HeatEvaluator=0.48482473070045456
THIRTY.txt-923,0,387,387,1,Y,Y,1.0,0,387,HeatEvaluator=1.7616883436849997
GLOVER.txt-924,0,255,255,2,N,N,-,-1,-1,HeatEvaluator=0.0
THIRTY.txt-925,0,446,446,4,Y,Y,1.0,0,446,HeatEvaluator=1.4058528399494445
GLOVER.txt-926,0,605,605,5,N,N,-,-1,-1,HeatEvaluator=0.22402939280688888
THIRTY.txt-927,0,654,654,3,Y,Y,1.0,0,654,HeatEvaluator=1.4147359394630614
TWOMEN.txt-928,0,519,519,8,N,N,-,-1,-1,HeatEvaluator=0.3259547899337209
THIRTY.txt-929,0,397,397,2,Y,Y,1.0,0,397,HeatEvaluator=0.9990299123693548
TWOMEN.txt-930,0,447,447,3,N,N,-,-1,-1,HeatEvaluator=0.1293407709534375
THIRTY.txt-931,0,1034,1034,6,Y,Y,1.0,0,1034,HeatEvaluator=1.3090544581097563
TWOMEN.txt-932,0,673,673,4,Y,N,-,-1,-1,HeatEvaluator=0.6522823788311999
THIRTY.txt-933,0,585,585,3,Y,Y,1.0,0,585,HeatEvaluator=1.0447223669432075
TWOMEN.txt-934,0,658,658,4,Y,N,-,-1,-1,HeatEvaluator=0.7094790987880435
THIRTY.txt-935,0,413,413,2,Y,Y,1.0,0,413,HeatEvaluator=1.879793879037
WESLEY.txt-936,0,319,319,2,N,N,-,-1,-1,HeatEvaluator=0.26647488901
THIRTY.txt-937,0,1177,1177,5,Y,Y,1.0,0,1177,HeatEvaluator=0.8446982778551765
WESLEY.txt-938,0,754,754,2,N,N,-,-1,-1,HeatEvaluator=0.13242348571092594
THIRTY.txt-939,0,2843,2843,19,Y,Y,1.0,0,2843,HeatEvaluator=0.9751891297799998
WESLEY.txt-940,0,1342,1342,10,N,N,-,-1,-1,HeatEvaluator=0.29451376253305556
THIRTY.txt-941,0,481,481,4,Y,Y,1.0,0,481,HeatEvaluator=0.8904966931758141
WESLEY.txt-942,0,353,353,4,N,N,-,-1,-1,HeatEvaluator=0.16679491392846155
THIRTY.txt-943,0,439,439,3,Y,Y,1.0,0,439,HeatEvaluator=1.205633813412
WESLEY.txt-944,0,505,505,6,N,N,-,-1,-1,HeatEvaluator=0.3353807311652778
THIRTY.txt-945,0,575,575,3,Y,Y,1.0,0,575,HeatEvaluator=1.0292536957397915
WESLEY.txt-946,0,625,625,9,N,N,-,-1,-1,HeatEvaluator=0.33371124341659575
THIRTY.txt-947,0,929,929,6,Y,Y,1.0,0,929,HeatEvaluator=1.0987500901116252
WESLEY.txt-948,0,526,526,4,N,N,-,-1,-1,HeatEvaluator=0.0
THIRTY.txt-949,0,769,769,5,Y,Y,1.0,0,769,HeatEvaluator=0.8566827786313637
WESLEY.txt-950,0,469,469,3,N,N,-,-1,-1,HeatEvaluator=0.0
THIRTY.txt-951,0,1285,1285,8,Y,Y,1.0,0,1285,HeatEvaluator=1.2076755209432142
WESLEY.txt-952,0,1739,1739,11,N,N,-,-1,-1,HeatEvaluator=0.09364768433891667
THIRTY.txt-953,0,959,959,6,Y,Y,1.0,0,959,HeatEvaluator=1.12870308235473
WESLEY.txt-954,0,333,333,1,N,N,-,-1,-1,HeatEvaluator=0.0
THIRTY.txt-955,0,534,534,4,Y,Y,1.0,0,534,HeatEvaluator=0.576016849727234
WESLEY.txt-956,0,439,439,2,N,N,-,-1,-1,HeatEvaluator=0.0
THIRTY.txt-957,0,442,442,4,Y,Y,1.0,0,442,HeatEvaluator=0.7587915963957895
WESLEY.txt-958,0,359,359,1,N,N,-,-1,-1,HeatEvaluator=0.0
THIRTY.txt-959,0,546,546,3,Y,Y,1.0,0,546,HeatEvaluator=1.3050941023172917
WESLEY.txt-960,0,750,750,4,N,N,-,-1,-1,HeatEvaluator=0.2364637537525
THIRTY.txt-961,0,1611,1611,11,Y,Y,1.0,0,1611,HeatEvaluator=1.120042791122174
WESLEY.txt-962,0,629,629,4,N,N,-,-1,-1,HeatEvaluator=0.1819646098480851
THIRTY.txt-963,0,2153,2153,15,Y,Y,1.0,0,2153,HeatEvaluator=0.6826603672183926
WESLEY.txt-964,0,2059,2059,12,N,N,-,-1,-1,HeatEvaluator=0.2646193622121935
THIRTY.txt-965,0,1013,1013,7,Y,Y,1.0,0,1013,HeatEvaluator=0.9725177904428394
WESLEY.txt-966,0,1234,1234,10,N,N,-,-1,-1,HeatEvaluator=0.18945658880151514
THIRTY.txt-967,0,654,654,4,Y,Y,1.0,0,654,HeatEvaluator=1.5925746320128846
WESLEY.txt-968,0,499,499,3,N,N,-,-1,-1,HeatEvaluator=0.08552286387128205
THIRTY.txt-969,0,380,380,5,Y,Y,1.0,0,380,HeatEvaluator=0.8867822669680769
WESLEY.txt-970,0,359,359,4,N,N,-,-1,-1,HeatEvaluator=0.14717667582846156
THIRTY.txt-971,0,1132,1132,7,Y,Y,1.0,0,1132,HeatEvaluator=0.7569920542019567
WESLEY.txt-972,0,1096,1096,10,N,N,-,-1,-1,HeatEvaluator=0.3132163416376923
THIRTY.txt-973,0,1046,1046,8,Y,Y,1.0,0,1046,HeatEvaluator=1.4755734950334938
WESLEY.txt-974,0,767,767,8,N,N,-,-1,-1,HeatEvaluator=0.0
THIRTY.txt-975,0,855,855,7,Y,Y,1.0,0,855,HeatEvaluator=0.9457516125572727
WESLEY.txt-976,0,1406,1406,12,N,N,-,-1,-1,HeatEvaluator=0.0
THIRTY.txt-977,0,2357,2357,13,Y,Y,1.0,0,2357,HeatEvaluator=1.677443768784488
WESLEY.txt-978,0,740,740,7,N,N,-,-1,-1,HeatEvaluator=0.2807267875925862
THIRTY.txt-979,0,749,749,5,Y,Y,1.0,0,749,HeatEvaluator=1.2991475107895163
WESLEY.txt-980,0,399,399,3,N,N,-,-1,-1,HeatEvaluator=0.1634021985175
TWOMEN.txt-981,0,307,307,3,N,Y,1.0,0,307,HeatEvaluator=0.32884728740200003
WESLEY.txt-982,0,114,114,1,N,N,-,-1,-1,HeatEvaluator=0.0
TWOMEN.txt-983,0,361,361,5,Y,Y,1.0,0,361,HeatEvaluator=1.1972778404403448
WESLEY.txt-984,0,352,352,6,N,N,-,-1,-1,HeatEvaluator=0.1352294056696552
TWOMEN.txt-985,0,366,366,3,Y,Y,1.0,0,366,HeatEvaluator=1.1319943033396551
WESLEY.txt-986,0,305,305,3,N,N,-,-1,-1,HeatEvaluator=0.0
WESLEY.txt-987,0,2412,2412,29,N,Y,1.0,0,2412,HeatEvaluator=0.41773814238123597
WESLEY.txt-988,0,1605,1605,16,N,N,-,-1,-1,HeatEvaluator=0.14731257406921258
WESLEY.txt-989,0,981,981,6,N,Y,1.0,0,981,HeatEvaluator=0.4183859339480519
WESLEY.txt-990,0,516,516,4,N,N,-,-1,-1,HeatEvaluator=0.0
WESLEY.txt-991,0,507,507,3,Y,Y,1.0,0,507,HeatEvaluator=0.6988169819830555
WESLEY.txt-992,0,649,649,6,N,N,-,-1,-1,HeatEvaluator=0.0
WESLEY.txt-993,0,417,417,4,Y,Y,1.0,0,417,HeatEvaluator=0.8548364590990908
WESLEY.txt-994,0,794,794,14,N,N,-,-1,-1,HeatEvaluator=0.0
WESLEY.txt-995,0,624,624,10,N,Y,1.0,0,624,HeatEvaluator=0.24703609266053572
WESLEY.txt-996,0,364,364,4,N,N,-,-1,-1,HeatEvaluator=0.0
WESLEY.txt-997,0,249,249,3,Y,Y,1.0,0,249,HeatEvaluator=1.165257412976111
WESLEY.txt-998,0,175,175,3,N,N,-,-1,-1,HeatEvaluator=0.0
WESLEY.txt-999,0,2507,2507,22,N,Y,1.0,0,2507,HeatEvaluator=0.06810497128478023
WESLEY.txt-1000,0,2550,2550,27,N,N,-,-1,-1,HeatEvaluator=0.11538718582691013
