GLOVER.txt-1,0,1089,1089,4,Y,Y,1.0,0,1089,HeatEvaluator=0.5541105691777465
GLOVER.txt-2,0,912,912,2,N,N,-,-1,-1,HeatEvaluator=0.32291890808948276
GLOVER.txt-3,0,1923,1923,9,N,Y,1.0,0,1923,HeatEvaluator=0.3806915920889656
GLOVER.txt-4,0,1530,1530,15,N,N,-,-1,-1,HeatEvaluator=0.22821109547387594
GLOVER.txt-5,0,1263,1263,8,Y,Y,1.0,0,1263,HeatEvaluator=0.9354687672123637
GLOVER.txt-6,0,721,721,6,N,N,-,-1,-1,HeatEvaluator=0.1912257619721154
GLOVER.txt-7,0,767,767,5,Y,Y,1.0,0,767,HeatEvaluator=0.6006894773932308
GLOVER.txt-8,0,949,949,3,N,N,-,-1,-1,HeatEvaluator=0.04414150187455555
GRONOW.txt-9,0,1099,1099,4,N,Y,1.0,0,1099,HeatEvaluator=0.33367259816457834
GRONOW.txt-10,0,832,832,5,N,N,-,-1,-1,HeatEvaluator=0.20761776946907692
GRONOW.txt-11,0,899,899,4,Y,Y,1.0,0,899,HeatEvaluator=0.7683178104559154
GRONOW.txt-12,0,906,906,4,N,N,-,-1,-1,HeatEvaluator=0.0
GRONOW.txt-13,0,1025,1025,6,N,Y,1.0,0,1025,HeatEvaluator=0.4293579799130865
GRONOW.txt-14,0,1128,1128,9,N,N,-,-1,-1,HeatEvaluator=0.0
MASONB.txt-15,0,83,83,1,Y,Y,1.0,0,83,HeatEvaluator=1.7506145331333334
MASONB.txt-16,0,122,122,1,N,N,-,-1,-1,HeatEvaluator=0.0
MASONB.txt-17,0,225,225,2,N,Y,1.0,0,225,HeatEvaluator=0.24394291809
MASONB.txt-18,0,245,245,2,N,N,-,-1,-1,HeatEvaluator=0.0
MASONB.txt-19,0,148,148,1,N,Y,1.0,0,148,HeatEvaluator=0.3733196176563636
MASONB.txt-20,0,218,218,1,N,N,-,-1,-1,HeatEvaluator=0.0
MASONB.txt-21,0,125,125,1,Y,Y,1.0,0,125,HeatEvaluator=0.7104487123025
MASONB.txt-22,0,192,192,1,N,N,-,-1,-1,HeatEvaluator=0.0
MASONB.txt-23,0,434,434,4,Y,Y,1.0,0,434,HeatEvaluator=1.200258262968788
MASONB.txt-24,0,290,290,1,Y,N,-,-1,-1,HeatEvaluator=0.7601282140122727
MASONB.txt-25,0,1171,1171,9,Y,Y,1.0,0,1171,HeatEvaluator=1.3563177458496807
MASONB.txt-26,0,1016,1016,8,N,N,-,-1,-1,HeatEvaluator=0.1236267608555263
MASONB.txt-27,0,88,88,1,Y,Y,1.0,0,88,HeatEvaluator=0.5575838127771429
MASONB.txt-28,0,164,164,2,Y,N,-,-1,-1,HeatEvaluator=0.6051786800563637
MASONB.txt-29,0,710,710,4,Y,Y,1.0,0,710,HeatEvaluator=1.7915355001926787
MASONB.txt-30,0,499,499,5,Y,N,-,-1,-1,HeatEvaluator=0.8774718870175675
MASONB.txt-31,0,133,133,1,N,Y,1.0,0,133,HeatEvaluator=0.45066244575222225
MASONB.txt-32,0,205,205,3,N,N,-,-1,-1,HeatEvaluator=0.0
MASONB.txt-33,0,622,622,5,Y,Y,1.0,0,622,HeatEvaluator=1.450024371715769
MASONB.txt-34,0,530,530,4,N,N,-,-1,-1,HeatEvaluator=0.10748823551575
MASONB.txt-35,0,744,744,6,Y,Y,1.0,0,744,HeatEvaluator=0.7496425467652542
MASONB.txt-36,0,489,489,2,Y,N,-,-1,-1,HeatEvaluator=0.6499676598185714
MASONB.txt-37,0,197,197,2,Y,Y,1.0,0,197,HeatEvaluator=1.1263711935253333
MASONB.txt-38,0,380,380,2,N,N,-,-1,-1,HeatEvaluator=0.0
MASONB.txt-39,0,450,450,3,Y,Y,1.0,0,450,HeatEvaluator=0.8107252881826316
MASONB.txt-40,0,454,454,2,Y,N,-,-1,-1,HeatEvaluator=0.8357484455213158
MASONB.txt-41,0,775,775,5,Y,Y,1.0,0,775,HeatEvaluator=0.7498489156766667
MASONB.txt-42,0,775,775,7,N,N,-,-1,-1,HeatEvaluator=0.07036783831122807
MASONB.txt-43,0,627,627,2,Y,Y,1.0,0,627,HeatEvaluator=0.5448902805177273
MASONB.txt-44,0,504,504,3,N,N,-,-1,-1,HeatEvaluator=0.09757716723599999
MASONB.txt-45,0,1039,1039,7,Y,Y,1.0,0,1039,HeatEvaluator=1.5091785735848053
MASONB.txt-46,0,808,808,9,N,N,-,-1,-1,HeatEvaluator=0.07356870280428572
MASONB.txt-47,0,175,175,1,Y,Y,1.0,0,175,HeatEvaluator=1.089679953148
MASONB.txt-48,0,459,459,2,Y,N,-,-1,-1,HeatEvaluator=0.8357484455213158
MASONB.txt-49,0,173,173,2,Y,Y,1.0,0,173,HeatEvaluator=1.2243237611400002
MASONB.txt-50,0,202,202,2,Y,N,-,-1,-1,HeatEvaluator=0.7831724094847059
MASONB.txt-51,0,264,264,2,Y,Y,1.0,0,264,HeatEvaluator=0.5586956894622221
MASONB.txt-52,0,304,304,4,N,N,-,-1,-1,HeatEvaluator=0.48670483862384617
MASONB.txt-53,0,514,514,4,Y,Y,1.0,0,514,HeatEvaluator=0.9670084064540476
MASONB.txt-54,0,272,272,2,Y,N,-,-1,-1,HeatEvaluator=0.6468048239066666
MASONB.txt-55,0,328,328,1,Y,Y,1.0,0,328,HeatEvaluator=0.87488055633
MASONB.txt-56,0,250,250,3,N,N,-,-1,-1,HeatEvaluator=0.0
MASONB.txt-57,0,1097,1097,7,Y,Y,1.0,0,1097,HeatEvaluator=1.0941872769834442
MASONB.txt-58,0,928,928,4,Y,N,-,-1,-1,HeatEvaluator=0.5853231393743037
MASONB.txt-59,0,101,101,1,N,Y,1.0,0,101,HeatEvaluator=0.0
MASONB.txt-60,0,188,188,1,N,N,-,-1,-1,HeatEvaluator=0.0
MASONB.txt-61,0,499,499,3,Y,Y,1.0,0,499,HeatEvaluator=0.9132170560248571
MASONB.txt-62,0,540,540,5,N,N,-,-1,-1,HeatEvaluator=0.0
MASONB.txt-63,0,238,238,2,Y,Y,1.0,0,238,HeatEvaluator=1.3809688725706666
MASONB.txt-64,0,228,228,1,N,N,-,-1,-1,HeatEvaluator=0.0
MASONB.txt-65,0,1012,1012,6,Y,Y,1.0,0,1012,HeatEvaluator=1.5784120032734243
MASONB.txt-66,0,889,889,6,Y,N,-,-1,-1,HeatEvaluator=0.617589970755082
MASONB.txt-67,0,673,673,4,Y,Y,1.0,0,673,HeatEvaluator=1.1154902101157407
MASONB.txt-68,0,532,532,3,N,N,-,-1,-1,HeatEvaluator=0.10893479901166667
MASONB.txt-69,0,1231,1231,7,Y,Y,1.0,0,1231,HeatEvaluator=0.6727241788117172
MASONB.txt-70,0,1264,1264,15,N,N,-,-1,-1,HeatEvaluator=0.20329536030172726
MASONB.txt-71,0,522,522,3,Y,Y,1.0,0,522,HeatEvaluator=1.5252754182892307
MASONB.txt-72,0,796,796,4,N,N,-,-1,-1,HeatEvaluator=0.0
MASONB.txt-73,0,96,96,1,Y,Y,1.0,0,96,HeatEvaluator=1.3677413011975
MASONB.txt-74,0,143,143,1,N,N,-,-1,-1,HeatEvaluator=0.0
MASONB.txt-75,0,825,825,7,Y,Y,1.0,0,825,HeatEvaluator=0.8424800074892308
MASONB.txt-76,0,849,849,5,N,N,-,-1,-1,HeatEvaluator=0.0
MASONB.txt-77,0,230,230,2,Y,Y,1.0,0,230,HeatEvaluator=1.196416767953333
MASONB.txt-78,0,345,345,2,N,N,-,-1,-1,HeatEvaluator=0.0
MASONB.txt-79,0,1168,1168,5,N,Y,1.0,0,1168,HeatEvaluator=0.42117639821274727
MASONB.txt-80,0,967,967,5,Y,N,-,-1,-1,HeatEvaluator=0.5179870283498649
MASONB.txt-81,0,601,601,2,Y,Y,1.0,0,601,HeatEvaluator=1.0635291382907843
MASONB.txt-82,0,500,500,3,N,N,-,-1,-1,HeatEvaluator=0.10840450766864865
MASONB.txt-83,0,669,669,4,N,Y,1.0,0,669,HeatEvaluator=0.40566316800392155
MASONB.txt-84,0,633,633,5,N,N,-,-1,-1,HeatEvaluator=0.0
MASONB.txt-85,0,920,920,7,Y,Y,1.0,0,920,HeatEvaluator=1.2389632754130881
MASONB.txt-86,0,869,869,2,N,N,-,-1,-1,HeatEvaluator=0.3798642797733333
MASONB.txt-87,0,311,311,3,Y,Y,1.0,0,311,HeatEvaluator=0.6868395066995833
MASONB.txt-88,0,461,461,1,N,N,-,-1,-1,HeatEvaluator=0.26469642527000004
MASONB.txt-89,0,164,164,1,Y,Y,1.0,0,164,HeatEvaluator=0.6019030349123077
MASONB.txt-90,0,118,118,1,N,N,-,-1,-1,HeatEvaluator=0.0
MASONB.txt-91,0,236,236,1,N,Y,1.0,0,236,HeatEvaluator=0.47876694464266667
MASONB.txt-92,0,301,301,2,N,N,-,-1,-1,HeatEvaluator=0.35583175189541666
MASONB.txt-93,0,846,846,5,Y,Y,1.0,0,846,HeatEvaluator=0.9301814779642252
MASONB.txt-94,0,1065,1065,6,N,N,-,-1,-1,HeatEvaluator=0.4292347232639241
MASONB.txt-95,0,917,917,6,Y,Y,1.0,0,917,HeatEvaluator=0.9334523700800001
MASONB.txt-96,0,832,832,6,N,N,-,-1,-1,HeatEvaluator=0.12463765488015385
MASONB.txt-97,0,354,354,2,Y,Y,1.0,0,354,HeatEvaluator=1.33149176045
MASONB.txt-98,0,199,199,1,N,N,-,-1,-1,HeatEvaluator=0.0
MASONB.txt-99,0,370,370,3,N,Y,1.0,0,370,HeatEvaluator=0.35577549982083334
MASONB.txt-100,0,452,452,2,N,N,-,-1,-1,HeatEvaluator=0.259424029854
MASONB.txt-101,0,579,579,4,Y,Y,1.0,0,579,HeatEvaluator=0.937956044371
MASONB.txt-102,0,634,634,5,N,N,-,-1,-1,HeatEvaluator=0.37416272203911105
MASONB.txt-103,0,376,376,3,Y,Y,1.0,0,376,HeatEvaluator=0.9133080043390909
MASONB.txt-104,0,296,296,1,N,N,-,-1,-1,HeatEvaluator=0.32424292377136366
MASONB.txt-105,0,629,629,5,N,Y,1.0,0,629,HeatEvaluator=0.37416272203911105
MASONB.txt-106,0,506,506,4,N,N,-,-1,-1,HeatEvaluator=0.0
MASONB.txt-107,0,1347,1347,11,Y,Y,1.0,0,1347,HeatEvaluator=1.26389714414991
MASONB.txt-108,0,1103,1103,6,N,N,-,-1,-1,HeatEvaluator=0.04507646855655172
MASONB.txt-109,0,1298,1298,8,Y,Y,1.0,0,1298,HeatEvaluator=0.5914343740273335
MASONB.txt-110,0,1016,1016,6,N,N,-,-1,-1,HeatEvaluator=0.0578382506228169
MASONB.txt-111,0,290,290,2,N,Y,1.0,0,290,HeatEvaluator=0.4407257376734615
MASONB.txt-112,0,97,97,1,N,N,-,-1,-1,HeatEvaluator=0.48661356432375
MASONB.txt-113,0,305,305,2,Y,Y,1.0,0,305,HeatEvaluator=0.7019718139404347
MASONB.txt-114,0,283,283,2,N,N,-,-1,-1,HeatEvaluator=0.0
MASONB.txt-115,0,873,873,5,Y,Y,1.0,0,873,HeatEvaluator=1.1289002329069229
MASONB.txt-116,0,726,726,7,Y,N,-,-1,-1,HeatEvaluator=0.5741549388476471
MASONB.txt-117,0,1306,1306,7,N,Y,1.0,0,1306,HeatEvaluator=0.4211846874021154
MASONB.txt-118,0,1208,1208,10,N,N,-,-1,-1,HeatEvaluator=0.08831216761763441
MASONB.txt-119,0,1570,1570,10,Y,Y,1.0,0,1570,HeatEvaluator=1.208169895477838
MASONB.txt-120,0,1184,1184,5,N,N,-,-1,-1,HeatEvaluator=0.17951340306380437
MASONB.txt-121,0,705,705,4,Y,Y,1.0,0,705,HeatEvaluator=0.5908696355857895
MASONB.txt-122,0,570,570,6,N,N,-,-1,-1,HeatEvaluator=0.0
MASONB.txt-123,0,391,391,3,Y,Y,1.0,0,391,HeatEvaluator=0.8238931982663333
MASONB.txt-124,0,241,241,2,N,N,-,-1,-1,HeatEvaluator=0.0
MASONB.txt-125,0,1073,1073,8,Y,Y,1.0,0,1073,HeatEvaluator=0.548613367739625
MASONB.txt-126,0,563,563,3,N,N,-,-1,-1,HeatEvaluator=0.14342854174380953
MASONB.txt-127,0,262,262,2,N,Y,1.0,0,262,HeatEvaluator=0.0
GRONOW.txt-128,0,218,218,1,N,N,-,-1,-1,HeatEvaluator=0.0
MASONB.txt-129,0,319,319,4,Y,Y,1.0,0,319,HeatEvaluator=0.9761804183696154
MASONB.txt-130,0,403,403,2,N,N,-,-1,-1,HeatEvaluator=0.0
MASONB.txt-131,0,111,111,1,Y,Y,1.0,0,111,HeatEvaluator=0.6528640154218182
MASONB.txt-132,0,139,139,1,N,N,-,-1,-1,HeatEvaluator=0.0
MASONB.txt-133,0,298,298,2,Y,Y,1.0,0,298,HeatEvaluator=0.9713768832899999
MASONB.txt-134,0,190,190,3,N,N,-,-1,-1,HeatEvaluator=0.0
MASONB.txt-135,0,460,460,4,Y,Y,1.0,0,460,HeatEvaluator=1.0251642884402858
MASONB.txt-136,0,491,491,7,N,N,-,-1,-1,HeatEvaluator=0.0
MASONB.txt-137,0,1746,1746,12,Y,Y,1.0,0,1746,HeatEvaluator=1.2823635638202189
GRONOW.txt-138,0,1937,1937,10,N,N,-,-1,-1,HeatEvaluator=0.0
MASONB.txt-139,0,243,243,2,Y,Y,1.0,0,243,HeatEvaluator=0.8814856358704762
MASONB.txt-140,0,273,273,3,N,N,-,-1,-1,HeatEvaluator=0.0
MASONB.txt-141,0,1650,1650,14,Y,Y,1.0,0,1650,HeatEvaluator=0.7555622191801585
GRONOW.txt-142,0,1349,1349,7,N,N,-,-1,-1,HeatEvaluator=0.0
MASONB.txt-143,0,1237,1237,9,Y,Y,1.0,0,1237,HeatEvaluator=1.053995234589208
MASONB.txt-144,0,1020,1020,10,N,N,-,-1,-1,HeatEvaluator=0.07903232151101265
MASONB.txt-145,0,120,120,1,Y,Y,1.0,0,120,HeatEvaluator=0.8256772069827272
MASONB.txt-146,0,142,142,1,N,N,-,-1,-1,HeatEvaluator=0.0
MASONB.txt-147,0,1123,1123,8,Y,Y,1.0,0,1123,HeatEvaluator=1.294966279674
MASONB.txt-148,0,552,552,2,N,N,-,-1,-1,HeatEvaluator=0.0980413191105
MASONB.txt-149,0,268,268,2,Y,Y,1.0,0,268,HeatEvaluator=1.0439653603417391
MASONB.txt-150,0,492,492,3,N,N,-,-1,-1,HeatEvaluator=0.0
MASONB.txt-151,0,804,804,5,Y,Y,1.0,0,804,HeatEvaluator=0.8643473060322951
MASONB.txt-152,0,919,919,6,N,N,-,-1,-1,HeatEvaluator=0.07357632384117647
MASONB.txt-153,0,2158,2158,13,Y,Y,1.0,0,2158,HeatEvaluator=1.142382873506951
GRONOW.txt-154,0,1900,1900,6,N,N,-,-1,-1,HeatEvaluator=0.027233699752916667
MASONB.txt-155,0,303,303,1,Y,Y,1.0,0,303,HeatEvaluator=0.72310457174875
GRONOW.txt-156,0,647,647,4,N,N,-,-1,-1,HeatEvaluator=0.08003372988612245
MASONB.txt-157,0,732,732,4,Y,Y,1.0,0,732,HeatEvaluator=0.6194074857134
GRONOW.txt-158,0,865,865,5,N,N,-,-1,-1,HeatEvaluator=0.0
MASONB.txt-159,0,225,225,1,N,Y,1.0,0,225,HeatEvaluator=0.0
GRONOW.txt-160,0,284,284,1,N,N,-,-1,-1,HeatEvaluator=0.0
MASONB.txt-161,0,201,201,1,N,Y,1.0,0,201,HeatEvaluator=0.3150315388752941
GRONOW.txt-162,0,214,214,1,N,N,-,-1,-1,HeatEvaluator=0.0
MASONB.txt-163,0,1207,1207,12,Y,Y,1.0,0,1207,HeatEvaluator=1.826130898777216
GRONOW.txt-164,0,1043,1043,5,N,N,-,-1,-1,HeatEvaluator=0.0
MASONB.txt-165,0,437,437,4,Y,Y,1.0,0,437,HeatEvaluator=1.3944834296693551
GRONOW.txt-166,0,409,409,1,N,N,-,-1,-1,HeatEvaluator=0.0
MASONB.txt-167,0,281,281,3,Y,Y,1.0,0,281,HeatEvaluator=0.6512497861347618
GRONOW.txt-168,0,333,333,1,N,N,-,-1,-1,HeatEvaluator=0.0
MASONB.txt-169,0,140,140,2,N,Y,1.0,0,140,HeatEvaluator=0.0
GRONOW.txt-170,0,232,232,2,N,N,-,-1,-1,HeatEvaluator=0.0
MASONB.txt-171,0,165,165,2,N,Y,1.0,0,165,HeatEvaluator=0.312699376325
GRONOW.txt-172,0,145,145,1,N,N,-,-1,-1,HeatEvaluator=0.0
MASONB.txt-173,0,354,354,1,Y,Y,1.0,0,354,HeatEvaluator=0.548125576785
GRONOW.txt-174,0,379,379,1,N,N,-,-1,-1,HeatEvaluator=0.0
MASONB.txt-175,0,2949,2949,20,Y,Y,1.0,0,2949,HeatEvaluator=0.855510100880848
GRONOW.txt-176,0,2918,2918,22,N,N,-,-1,-1,HeatEvaluator=0.03826002696995122
MASONB.txt-177,0,3413,3413,22,Y,Y,1.0,0,3413,HeatEvaluator=0.9977970522749813
GRONOW.txt-178,0,1901,1901,13,N,N,-,-1,-1,HeatEvaluator=0.02781314017319149
MASONB.txt-179,0,75,75,1,Y,Y,1.0,0,75,HeatEvaluator=1.79537604241
GRONOW.txt-180,0,138,138,1,N,N,-,-1,-1,HeatEvaluator=0.0
MASONB.txt-181,0,674,674,5,Y,Y,1.0,0,674,HeatEvaluator=1.9752260659469232
GRONOW.txt-182,0,778,778,7,N,N,-,-1,-1,HeatEvaluator=0.0
MASONB.txt-183,0,334,334,2,Y,Y,1.0,0,334,HeatEvaluator=1.7058197461958333
GRONOW.txt-184,0,214,214,2,N,N,-,-1,-1,HeatEvaluator=0.0
MASONB.txt-185,0,153,153,1,N,Y,1.0,0,153,HeatEvaluator=0.0
GRONOW.txt-186,0,159,159,1,N,N,-,-1,-1,HeatEvaluator=0.0
MASONB.txt-187,0,271,271,3,Y,Y,1.0,0,271,HeatEvaluator=0.9483415630295239
GRONOW.txt-188,0,338,338,3,N,N,-,-1,-1,HeatEvaluator=0.0
MASONB.txt-189,0,583,583,5,Y,Y,1.0,0,583,HeatEvaluator=1.2868642778511903
GRONOW.txt-190,0,709,709,4,N,N,-,-1,-1,HeatEvaluator=0.07269725388018868
MASONB.txt-191,0,1986,1986,11,Y,Y,1.0,0,1986,HeatEvaluator=1.308037128558851
GRONOW.txt-192,0,2255,2255,14,N,N,-,-1,-1,HeatEvaluator=0.10006699948539773
MASONB.txt-193,0,2164,2164,15,Y,Y,1.0,0,2164,HeatEvaluator=0.9185367139535329
GRONOW.txt-194,0,2101,2101,14,N,N,-,-1,-1,HeatEvaluator=0.1803846559134503
MASONB.txt-195,0,541,541,2,Y,Y,1.0,0,541,HeatEvaluator=0.5851456313336842
GRONOW.txt-196,0,596,596,3,N,N,-,-1,-1,HeatEvaluator=0.3121675712545
MASONB.txt-197,0,339,339,3,Y,Y,1.0,0,339,HeatEvaluator=1.2976867916995654
GRONOW.txt-198,0,286,286,2,N,N,-,-1,-1,HeatEvaluator=0.0
MASONB.txt-199,0,904,904,6,Y,Y,1.0,0,904,HeatEvaluator=2.002416416333561
GRONOW.txt-200,0,958,958,6,N,N,-,-1,-1,HeatEvaluator=0.0
MASONB.txt-201,0,308,308,2,Y,Y,1.0,0,308,HeatEvaluator=1.5329996323588
GRONOW.txt-202,0,817,817,5,N,N,-,-1,-1,HeatEvaluator=0.0
MASONB.txt-203,0,2054,2054,13,Y,Y,1.0,0,2054,HeatEvaluator=0.8950120733685308
GRONOW.txt-204,0,1786,1786,12,N,N,-,-1,-1,HeatEvaluator=0.029049279736444444
MASONB.txt-205,0,309,309,2,Y,Y,1.0,0,309,HeatEvaluator=1.1520668324909091
GRONOW.txt-206,0,348,348,3,N,N,-,-1,-1,HeatEvaluator=0.21415677236875
MASONB.txt-207,0,3534,3534,21,Y,Y,1.0,0,3534,HeatEvaluator=0.8935065849416844
GRONOW.txt-208,0,3543,3543,23,N,N,-,-1,-1,HeatEvaluator=0.05773779002478103
MASONB.txt-209,0,2390,2390,17,Y,Y,1.0,0,2390,HeatEvaluator=1.2871571400626174
GRONOW.txt-210,0,2103,2103,21,N,N,-,-1,-1,HeatEvaluator=0.11013592218745562
MASONB.txt-211,0,2159,2159,15,Y,Y,1.0,0,2159,HeatEvaluator=1.3503195694348211
GRONOW.txt-212,0,1929,1929,11,N,N,-,-1,-1,HeatEvaluator=0.031721227951748254
MASONB.txt-213,0,1458,1458,8,Y,Y,1.0,0,1458,HeatEvaluator=1.2401946274522222
GRONOW.txt-214,0,1325,1325,9,N,N,-,-1,-1,HeatEvaluator=0.0384218713002
MASONB.txt-215,0,101,101,2,Y,Y,1.0,0,101,HeatEvaluator=1.196515476052
GRONOW.txt-216,0,113,113,1,N,N,-,-1,-1,HeatEvaluator=0.0
MASONB.txt-217,0,245,245,2,N,Y,1.0,0,245,HeatEvaluator=0.0
GRONOW.txt-218,0,224,224,1,N,N,-,-1,-1,HeatEvaluator=0.0
MASONB.txt-219,0,2768,2768,21,Y,Y,1.0,0,2768,HeatEvaluator=0.8800741833048802
GRONOW.txt-220,0,2315,2315,15,N,N,-,-1,-1,HeatEvaluator=0.05674890062848314
MASONB.txt-221,0,211,211,1,Y,Y,1.0,0,211,HeatEvaluator=0.5415504175047059
GRONOW.txt-222,0,378,378,2,N,N,-,-1,-1,HeatEvaluator=0.0
MEMMUS.txt-223,0,392,392,2,Y,Y,1.0,0,392,HeatEvaluator=1.6469515604915153
GRONOW.txt-224,0,468,468,3,N,N,-,-1,-1,HeatEvaluator=0.0
MEMMUS.txt-225,0,483,483,7,Y,Y,1.0,0,483,HeatEvaluator=1.2215537630610258
MEMMUS.txt-226,0,367,367,2,N,N,-,-1,-1,HeatEvaluator=0.0
MEMMUS.txt-227,0,797,797,5,Y,Y,1.0,0,797,HeatEvaluator=0.8507312890459156
MEMMUS.txt-228,0,954,954,10,N,N,-,-1,-1,HeatEvaluator=0.14907067062847223
MEMMUS.txt-229,0,1015,1015,7,Y,Y,1.0,0,1015,HeatEvaluator=1.1841771305346755
MEMMUS.txt-230,0,1155,1155,4,N,N,-,-1,-1,HeatEvaluator=0.0
MEMMUS.txt-231,0,586,586,4,N,Y,1.0,0,586,HeatEvaluator=0.21620981560130434
MEMMUS.txt-232,0,405,405,3,N,N,-,-1,-1,HeatEvaluator=0.0
MEMMUS.txt-233,0,622,622,6,Y,Y,1.0,0,622,HeatEvaluator=0.5377906696411539
MEMMUS.txt-234,0,877,877,7,N,N,-,-1,-1,HeatEvaluator=0.34002821973671427
MEMMUS.txt-235,0,704,704,8,Y,Y,1.0,0,704,HeatEvaluator=1.6802357944286275
MEMMUS.txt-236,0,816,816,5,N,N,-,-1,-1,HeatEvaluator=0.07909590008803921
MEMMUS.txt-237,0,652,652,4,Y,Y,1.0,0,652,HeatEvaluator=1.0565870193528
MEMMUS.txt-238,0,555,555,4,N,N,-,-1,-1,HeatEvaluator=0.35815780609627906
MEMMUS.txt-239,0,398,398,3,Y,Y,1.0,0,398,HeatEvaluator=0.7266877229413513
MEMMUS.txt-240,0,101,101,1,N,N,-,-1,-1,HeatEvaluator=0.0
MEMMUS.txt-241,0,398,398,3,Y,Y,1.0,0,398,HeatEvaluator=1.4395202265103226
MEMMUS.txt-242,0,172,172,1,Y,N,-,-1,-1,HeatEvaluator=0.8626411086376924
MEMMUS.txt-243,0,2109,2109,13,Y,Y,1.0,0,2109,HeatEvaluator=0.8247826696810976
GRONOW.txt-244,0,2168,2168,9,N,N,-,-1,-1,HeatEvaluator=0.0
MEMMUS.txt-245,0,824,824,7,Y,Y,1.0,0,824,HeatEvaluator=1.074529860758154
MEMMUS.txt-246,0,836,836,7,N,N,-,-1,-1,HeatEvaluator=0.0
MEMMUS.txt-247,0,607,607,4,Y,Y,1.0,0,607,HeatEvaluator=1.1216761518845284
MEMMUS.txt-248,0,423,423,3,N,N,-,-1,-1,HeatEvaluator=0.0
MEMMUS.txt-249,0,567,567,5,Y,Y,1.0,0,567,HeatEvaluator=1.1587927435392502
MEMMUS.txt-250,0,789,789,5,N,N,-,-1,-1,HeatEvaluator=0.22730015646178567
MEMMUS.txt-251,0,591,591,3,Y,Y,1.0,0,591,HeatEvaluator=1.898850340233696
MEMMUS.txt-252,0,930,930,6,N,N,-,-1,-1,HeatEvaluator=0.0
MEMMUS.txt-253,0,369,369,3,Y,Y,1.0,0,369,HeatEvaluator=1.380733391117742
MEMMUS.txt-254,0,386,386,2,Y,N,-,-1,-1,HeatEvaluator=0.6901265133513333
MEMMUS.txt-255,0,580,580,2,Y,Y,1.0,0,580,HeatEvaluator=1.6244739620637212
MEMMUS.txt-256,0,762,762,11,N,N,-,-1,-1,HeatEvaluator=0.0
MEMMUS.txt-257,0,696,696,6,Y,Y,1.0,0,696,HeatEvaluator=0.78668003979
GRONOW.txt-258,0,673,673,3,Y,N,-,-1,-1,HeatEvaluator=0.6258179587786274
MEMMUS.txt-259,0,741,741,6,Y,Y,1.0,0,741,HeatEvaluator=1.1287851761674546
GRONOW.txt-260,0,726,726,4,N,N,-,-1,-1,HeatEvaluator=0.0
MEMMUS.txt-261,0,482,482,3,Y,Y,1.0,0,482,HeatEvaluator=1.8108362151351516
MEMMUS.txt-262,0,583,583,3,N,N,-,-1,-1,HeatEvaluator=0.13585643838
MEMMUS.txt-263,0,718,718,5,Y,Y,1.0,0,718,HeatEvaluator=1.2194254082520757
GRONOW.txt-264,0,802,802,5,N,N,-,-1,-1,HeatEvaluator=0.09311528585877192
MEMMUS.txt-265,0,591,591,3,Y,Y,1.0,0,591,HeatEvaluator=1.2430093077461704
MEMMUS.txt-266,0,452,452,3,N,N,-,-1,-1,HeatEvaluator=0.0
MEMMUS.txt-267,0,1264,1264,8,Y,Y,1.0,0,1264,HeatEvaluator=1.4473240493854367
GRONOW.txt-268,0,1230,1230,8,N,N,-,-1,-1,HeatEvaluator=0.0
MEMMUS.txt-269,0,632,632,4,Y,Y,1.0,0,632,HeatEvaluator=1.1853074846901959
MEMMUS.txt-270,0,450,450,2,N,N,-,-1,-1,HeatEvaluator=0.19364575930249997
MEMMUS.txt-271,0,1057,1057,11,N,Y,1.0,0,1057,HeatEvaluator=0.4584475641474713
MEMMUS.txt-272,0,1054,1054,6,N,N,-,-1,-1,HeatEvaluator=0.36924922476795186
MEMMUS.txt-273,0,579,579,4,Y,Y,1.0,0,579,HeatEvaluator=1.2347479964726666
GRONOW.txt-274,0,573,573,3,N,N,-,-1,-1,HeatEvaluator=0.0
MEMMUS.txt-275,0,994,994,6,Y,Y,1.0,0,994,HeatEvaluator=1.3375354075712658
GRONOW.txt-276,0,1025,1025,5,N,N,-,-1,-1,HeatEvaluator=0.2664051799185366
MEMMUS.txt-277,0,431,431,2,Y,Y,1.0,0,431,HeatEvaluator=0.5230666603582858
MEMMUS.txt-278,0,291,291,3,N,N,-,-1,-1,HeatEvaluator=0.0
MEMMUS.txt-279,0,726,726,6,N,Y,1.0,0,726,HeatEvaluator=0.224730070185
GRONOW.txt-280,0,1135,1135,5,N,N,-,-1,-1,HeatEvaluator=0.10010135907590363
MEMMUS.txt-281,0,522,522,5,Y,Y,1.0,0,522,HeatEvaluator=1.557560923484
GLOVER.txt-282,0,542,542,3,N,N,-,-1,-1,HeatEvaluator=0.0
MEMMUS.txt-283,0,747,747,6,Y,Y,1.0,0,747,HeatEvaluator=1.699914677792069
GRONOW.txt-284,0,860,860,6,N,N,-,-1,-1,HeatEvaluator=0.15156792512343747
MEMMUS.txt-285,0,1166,1166,6,Y,Y,1.0,0,1166,HeatEvaluator=0.6820625333265218
GRONOW.txt-286,0,1250,1250,11,N,N,-,-1,-1,HeatEvaluator=0.14016142687489583
MEMMUS.txt-287,0,892,892,6,Y,Y,1.0,0,892,HeatEvaluator=1.1142825577175342
GRONOW.txt-288,0,1145,1145,5,N,N,-,-1,-1,HeatEvaluator=0.1676764125986747
MEMMUS.txt-289,0,881,881,5,Y,Y,1.0,0,881,HeatEvaluator=1.7388902075714705
GRONOW.txt-290,0,706,706,3,N,N,-,-1,-1,HeatEvaluator=0.34272564710589287
MEMMUS.txt-291,0,687,687,6,Y,Y,1.0,0,687,HeatEvaluator=1.2129361409135715
GRONOW.txt-292,0,660,660,4,N,N,-,-1,-1,HeatEvaluator=0.16230250450188677
MEMMUS.txt-293,0,902,902,7,Y,Y,1.0,0,902,HeatEvaluator=1.1420195024741666
GRONOW.txt-294,0,800,800,5,N,N,-,-1,-1,HeatEvaluator=0.06565556103360656
MEMMUS.txt-295,0,755,755,5,Y,Y,1.0,0,755,HeatEvaluator=1.4378406221115494
GRONOW.txt-296,0,955,955,6,N,N,-,-1,-1,HeatEvaluator=0.0
MEMMUS.txt-297,0,577,577,6,Y,Y,1.0,0,577,HeatEvaluator=1.4902178420560377
GRONOW.txt-298,0,482,482,5,N,N,-,-1,-1,HeatEvaluator=0.1117306121436842
MEMMUS.txt-299,0,688,688,6,Y,Y,1.0,0,688,HeatEvaluator=1.6216583067531916
GRONOW.txt-300,0,880,880,5,N,N,-,-1,-1,HeatEvaluator=0.0
MEMMUS.txt-301,0,1240,1240,9,Y,Y,1.0,0,1240,HeatEvaluator=0.6995486955054168
GLOVER.txt-302,0,1279,1279,8,N,N,-,-1,-1,HeatEvaluator=0.2264816796441818
MEMMUS.txt-303,0,1451,1451,9,Y,Y,1.0,0,1451,HeatEvaluator=0.8642392271882694
MEMMUS.txt-304,0,1214,1214,14,N,N,-,-1,-1,HeatEvaluator=0.16678831374712766
MEMMUS.txt-305,0,1436,1436,10,Y,Y,1.0,0,1436,HeatEvaluator=1.2253560118342202
GRONOW.txt-306,0,1640,1640,10,N,N,-,-1,-1,HeatEvaluator=0.0754454772944882
MEMMUS.txt-307,0,334,334,2,Y,Y,1.0,0,334,HeatEvaluator=1.6986416494857142
MEMMUS.txt-308,0,286,286,3,N,N,-,-1,-1,HeatEvaluator=0.0
MEMMUS.txt-309,0,478,478,4,N,Y,1.0,0,478,HeatEvaluator=0.46762413248868423
GRONOW.txt-310,0,680,680,3,N,N,-,-1,-1,HeatEvaluator=0.0
MEMMUS.txt-311,0,915,915,6,Y,Y,1.0,0,915,HeatEvaluator=1.39229544946597
GRONOW.txt-312,0,793,793,4,N,N,-,-1,-1,HeatEvaluator=0.0
MEMMUS.txt-313,0,1213,1213,7,Y,Y,1.0,0,1213,HeatEvaluator=1.6151288597916833
GRONOW.txt-314,0,1213,1213,7,N,N,-,-1,-1,HeatEvaluator=0.0
MEMMUS.txt-315,0,710,710,5,Y,Y,1.0,0,710,HeatEvaluator=1.5556665426094647
GRONOW.txt-316,0,1113,1113,5,N,N,-,-1,-1,HeatEvaluator=0.09951520538244187
MEMMUS.txt-317,0,1345,1345,8,Y,Y,1.0,0,1345,HeatEvaluator=0.8392053016442
GRONOW.txt-318,0,1292,1292,8,N,N,-,-1,-1,HeatEvaluator=0.05081791151010526
MEMMUS.txt-319,0,1846,1846,12,N,Y,1.0,0,1846,HeatEvaluator=0.48240766297238097
GRONOW.txt-320,0,1936,1936,9,N,N,-,-1,-1,HeatEvaluator=0.16516504835961038
MEMMUS.txt-321,0,966,966,7,Y,Y,1.0,0,966,HeatEvaluator=1.1705566761725879
GRONOW.txt-322,0,1132,1132,5,N,N,-,-1,-1,HeatEvaluator=0.1882130140624719
MEMMUS.txt-323,0,551,551,5,Y,Y,1.0,0,551,HeatEvaluator=1.0794631975168085
GRONOW.txt-324,0,595,595,4,N,N,-,-1,-1,HeatEvaluator=0.0
MEMMUS.txt-325,0,854,854,5,Y,Y,1.0,0,854,HeatEvaluator=1.0523146261797562
GRONOW.txt-326,0,977,977,5,N,N,-,-1,-1,HeatEvaluator=0.0
MEMMUS.txt-327,0,341,341,2,Y,Y,1.0,0,341,HeatEvaluator=0.8397634703313636
GRONOW.txt-328,0,315,315,2,N,N,-,-1,-1,HeatEvaluator=0.0
MEMMUS.txt-329,0,477,477,3,Y,Y,1.0,0,477,HeatEvaluator=1.6060707105433336
GRONOW.txt-330,0,569,569,3,N,N,-,-1,-1,HeatEvaluator=0.16262861205999998
MEMMUS.txt-331,0,806,806,4,Y,Y,1.0,0,806,HeatEvaluator=1.2696139144241665
GRONOW.txt-332,0,1080,1080,5,N,N,-,-1,-1,HeatEvaluator=0.10402823980166666
MEMMUS.txt-333,0,1403,1403,9,Y,Y,1.0,0,1403,HeatEvaluator=1.7131250572526782
GRONOW.txt-334,0,1451,1451,4,N,N,-,-1,-1,HeatEvaluator=0.08680624091063158
MEMMUS.txt-335,0,821,821,7,Y,Y,1.0,0,821,HeatEvaluator=1.483021416379091
GRONOW.txt-336,0,834,834,4,N,N,-,-1,-1,HeatEvaluator=0.07370442781846154
MEMMUS.txt-337,0,376,376,4,Y,Y,1.0,0,376,HeatEvaluator=1.360575616619091
MEMMUS.txt-338,0,264,264,1,N,N,-,-1,-1,HeatEvaluator=0.0
MULIFE.txt-339,0,425,425,4,Y,Y,1.0,0,425,HeatEvaluator=1.019755590131212
GRONOW.txt-340,0,417,417,3,N,N,-,-1,-1,HeatEvaluator=0.29792336427454547
MULIFE.txt-341,0,683,683,6,Y,Y,1.0,0,683,HeatEvaluator=0.7167060739533928
GRONOW.txt-342,0,886,886,5,N,N,-,-1,-1,HeatEvaluator=0.3957621293683784
MULIFE.txt-343,0,387,387,4,Y,Y,1.0,0,387,HeatEvaluator=1.151419528308125
GRONOW.txt-344,0,397,397,4,N,N,-,-1,-1,HeatEvaluator=0.14877503330878786
MULIFE.txt-345,0,626,626,5,Y,Y,1.0,0,626,HeatEvaluator=0.7657583200649056
GRONOW.txt-346,0,730,730,2,N,N,-,-1,-1,HeatEvaluator=0.1400501250203448
MULIFE.txt-347,0,660,660,5,Y,Y,1.0,0,660,HeatEvaluator=0.6698443457816
GRONOW.txt-348,0,837,837,3,N,N,-,-1,-1,HeatEvaluator=0.33490527900567163
MULIFE.txt-349,0,1253,1253,6,Y,Y,1.0,0,1253,HeatEvaluator=0.662090939216
GRONOW.txt-350,0,1405,1405,4,N,N,-,-1,-1,HeatEvaluator=0.07323824346292035
MULIFE.txt-351,0,653,653,5,N,Y,1.0,0,653,HeatEvaluator=0.2746597445166667
GRONOW.txt-352,0,687,687,5,N,N,-,-1,-1,HeatEvaluator=0.26547207199178574
MULIFE.txt-353,0,676,676,5,Y,Y,1.0,0,676,HeatEvaluator=1.281137649060566
GRONOW.txt-354,0,532,532,4,N,N,-,-1,-1,HeatEvaluator=0.0
MULIFE.txt-355,0,269,269,4,Y,Y,1.0,0,269,HeatEvaluator=1.1594840689265216
GRONOW.txt-356,0,288,288,2,N,N,-,-1,-1,HeatEvaluator=0.2134598303995652
MULIFE.txt-357,0,282,282,2,Y,Y,1.0,0,282,HeatEvaluator=1.3472685628325
GRONOW.txt-358,0,262,262,1,N,N,-,-1,-1,HeatEvaluator=0.0
MULIFE.txt-359,0,840,840,6,Y,Y,1.0,0,840,HeatEvaluator=0.9032202783676563
GRONOW.txt-360,0,1134,1134,7,N,N,-,-1,-1,HeatEvaluator=0.0
MULIFE.txt-361,0,486,486,3,Y,Y,1.0,0,486,HeatEvaluator=1.2262861217283785
GRONOW.txt-362,0,729,729,7,N,N,-,-1,-1,HeatEvaluator=0.0750593594123077
MULIFE.txt-363,0,664,664,4,Y,Y,1.0,0,664,HeatEvaluator=0.6167812766633929
GRONOW.txt-364,0,563,563,1,N,N,-,-1,-1,HeatEvaluator=0.0
MULIFE.txt-365,0,523,523,4,Y,Y,1.0,0,523,HeatEvaluator=1.2125585116047828
MULIFE.txt-366,0,473,473,3,N,N,-,-1,-1,HeatEvaluator=0.0
MULIFE.txt-367,0,1204,1204,12,Y,Y,1.0,0,1204,HeatEvaluator=0.9591528322055913
MULIFE.txt-368,0,650,650,4,Y,N,-,-1,-1,HeatEvaluator=0.5973099774908001
MULIFE.txt-369,0,744,744,8,Y,Y,1.0,0,744,HeatEvaluator=1.3235750032276787
MULIFE.txt-370,0,769,769,4,N,N,-,-1,-1,HeatEvaluator=0.17313836902525423
MULIFE.txt-371,0,1947,1947,16,N,Y,1.0,0,1947,HeatEvaluator=0.4239703553727501
MULIFE.txt-372,0,1188,1188,10,Y,N,-,-1,-1,HeatEvaluator=0.6870745057201388
MULIFE.txt-373,0,2138,2138,17,Y,Y,1.0,0,2138,HeatEvaluator=0.688065772388405
GRONOW.txt-374,0,2258,2258,11,N,N,-,-1,-1,HeatEvaluator=0.22016997044619632
MULIFE.txt-375,0,866,866,6,Y,Y,1.0,0,866,HeatEvaluator=1.2663670885429574
GRONOW.txt-376,0,1041,1041,6,N,N,-,-1,-1,HeatEvaluator=0.11687377956294871
MULIFE.txt-377,0,2918,2918,28,Y,Y,1.0,0,2918,HeatEvaluator=0.6349591582249579
GRONOW.txt-378,0,3008,3008,14,N,N,-,-1,-1,HeatEvaluator=0.1687560482982533
MULIFE.txt-379,0,533,533,7,Y,Y,1.0,0,533,HeatEvaluator=0.9626511693481395
GRONOW.txt-380,0,573,573,5,Y,N,-,-1,-1,HeatEvaluator=1.072478088143409
MULIFE.txt-381,0,1433,1433,9,N,Y,1.0,0,1433,HeatEvaluator=0.29357406422277316
GRONOW.txt-382,0,1453,1453,6,N,N,-,-1,-1,HeatEvaluator=0.18635813528054052
MULIFE.txt-383,0,1336,1336,8,Y,Y,1.0,0,1336,HeatEvaluator=0.608957559302381
GRONOW.txt-384,0,1720,1720,11,N,N,-,-1,-1,HeatEvaluator=0.13542932582953487
MULIFE.txt-385,0,1273,1273,6,Y,Y,1.0,0,1273,HeatEvaluator=1.2066390312610715
MULIFE.txt-386,0,1153,1153,5,N,N,-,-1,-1,HeatEvaluator=0.2356633080767416
MULIFE.txt-387,0,768,768,5,Y,Y,1.0,0,768,HeatEvaluator=0.8618261530137931
GRONOW.txt-388,0,725,725,2,N,N,-,-1,-1,HeatEvaluator=0.2645285257843396
MULIFE.txt-389,0,473,473,4,Y,Y,1.0,0,473,HeatEvaluator=1.0429368128645455
GRONOW.txt-390,0,499,499,6,N,N,-,-1,-1,HeatEvaluator=0.25696339717615385
MUSING.txt-391,0,347,347,1,Y,Y,1.0,0,347,HeatEvaluator=1.7219959061357692
MUSING.txt-392,0,360,360,2,N,N,-,-1,-1,HeatEvaluator=0.0
MUSING.txt-393,0,658,658,3,Y,Y,1.0,0,658,HeatEvaluator=1.3935076939481252
MUSING.txt-394,0,822,822,2,N,N,-,-1,-1,HeatEvaluator=0.4955318148628333
MUSING.txt-395,0,558,558,3,Y,Y,1.0,0,558,HeatEvaluator=1.41815333259375
MUSING.txt-396,0,540,540,2,N,N,-,-1,-1,HeatEvaluator=0.0
MUSING.txt-397,0,392,392,3,Y,Y,1.0,0,392,HeatEvaluator=1.3438265461834482
MEMMUS.txt-398,0,378,378,3,N,N,-,-1,-1,HeatEvaluator=0.12909748793848486
MUSING.txt-399,0,996,996,4,Y,Y,1.0,0,996,HeatEvaluator=0.54588558144
GRONOW.txt-400,0,835,835,3,N,N,-,-1,-1,HeatEvaluator=0.05941898127909091
MUSING.txt-401,0,573,573,2,N,Y,1.0,0,573,HeatEvaluator=0.40827554432952384
MUSING.txt-402,0,744,744,2,N,N,-,-1,-1,HeatEvaluator=0.0
MUSING.txt-403,0,423,423,2,Y,Y,1.0,0,423,HeatEvaluator=1.193907306983214
MUSING.txt-404,0,357,357,1,N,N,-,-1,-1,HeatEvaluator=0.15478787867607144
MUSING.txt-405,0,621,621,5,Y,Y,1.0,0,621,HeatEvaluator=0.60006047445025
MUSING.txt-406,0,357,357,2,N,N,-,-1,-1,HeatEvaluator=0.0
MUSING.txt-407,0,340,340,1,Y,Y,1.0,0,340,HeatEvaluator=0.7026324946952001
MUSING.txt-408,0,487,487,4,N,N,-,-1,-1,HeatEvaluator=0.11721661419314286
MUSING.txt-409,0,568,568,2,Y,Y,1.0,0,568,HeatEvaluator=1.4532593329207317
MUSING.txt-410,0,362,362,2,N,N,-,-1,-1,HeatEvaluator=0.2591536132853125
MUSING.txt-411,0,466,466,2,Y,Y,1.0,0,466,HeatEvaluator=1.1141754290017645
MUSING.txt-412,0,517,517,4,N,N,-,-1,-1,HeatEvaluator=0.086227180635625
MUSING.txt-413,0,608,608,5,Y,Y,1.0,0,608,HeatEvaluator=1.7821307059209999
MUSING.txt-414,0,420,420,2,N,N,-,-1,-1,HeatEvaluator=0.0
MUSING.txt-415,0,487,487,3,Y,Y,1.0,0,487,HeatEvaluator=1.1192963106755882
MUSING.txt-416,0,451,451,1,N,N,-,-1,-1,HeatEvaluator=0.0
MUSING.txt-417,0,478,478,2,Y,Y,1.0,0,478,HeatEvaluator=1.914264079190278
MUSING.txt-418,0,553,553,2,N,N,-,-1,-1,HeatEvaluator=0.0
MUSING.txt-419,0,515,515,1,N,Y,1.0,0,515,HeatEvaluator=0.17211425009257142
MUSING.txt-420,0,585,585,4,N,N,-,-1,-1,HeatEvaluator=0.19711906912155558
MUSING.txt-421,0,406,406,2,N,Y,1.0,0,406,HeatEvaluator=0.3656295244164516
MUSING.txt-422,0,451,451,2,Y,N,-,-1,-1,HeatEvaluator=0.561104461805946
MUSING.txt-423,0,470,470,2,Y,Y,1.0,0,470,HeatEvaluator=1.271372034286857
GRONOW.txt-424,0,455,455,4,N,N,-,-1,-1,HeatEvaluator=0.0
MUSING.txt-425,0,971,971,6,Y,Y,1.0,0,971,HeatEvaluator=0.9181885634937501
MUSING.txt-426,0,552,552,3,N,N,-,-1,-1,HeatEvaluator=0.37413383845659093
MUSING.txt-427,0,938,938,5,Y,Y,1.0,0,938,HeatEvaluator=1.0056235371347761
MUSING.txt-428,0,940,940,4,Y,N,-,-1,-1,HeatEvaluator=0.6242202619595061
MUSREM.txt-429,0,159,159,1,Y,Y,1.0,0,159,HeatEvaluator=1.403906699404
MUSING.txt-430,0,259,259,2,N,N,-,-1,-1,HeatEvaluator=0.2064671542890476
MUSREM.txt-431,0,322,322,2,Y,Y,1.0,0,322,HeatEvaluator=1.1297058075415385
MUSREM.txt-432,0,291,291,2,Y,N,-,-1,-1,HeatEvaluator=0.5490930872766666
MUSREM.txt-433,0,318,318,3,Y,Y,1.0,0,318,HeatEvaluator=0.517170438301923
MUSREM.txt-434,0,400,400,1,Y,N,-,-1,-1,HeatEvaluator=1.75294101533
MUSREM.txt-435,0,392,392,2,Y,Y,1.0,0,392,HeatEvaluator=1.2444199340734616
MUSING.txt-436,0,466,466,2,N,N,-,-1,-1,HeatEvaluator=0.4358040744397143
MUSREM.txt-437,0,529,529,7,Y,Y,1.0,0,529,HeatEvaluator=0.6967341440841025
MUSING.txt-438,0,422,422,4,N,N,-,-1,-1,HeatEvaluator=0.0
MUSREM.txt-439,0,561,561,3,Y,Y,1.0,0,561,HeatEvaluator=1.3602598050944739
MUSING.txt-440,0,401,401,1,Y,N,-,-1,-1,HeatEvaluator=0.7869655943357575
MUSREM.txt-441,0,397,397,1,Y,Y,1.0,0,397,HeatEvaluator=0.706672114237857
MUSING.txt-442,0,683,683,3,N,N,-,-1,-1,HeatEvaluator=0.5068659871266038
MUSREM.txt-443,0,379,379,3,Y,Y,1.0,0,379,HeatEvaluator=0.6276650088686208
MUSING.txt-444,0,553,553,2,Y,N,-,-1,-1,HeatEvaluator=0.5685389048610203
MUSREM.txt-445,0,248,248,1,Y,Y,1.0,0,248,HeatEvaluator=0.583532405441
GRONOW.txt-446,0,236,236,2,N,N,-,-1,-1,HeatEvaluator=0.4555112183445454
MUSREM.txt-447,0,311,311,2,Y,Y,1.0,0,311,HeatEvaluator=1.5872756288526089
GRONOW.txt-448,0,299,299,2,N,N,-,-1,-1,HeatEvaluator=0.21944098152090907
MUSREM.txt-449,0,197,197,1,Y,Y,1.0,0,197,HeatEvaluator=0.7581001669646666
GRONOW.txt-450,0,269,269,2,N,N,-,-1,-1,HeatEvaluator=0.21977629185958333
MUSREM.txt-451,0,190,190,1,Y,Y,1.0,0,190,HeatEvaluator=1.1095208257535714
MEMMUS.txt-452,0,226,226,1,N,N,-,-1,-1,HeatEvaluator=0.3240637231413333
MUSREM.txt-453,0,190,190,1,Y,Y,1.0,0,190,HeatEvaluator=2.4874309160015384
GRONOW.txt-454,0,277,277,1,N,N,-,-1,-1,HeatEvaluator=0.0
MUSREM.txt-455,0,190,190,2,Y,Y,1.0,0,190,HeatEvaluator=1.1232404204358826
MEMMUS.txt-456,0,139,139,2,Y,N,-,-1,-1,HeatEvaluator=0.9868740855827273
MUSREM.txt-457,0,526,526,2,Y,Y,1.0,0,526,HeatEvaluator=1.197219972868611
GRONOW.txt-458,0,536,536,3,N,N,-,-1,-1,HeatEvaluator=0.0
MUSREM.txt-459,0,347,347,2,Y,Y,1.0,0,347,HeatEvaluator=0.9736334301962963
GRONOW.txt-460,0,509,509,2,N,N,-,-1,-1,HeatEvaluator=0.13186577511574998
MUSREM.txt-461,0,382,382,3,Y,Y,1.0,0,382,HeatEvaluator=1.1078878310379998
GRONOW.txt-462,0,351,351,1,N,N,-,-1,-1,HeatEvaluator=0.3594250080710345
MUSREM.txt-463,0,553,553,3,Y,Y,1.0,0,553,HeatEvaluator=1.0373949406529268
GRONOW.txt-464,0,599,599,3,N,N,-,-1,-1,HeatEvaluator=0.2108005711482
MUSREM.txt-465,0,118,118,1,Y,Y,1.0,0,118,HeatEvaluator=1.55856898707
GRONOW.txt-466,0,361,361,2,N,N,-,-1,-1,HeatEvaluator=0.0
MUSREM.txt-467,0,553,553,2,Y,Y,1.0,0,553,HeatEvaluator=0.8396207209436365
GRONOW.txt-468,0,658,658,4,N,N,-,-1,-1,HeatEvaluator=0.0
MUSREM.txt-469,0,320,320,4,Y,Y,1.0,0,320,HeatEvaluator=1.7205400701469566
GRONOW.txt-470,0,583,583,2,N,N,-,-1,-1,HeatEvaluator=0.0
MUSREM.txt-471,0,1688,1688,11,Y,Y,1.0,0,1688,HeatEvaluator=0.7382079855558594
GRONOW.txt-472,0,1412,1412,14,N,N,-,-1,-1,HeatEvaluator=0.07518216125485715
MUSREM.txt-473,0,527,527,3,Y,Y,1.0,0,527,HeatEvaluator=1.3647026766891668
GRONOW.txt-474,0,534,534,4,N,N,-,-1,-1,HeatEvaluator=0.1233194656897619
MUSREM.txt-475,0,333,333,2,Y,Y,1.0,0,333,HeatEvaluator=1.0564942112124
REMKEL1.txt-476,0,389,389,2,N,N,-,-1,-1,HeatEvaluator=0.0
MUSREM.txt-477,0,229,229,2,Y,Y,1.0,0,229,HeatEvaluator=1.6843894472305554
REMKEL1.txt-478,0,415,415,2,N,N,-,-1,-1,HeatEvaluator=0.0
MUSREM.txt-479,0,229,229,2,Y,Y,1.0,0,229,HeatEvaluator=1.9413103292229998
REMKEL1.txt-480,0,217,217,1,N,N,-,-1,-1,HeatEvaluator=0.24806150369375
MUSREM.txt-481,0,1235,1235,5,Y,Y,1.0,0,1235,HeatEvaluator=1.2058587671002174
REMKEL1.txt-482,0,1209,1209,6,N,N,-,-1,-1,HeatEvaluator=0.04842888742433333
MUSREM.txt-483,0,267,267,2,Y,Y,1.0,0,267,HeatEvaluator=0.5412942569923809
REMKEL1.txt-484,0,325,325,2,N,N,-,-1,-1,HeatEvaluator=0.0
MUSREM.txt-485,0,531,531,3,Y,Y,1.0,0,531,HeatEvaluator=0.8765039426755814
REMKEL1.txt-486,0,548,548,4,N,N,-,-1,-1,HeatEvaluator=0.32955291539476184
MUSREM.txt-487,0,563,563,5,Y,Y,1.0,0,563,HeatEvaluator=0.8182849292556409
REMKEL1.txt-488,0,410,410,3,N,N,-,-1,-1,HeatEvaluator=0.2001278886534375
MUSREM.txt-489,0,1069,1069,7,Y,Y,1.0,0,1069,HeatEvaluator=0.6733665403861728
REMKEL1.txt-490,0,1181,1181,9,N,N,-,-1,-1,HeatEvaluator=0.0
MUSREM.txt-491,0,343,343,1,Y,Y,1.0,0,343,HeatEvaluator=0.9629929777753571
REMKEL1.txt-492,0,268,268,2,Y,N,-,-1,-1,HeatEvaluator=0.7302773407157143
OUSELEY.txt-493,0,2313,2313,14,Y,Y,1.0,0,2313,HeatEvaluator=0.689151037134386
OUSLEY.txt-494,0,2259,2259,18,N,N,-,-1,-1,HeatEvaluator=0.09689454336881721
PILGRIM.txt-495,0,766,766,6,Y,Y,1.0,0,766,HeatEvaluator=1.8012909409448332
OUSLEY.txt-496,0,1277,1277,6,N,N,-,-1,-1,HeatEvaluator=0.0
PILGRIM.txt-497,0,659,659,4,N,Y,1.0,0,659,HeatEvaluator=0.4342035978465305
OUSLEY.txt-498,0,750,750,4,N,N,-,-1,-1,HeatEvaluator=0.18940123072157894
PILGRIM.txt-499,0,940,940,4,N,Y,1.0,0,940,HeatEvaluator=0.24956135389298706
OUSLEY.txt-500,0,601,601,4,N,N,-,-1,-1,HeatEvaluator=0.09125590653822221
PILGRIM.txt-501,0,962,962,9,Y,Y,1.0,0,962,HeatEvaluator=0.6526873433775641
PILGRIM.txt-502,0,660,660,6,N,N,-,-1,-1,HeatEvaluator=0.11655219107622222
PILGRIM.txt-503,0,1470,1470,14,Y,Y,1.0,0,1470,HeatEvaluator=0.82241264571018
PILGRIM.txt-504,0,1324,1324,9,N,N,-,-1,-1,HeatEvaluator=0.0
PILGRIM.txt-505,0,406,406,3,N,Y,1.0,0,406,HeatEvaluator=0.3347266726711111
PILGRIM.txt-506,0,262,262,1,N,N,-,-1,-1,HeatEvaluator=0.0
PILGRIM.txt-507,0,861,861,4,Y,Y,1.0,0,861,HeatEvaluator=0.9855367267711427
PILGRIM.txt-508,0,679,679,3,N,N,-,-1,-1,HeatEvaluator=0.0
PILGRIM.txt-509,0,1981,1981,12,Y,Y,1.0,0,1981,HeatEvaluator=1.0587268123357518
PILGRIM.txt-510,0,2094,2094,17,N,N,-,-1,-1,HeatEvaluator=0.12638215509068026
PILGRIM.txt-511,0,2501,2501,14,Y,Y,1.0,0,2501,HeatEvaluator=0.7729002441167337
PILGRIM.txt-512,0,2650,2650,19,N,N,-,-1,-1,HeatEvaluator=0.03517040552425414
PILGRIM.txt-513,0,554,554,4,Y,Y,1.0,0,554,HeatEvaluator=1.1485278522548936
PILGRIM.txt-514,0,520,520,3,N,N,-,-1,-1,HeatEvaluator=0.10612576078230769
PILGRIM.txt-515,0,1796,1796,19,N,Y,1.0,0,1796,HeatEvaluator=0.49511820255827066
PILGRIM.txt-516,0,1399,1399,12,N,N,-,-1,-1,HeatEvaluator=0.3317814694482203
PILGRIM.txt-517,0,1653,1653,12,Y,Y,1.0,0,1653,HeatEvaluator=1.328274948240769
PILGRIM.txt-518,0,788,788,7,N,N,-,-1,-1,HeatEvaluator=0.3178551863842187
PILGRIM.txt-519,0,1507,1507,9,Y,Y,1.0,0,1507,HeatEvaluator=0.8272515907314533
PILGRIM.txt-520,0,813,813,7,N,N,-,-1,-1,HeatEvaluator=0.0
PILGRIM.txt-521,0,1354,1354,8,N,Y,1.0,0,1354,HeatEvaluator=0.33588041112887856
PILGRIM.txt-522,0,936,936,8,N,N,-,-1,-1,HeatEvaluator=0.39790363618697366
RECMUS.txt-523,0,228,228,1,N,Y,1.0,0,228,HeatEvaluator=0.0
PILGRIM.txt-524,0,243,243,1,N,N,-,-1,-1,HeatEvaluator=0.0
RECMUS.txt-525,0,157,157,1,Y,Y,1.0,0,157,HeatEvaluator=2.0039322862546154
PILGRIM.txt-526,0,228,228,2,N,N,-,-1,-1,HeatEvaluator=0.36194900697
RECMUS.txt-527,0,231,231,1,Y,Y,1.0,0,231,HeatEvaluator=1.38993078985
PILGRIM.txt-528,0,296,296,2,N,N,-,-1,-1,HeatEvaluator=0.0
RECMUS.txt-529,0,339,339,1,Y,Y,1.0,0,339,HeatEvaluator=1.337327658289259
PILGRIM.txt-530,0,316,316,2,N,N,-,-1,-1,HeatEvaluator=0.1867453697342857
RECMUS.txt-531,0,228,228,2,Y,Y,1.0,0,228,HeatEvaluator=1.838677914086
PILGRIM.txt-532,0,298,298,2,N,N,-,-1,-1,HeatEvaluator=0.0
RECMUS.txt-533,0,128,128,2,Y,Y,1.0,0,128,HeatEvaluator=1.254001070150909
PILGRIM.txt-534,0,258,258,1,N,N,-,-1,-1,HeatEvaluator=0.0
RECMUS.txt-535,0,126,126,1,N,Y,1.0,0,126,HeatEvaluator=0.410651579422
PILGRIM.txt-536,0,240,240,2,N,N,-,-1,-1,HeatEvaluator=0.0
RECMUS.txt-537,0,98,98,1,Y,Y,1.0,0,98,HeatEvaluator=0.8835925323075
PILGRIM.txt-538,0,133,133,2,N,N,-,-1,-1,HeatEvaluator=0.33072039651583335
RECMUS.txt-539,0,318,318,3,Y,Y,1.0,0,318,HeatEvaluator=1.182127810641818
PILGRIM.txt-540,0,441,441,2,N,N,-,-1,-1,HeatEvaluator=0.3226471579225641
RECMUS.txt-541,0,386,386,2,Y,Y,1.0,0,386,HeatEvaluator=1.2834074902268966
PILGRIM.txt-542,0,373,373,3,N,N,-,-1,-1,HeatEvaluator=0.0
RECMUS.txt-543,0,140,140,2,Y,Y,1.0,0,140,HeatEvaluator=0.5751966274645455
PILGRIM.txt-544,0,147,147,1,N,N,-,-1,-1,HeatEvaluator=0.0
RECMUS.txt-545,0,349,349,2,Y,Y,1.0,0,349,HeatEvaluator=0.5350162976372727
PILGRIM.txt-546,0,477,477,5,N,N,-,-1,-1,HeatEvaluator=0.27599274320411765
RECMUS.txt-547,0,331,331,2,Y,Y,1.0,0,331,HeatEvaluator=1.6545443874873078
PILGRIM.txt-548,0,216,216,2,Y,N,-,-1,-1,HeatEvaluator=0.662349177485
RECMUS.txt-549,0,706,706,2,Y,Y,1.0,0,706,HeatEvaluator=1.0035259655664706
PILGRIM.txt-550,0,651,651,6,N,N,-,-1,-1,HeatEvaluator=0.09393701584705882
RECMUS.txt-551,0,265,265,4,Y,Y,1.0,0,265,HeatEvaluator=1.279969423367391
PILGRIM.txt-552,0,249,249,2,N,N,-,-1,-1,HeatEvaluator=0.0
RECMUS.txt-553,0,391,391,3,Y,Y,1.0,0,391,HeatEvaluator=0.6757844699803225
PILGRIM.txt-554,0,360,360,2,N,N,-,-1,-1,HeatEvaluator=0.0
RECMUS.txt-555,0,350,350,2,Y,Y,1.0,0,350,HeatEvaluator=0.8505195231025
PILGRIM.txt-556,0,288,288,4,N,N,-,-1,-1,HeatEvaluator=0.0
RECMUS.txt-557,0,491,491,5,N,Y,1.0,0,491,HeatEvaluator=0.34867764057916667
PILGRIM.txt-558,0,338,338,4,N,N,-,-1,-1,HeatEvaluator=0.1400590273007143
RECMUS.txt-559,0,358,358,2,Y,Y,1.0,0,358,HeatEvaluator=1.3944628911316
PILGRIM.txt-560,0,214,214,2,N,N,-,-1,-1,HeatEvaluator=0.0
RECMUS.txt-561,0,125,125,1,Y,Y,1.0,0,125,HeatEvaluator=1.8514089580218183
PILGRIM.txt-562,0,106,106,1,N,N,-,-1,-1,HeatEvaluator=0.0
RECMUS.txt-563,0,258,258,2,Y,Y,1.0,0,258,HeatEvaluator=1.8053559574436842
PILGRIM.txt-564,0,227,227,1,N,N,-,-1,-1,HeatEvaluator=0.0
RECMUS.txt-565,0,341,341,5,Y,Y,1.0,0,341,HeatEvaluator=1.4011267040753335
PILGRIM.txt-566,0,342,342,2,N,N,-,-1,-1,HeatEvaluator=0.0
RECMUS.txt-567,0,168,168,1,Y,Y,1.0,0,168,HeatEvaluator=1.0796796052386668
PILGRIM.txt-568,0,177,177,1,N,N,-,-1,-1,HeatEvaluator=0.0
RECMUS.txt-569,0,704,704,6,Y,Y,1.0,0,704,HeatEvaluator=1.1709265779806666
PILGRIM.txt-570,0,1193,1193,12,N,N,-,-1,-1,HeatEvaluator=0.04504770438645833
RECMUS.txt-571,0,164,164,2,Y,Y,1.0,0,164,HeatEvaluator=2.3535718040061537
PILGRIM.txt-572,0,328,328,2,N,N,-,-1,-1,HeatEvaluator=0.0
RECMUS.txt-573,0,510,510,3,Y,Y,1.0,0,510,HeatEvaluator=1.290811679627317
PILGRIM.txt-574,0,447,447,2,N,N,-,-1,-1,HeatEvaluator=0.0
RECMUS.txt-575,0,280,280,3,Y,Y,1.0,0,280,HeatEvaluator=1.8046087208659094
RECMUS.txt-576,0,312,312,1,N,N,-,-1,-1,HeatEvaluator=0.1645431092257143
RECMUS.txt-577,0,491,491,2,Y,Y,1.0,0,491,HeatEvaluator=2.062911948837949
RECMUS.txt-578,0,457,457,3,N,N,-,-1,-1,HeatEvaluator=0.26326897476114286
RECMUS.txt-579,0,348,348,3,Y,Y,1.0,0,348,HeatEvaluator=1.382061034638077
RECMUS.txt-580,0,296,296,2,N,N,-,-1,-1,HeatEvaluator=0.20694523352549998
RECMUS.txt-581,0,435,435,4,Y,Y,1.0,0,435,HeatEvaluator=0.8097679208624999
RECMUS.txt-582,0,449,449,3,N,N,-,-1,-1,HeatEvaluator=0.4801038393766667
RECMUS.txt-583,0,445,445,3,Y,Y,1.0,0,445,HeatEvaluator=1.1539960987652942
PILGRIM.txt-584,0,455,455,4,N,N,-,-1,-1,HeatEvaluator=0.4792297289196667
RECMUS.txt-585,0,250,250,2,N,Y,1.0,0,250,HeatEvaluator=0.2818110475411765
PILGRIM.txt-586,0,220,220,2,Y,N,-,-1,-1,HeatEvaluator=0.7500401703737499
RECMUS.txt-587,0,262,262,3,Y,Y,1.0,0,262,HeatEvaluator=2.1070342349755
PILGRIM.txt-588,0,296,296,4,N,N,-,-1,-1,HeatEvaluator=0.32969508104458334
RECMUS.txt-589,0,269,269,3,Y,Y,1.0,0,269,HeatEvaluator=0.8096018144843999
PILGRIM.txt-590,0,231,231,3,N,N,-,-1,-1,HeatEvaluator=0.18898308372333333
RECMUS.txt-591,0,401,401,2,Y,Y,1.0,0,401,HeatEvaluator=1.5158943602371877
PILGRIM.txt-592,0,374,374,2,N,N,-,-1,-1,HeatEvaluator=0.18142934924727275
RECMUS.txt-593,0,231,231,2,Y,Y,1.0,0,231,HeatEvaluator=0.9265467699639999
PILGRIM.txt-594,0,206,206,2,Y,N,-,-1,-1,HeatEvaluator=0.6625868608671429
RECMUS.txt-595,0,742,742,10,Y,Y,1.0,0,742,HeatEvaluator=1.0464862367673586
PILGRIM.txt-596,0,678,678,5,N,N,-,-1,-1,HeatEvaluator=0.49737194890769226
RECMUS.txt-597,0,357,357,1,Y,Y,1.0,0,357,HeatEvaluator=1.2598912119113332
PILGRIM.txt-598,0,325,325,2,N,N,-,-1,-1,HeatEvaluator=0.0
RECMUS.txt-599,0,419,419,2,Y,Y,1.0,0,419,HeatEvaluator=1.5149053513500002
PILGRIM.txt-600,0,392,392,4,Y,N,-,-1,-1,HeatEvaluator=0.5770259171654838
RECMUS.txt-601,0,279,279,3,Y,Y,1.0,0,279,HeatEvaluator=2.0177949720108006
PILGRIM.txt-602,0,176,176,2,N,N,-,-1,-1,HeatEvaluator=0.0
RECMUS.txt-603,0,199,199,2,Y,Y,1.0,0,199,HeatEvaluator=2.4326441459235713
RECMUS.txt-604,0,460,460,3,N,N,-,-1,-1,HeatEvaluator=0.12124229100842106
RECMUS.txt-605,0,146,146,1,Y,Y,1.0,0,146,HeatEvaluator=1.2271973463581818
RECMUS.txt-606,0,283,283,1,N,N,-,-1,-1,HeatEvaluator=0.0
RECMUS.txt-607,0,265,265,4,Y,Y,1.0,0,265,HeatEvaluator=0.7956109113200001
RECMUS.txt-608,0,234,234,1,N,N,-,-1,-1,HeatEvaluator=0.0
RECMUS.txt-609,0,492,492,2,Y,Y,1.0,0,492,HeatEvaluator=1.8158672335800001
RECMUS.txt-610,0,299,299,2,N,N,-,-1,-1,HeatEvaluator=0.3788575153278261
RECMUS.txt-611,0,306,306,3,Y,Y,1.0,0,306,HeatEvaluator=1.0661745227009523
RECMUS.txt-612,0,314,314,2,N,N,-,-1,-1,HeatEvaluator=0.21847469475583334
RECMUS.txt-613,0,162,162,3,Y,Y,1.0,0,162,HeatEvaluator=2.6448821238050004
RECMUS.txt-614,0,174,174,1,Y,N,-,-1,-1,HeatEvaluator=0.8582161201137499
RECMUS.txt-615,0,200,200,1,Y,Y,1.0,0,200,HeatEvaluator=3.025447579087059
RECMUS.txt-616,0,115,115,1,Y,N,-,-1,-1,HeatEvaluator=0.8397485362125
RECMUS.txt-617,0,111,111,1,N,Y,1.0,0,111,HeatEvaluator=0.4562795326911111
RECMUS.txt-618,0,144,144,1,N,N,-,-1,-1,HeatEvaluator=0.3307080339714286
RECMUS.txt-619,0,222,222,3,Y,Y,1.0,0,222,HeatEvaluator=1.0897915697121054
RECMUS.txt-620,0,190,190,3,N,N,-,-1,-1,HeatEvaluator=0.33508512781529415
RECOLL.txt-621,0,904,904,6,Y,Y,1.0,0,904,HeatEvaluator=1.6187923864332856
RECMUS.txt-622,0,832,832,5,N,N,-,-1,-1,HeatEvaluator=0.2664611895914516
RECOLL.txt-623,0,537,537,3,Y,Y,1.0,0,537,HeatEvaluator=1.3950077801306977
RECMUS.txt-624,0,435,435,5,N,N,-,-1,-1,HeatEvaluator=0.1706372984562963
RECOLL.txt-625,0,179,179,1,Y,Y,1.0,0,179,HeatEvaluator=0.8031998337653333
RECMUS.txt-626,0,261,261,3,N,N,-,-1,-1,HeatEvaluator=0.0
RECOLL.txt-627,0,312,312,4,Y,Y,1.0,0,312,HeatEvaluator=1.1105787180825926
RECMUS.txt-628,0,399,399,4,N,N,-,-1,-1,HeatEvaluator=0.0
RECOLL.txt-629,0,372,372,4,Y,Y,1.0,0,372,HeatEvaluator=1.0106201675533333
RECMUS.txt-630,0,197,197,2,N,N,-,-1,-1,HeatEvaluator=0.0
RECOLL.txt-631,0,647,647,7,Y,Y,1.0,0,647,HeatEvaluator=0.9275481128227083
RECOLL.txt-632,0,508,508,3,Y,N,-,-1,-1,HeatEvaluator=0.7011382798658975
RECOLL.txt-633,0,602,602,4,Y,Y,1.0,0,602,HeatEvaluator=1.881303175282979
RECOLL.txt-634,0,494,494,4,N,N,-,-1,-1,HeatEvaluator=0.30367131743153847
RECOLL.txt-635,0,1212,1212,15,Y,Y,1.0,0,1212,HeatEvaluator=1.7656128836882226
RECOLL.txt-636,0,1260,1260,9,Y,N,-,-1,-1,HeatEvaluator=0.7672314518972826
RECOLL.txt-637,0,279,279,2,Y,Y,1.0,0,279,HeatEvaluator=1.1715797891991304
RECOLL.txt-638,0,320,320,2,N,N,-,-1,-1,HeatEvaluator=0.3497706879112
RECOLL.txt-639,0,491,491,5,Y,Y,1.0,0,491,HeatEvaluator=0.5555116877582926
RECOLL.txt-640,0,516,516,4,N,N,-,-1,-1,HeatEvaluator=0.0
RECOLL.txt-641,0,664,664,7,Y,Y,1.0,0,664,HeatEvaluator=0.9603554331252
RECOLL.txt-642,0,561,561,4,N,N,-,-1,-1,HeatEvaluator=0.3034641536692308
RECOLL.txt-643,0,1004,1004,8,Y,Y,1.0,0,1004,HeatEvaluator=0.8754609674469767
RECOLL.txt-644,0,687,687,6,Y,N,-,-1,-1,HeatEvaluator=0.587485415212037
RECOLL.txt-645,0,824,824,8,N,Y,1.0,0,824,HeatEvaluator=0.3380084895470769
RECOLL.txt-646,0,679,679,4,N,N,-,-1,-1,HeatEvaluator=0.0957418561336207
RECOLL.txt-647,0,447,447,3,Y,Y,1.0,0,447,HeatEvaluator=0.8860480847782927
RECOLL.txt-648,0,570,570,2,N,N,-,-1,-1,HeatEvaluator=0.10057275888227273
RECOLL.txt-649,0,598,598,3,Y,Y,1.0,0,598,HeatEvaluator=0.701209897842449
RECOLL.txt-650,0,521,521,3,N,N,-,-1,-1,HeatEvaluator=0.0
RECOLL.txt-651,0,506,506,4,Y,Y,1.0,0,506,HeatEvaluator=1.179626083702766
RECOLL.txt-652,0,675,675,4,N,N,-,-1,-1,HeatEvaluator=0.42580669689962264
RECOLL.txt-653,0,328,328,4,Y,Y,1.0,0,328,HeatEvaluator=0.6693331948044444
RECOLL.txt-654,0,321,321,3,N,N,-,-1,-1,HeatEvaluator=0.20385496327039998
RECOLL.txt-655,0,1001,1001,7,Y,Y,1.0,0,1001,HeatEvaluator=1.2911671111732184
RECOLL.txt-656,0,754,754,7,N,N,-,-1,-1,HeatEvaluator=0.36754688235389826
RECOLL.txt-657,0,604,604,4,Y,Y,1.0,0,604,HeatEvaluator=0.6967958263026415
RECOLL.txt-658,0,692,692,6,N,N,-,-1,-1,HeatEvaluator=0.1278345914301587
RECOLL.txt-659,0,989,989,7,Y,Y,1.0,0,989,HeatEvaluator=1.50448298668831
RECOLL.txt-660,0,1047,1047,9,N,N,-,-1,-1,HeatEvaluator=0.3938111765841772
RECOLL.txt-661,0,208,208,2,Y,Y,1.0,0,208,HeatEvaluator=0.9879554226682352
RECOLL.txt-662,0,224,224,3,Y,N,-,-1,-1,HeatEvaluator=0.7854174819044446
RECOLL.txt-663,0,512,512,5,Y,Y,1.0,0,512,HeatEvaluator=1.7219718364946337
RECOLL.txt-664,0,502,502,4,Y,N,-,-1,-1,HeatEvaluator=0.6244075831330231
RECOLL.txt-665,0,493,493,4,Y,Y,1.0,0,493,HeatEvaluator=1.7318156034808108
RECOLL.txt-666,0,362,362,5,N,N,-,-1,-1,HeatEvaluator=0.14698684289592592
REMKEL1.txt-667,0,1028,1028,7,Y,Y,1.0,0,1028,HeatEvaluator=0.7610846998542169
RECOLL.txt-668,0,1269,1269,11,N,N,-,-1,-1,HeatEvaluator=0.2706023848117
REMKEL1.txt-669,0,646,646,1,N,Y,1.0,0,646,HeatEvaluator=0.4832698466531818
REMKEL1.txt-670,0,318,318,2,N,N,-,-1,-1,HeatEvaluator=0.23492955481391303
REMKEL1.txt-671,0,563,563,3,Y,Y,1.0,0,563,HeatEvaluator=0.6488077957830001
REMKEL1.txt-672,0,542,542,3,N,N,-,-1,-1,HeatEvaluator=0.0
REMKEL1.txt-673,0,546,546,4,Y,Y,1.0,0,546,HeatEvaluator=0.7027596034763637
REMKEL1.txt-674,0,406,406,2,N,N,-,-1,-1,HeatEvaluator=0.38354163936774194
REMKEL1.txt-675,0,564,564,3,Y,Y,1.0,0,564,HeatEvaluator=0.5779829005706818
REMKEL1.txt-676,0,503,503,10,N,N,-,-1,-1,HeatEvaluator=0.10176012200487179
REMKEL1.txt-677,0,399,399,1,N,Y,1.0,0,399,HeatEvaluator=0.3883971447905883
REMKEL1.txt-678,0,607,607,10,N,N,-,-1,-1,HeatEvaluator=0.09679621361439024
REMKEL1.txt-679,0,462,462,4,N,Y,1.0,0,462,HeatEvaluator=0.3212625320852631
REMKEL1.txt-680,0,481,481,2,N,N,-,-1,-1,HeatEvaluator=0.1559582913676316
REMKEL1.txt-681,0,1000,1000,7,Y,Y,1.0,0,1000,HeatEvaluator=0.8854277775025
REMKEL1.txt-682,0,826,826,3,N,N,-,-1,-1,HeatEvaluator=0.14374740441879308
REMKEL1.txt-683,0,852,852,4,Y,Y,1.0,0,852,HeatEvaluator=0.7254897808310146
REMKEL1.txt-684,0,819,819,5,N,N,-,-1,-1,HeatEvaluator=0.06405298171693548
REMKEL1.txt-685,0,862,862,8,Y,Y,1.0,0,862,HeatEvaluator=0.7516363821402986
REMKEL1.txt-686,0,835,835,5,N,N,-,-1,-1,HeatEvaluator=0.0
REMKEL1.txt-687,0,446,446,2,Y,Y,1.0,0,446,HeatEvaluator=1.082882178816111
REMKEL1.txt-688,0,325,325,3,N,N,-,-1,-1,HeatEvaluator=0.31619309184153843
REMKEL1.txt-689,0,433,433,3,Y,Y,1.0,0,433,HeatEvaluator=0.5556797396978946
REMKEL1.txt-690,0,443,443,4,N,N,-,-1,-1,HeatEvaluator=0.0
REMKEL1.txt-691,0,1002,1002,5,Y,Y,1.0,0,1002,HeatEvaluator=0.6819382160885136
REMKEL1.txt-692,0,997,997,8,N,N,-,-1,-1,HeatEvaluator=0.29898800893666666
REMKEL1.txt-693,0,665,665,6,N,Y,1.0,0,665,HeatEvaluator=0.5062841317622642
REMKEL1.txt-694,0,790,790,3,N,N,-,-1,-1,HeatEvaluator=0.0
REMKEL1.txt-695,0,909,909,6,Y,Y,1.0,0,909,HeatEvaluator=0.974680497920946
REMKEL1.txt-696,0,676,676,4,N,N,-,-1,-1,HeatEvaluator=0.0
REMKEL1.txt-697,0,1285,1285,10,N,Y,1.0,0,1285,HeatEvaluator=0.3936603278610204
REMKEL1.txt-698,0,1245,1245,7,N,N,-,-1,-1,HeatEvaluator=0.0
REMKEL1.txt-699,0,553,553,1,Y,Y,1.0,0,553,HeatEvaluator=1.088981706027143
REMKEL1.txt-700,0,549,549,1,N,N,-,-1,-1,HeatEvaluator=0.21789925840439023
REMKEL1.txt-701,0,1172,1172,6,Y,Y,1.0,0,1172,HeatEvaluator=0.6506806408687209
REMKEL1.txt-702,0,1034,1034,9,N,N,-,-1,-1,HeatEvaluator=0.28196550044374996
REMKEL1.txt-703,0,527,527,3,N,Y,1.0,0,527,HeatEvaluator=0.45913066985824996
REMKEL1.txt-704,0,308,308,3,N,N,-,-1,-1,HeatEvaluator=0.21258394751049997
REMKEL1.txt-705,0,953,953,6,Y,Y,1.0,0,953,HeatEvaluator=0.5656490812862162
REMKEL1.txt-706,0,920,920,7,N,N,-,-1,-1,HeatEvaluator=0.24766443786880005
REMKEL1.txt-707,0,573,573,4,Y,Y,1.0,0,573,HeatEvaluator=0.742582510405
REMKEL1.txt-708,0,540,540,2,N,N,-,-1,-1,HeatEvaluator=0.11680249607205882
REMKEL1.txt-709,0,1833,1833,11,Y,Y,1.0,0,1833,HeatEvaluator=1.1176252219755147
REMKEL1.txt-710,0,1405,1405,9,N,N,-,-1,-1,HeatEvaluator=0.17084591243377356
REMKEL1.txt-711,0,2384,2384,12,Y,Y,1.0,0,2384,HeatEvaluator=1.428816888346505
REMKEL1.txt-712,0,1742,1742,12,N,N,-,-1,-1,HeatEvaluator=0.18826799102110237
REMKEL1.txt-713,0,841,841,8,Y,Y,1.0,0,841,HeatEvaluator=0.8729481131236064
REMKEL1.txt-714,0,904,904,6,N,N,-,-1,-1,HeatEvaluator=0.0
REMKEL1.txt-715,0,1556,1556,9,Y,Y,1.0,0,1556,HeatEvaluator=0.6290170474399115
REMKEL1.txt-716,0,692,692,3,N,N,-,-1,-1,HeatEvaluator=0.07689515224352941
REMKEL1.txt-717,0,5668,5668,33,Y,Y,1.0,0,5668,HeatEvaluator=0.6517827424458607
GRONOW.txt-718,0,5304,5304,22,N,N,-,-1,-1,HeatEvaluator=0.1427141780658542
REMKEL1.txt-719,0,2042,2042,16,Y,Y,1.0,0,2042,HeatEvaluator=0.5417999658588591
REMKEL1.txt-720,0,2204,2204,15,N,N,-,-1,-1,HeatEvaluator=0.05229296846839506
REMKEL1.txt-721,0,3558,3558,18,N,Y,1.0,0,3558,HeatEvaluator=0.2227058994349035
REMKEL1.txt-722,0,3532,3532,21,N,N,-,-1,-1,HeatEvaluator=0.19489542688065967
REMKEL1.txt-723,0,3445,3445,21,Y,Y,1.0,0,3445,HeatEvaluator=1.0584325841629478
GRONOW.txt-724,0,3797,3797,18,N,N,-,-1,-1,HeatEvaluator=0.0627196681541
REMKEL1.txt-725,0,1183,1183,8,N,Y,1.0,0,1183,HeatEvaluator=0.3261095625912903
REMKEL1.txt-726,0,1317,1317,7,N,N,-,-1,-1,HeatEvaluator=0.38051228532
REMKEL1.txt-727,0,1259,1259,7,Y,Y,1.0,0,1259,HeatEvaluator=0.6592612450850562
REMKEL1.txt-728,0,1355,1355,7,N,N,-,-1,-1,HeatEvaluator=0.24704240150700005
REMKEL2.txt-729,0,190,190,2,N,Y,1.0,0,190,HeatEvaluator=0.263137564392
REMKEL1.txt-730,0,539,539,4,N,N,-,-1,-1,HeatEvaluator=0.0
REMKEL2.txt-731,0,761,761,4,Y,Y,1.0,0,761,HeatEvaluator=0.8686416451127119
REMKEL1.txt-732,0,580,580,4,N,N,-,-1,-1,HeatEvaluator=0.193916231613617
REMKEL2.txt-733,0,288,288,1,Y,Y,1.0,0,288,HeatEvaluator=0.589078168582174
REMKEL1.txt-734,0,191,191,1,Y,N,-,-1,-1,HeatEvaluator=1.21529014467
REMKEL2.txt-735,0,189,189,2,Y,Y,1.0,0,189,HeatEvaluator=0.6338401465786667
REMKEL1.txt-736,0,285,285,2,N,N,-,-1,-1,HeatEvaluator=0.0
REMKEL2.txt-737,0,760,760,5,Y,Y,1.0,0,760,HeatEvaluator=1.4437588620277777
REMKEL1.txt-738,0,529,529,3,N,N,-,-1,-1,HeatEvaluator=0.09661358985341464
REMKEL2.txt-739,0,253,253,3,Y,Y,1.0,0,253,HeatEvaluator=0.6320516348009092
REMKEL1.txt-740,0,477,477,5,N,N,-,-1,-1,HeatEvaluator=0.22134645503729727
REMKEL2.txt-741,0,377,377,2,N,Y,1.0,0,377,HeatEvaluator=0.17035570214925927
REMKEL1.txt-742,0,394,394,3,N,N,-,-1,-1,HeatEvaluator=0.12225545881575757
REMKEL2.txt-743,0,637,637,5,N,Y,1.0,0,637,HeatEvaluator=0.24448057083363633
REMKEL1.txt-744,0,971,971,7,N,N,-,-1,-1,HeatEvaluator=0.17656900193675673
REMKEL2.txt-745,0,523,523,3,Y,Y,1.0,0,523,HeatEvaluator=0.981638976230238
REMKEL1.txt-746,0,392,392,3,N,N,-,-1,-1,HeatEvaluator=0.0
REMKEL2.txt-747,0,922,922,6,N,Y,1.0,0,922,HeatEvaluator=0.334153871676338
REMKEL1.txt-748,0,1046,1046,5,N,N,-,-1,-1,HeatEvaluator=0.16593775475240505
REMKEL2.txt-749,0,633,633,4,N,Y,1.0,0,633,HeatEvaluator=0.0
REMKEL1.txt-750,0,575,575,4,Y,N,-,-1,-1,HeatEvaluator=0.562751759065532
REMKEL2.txt-751,0,344,344,2,Y,Y,1.0,0,344,HeatEvaluator=0.5273476035737038
REMKEL2.txt-752,0,188,188,1,N,N,-,-1,-1,HeatEvaluator=0.40827471491923073
REMKEL2.txt-753,0,1021,1021,5,Y,Y,1.0,0,1021,HeatEvaluator=1.4939208342770152
REMKEL2.txt-754,0,464,464,3,N,N,-,-1,-1,HeatEvaluator=0.0
REMKEL2.txt-755,0,504,504,3,N,Y,1.0,0,504,HeatEvaluator=0.4984046976555813
REMKEL2.txt-756,0,674,674,5,N,N,-,-1,-1,HeatEvaluator=0.4147331351770833
REMKEL2.txt-757,0,348,348,2,Y,Y,1.0,0,348,HeatEvaluator=1.0542338100058621
REMKEL2.txt-758,0,484,484,3,Y,N,-,-1,-1,HeatEvaluator=0.5409578853468751
REMKEL2.txt-759,0,706,706,5,N,Y,1.0,0,706,HeatEvaluator=0.4325638494672727
REMKEL2.txt-760,0,761,761,2,N,N,-,-1,-1,HeatEvaluator=0.07114012132732143
REMKEL2.txt-761,0,1026,1026,7,Y,Y,1.0,0,1026,HeatEvaluator=0.887609895357381
REMKEL2.txt-762,0,727,727,5,N,N,-,-1,-1,HeatEvaluator=0.08997793476882354
REMKEL2.txt-763,0,455,455,5,Y,Y,1.0,0,455,HeatEvaluator=0.6268952264179999
REMKEL2.txt-764,0,467,467,3,N,N,-,-1,-1,HeatEvaluator=0.10955658852444444
REMKEL2.txt-765,0,635,635,6,Y,Y,1.0,0,635,HeatEvaluator=0.695068588615
REMKEL2.txt-766,0,400,400,3,Y,N,-,-1,-1,HeatEvaluator=0.543674079595
REMKEL2.txt-767,0,566,566,4,Y,Y,1.0,0,566,HeatEvaluator=0.6898091395422727
REMKEL2.txt-768,0,529,529,6,N,N,-,-1,-1,HeatEvaluator=0.41575076674911765
REMKEL2.txt-769,0,388,388,3,N,Y,1.0,0,388,HeatEvaluator=0.5005734273982142
REMKEL2.txt-770,0,403,403,3,N,N,-,-1,-1,HeatEvaluator=0.41575076674911765
REMKEL2.txt-771,0,226,226,3,Y,Y,1.0,0,226,HeatEvaluator=0.701968221057
REMKEL2.txt-772,0,318,318,2,Y,N,-,-1,-1,HeatEvaluator=0.5889802528945833
REMKEL2.txt-773,0,525,525,2,Y,Y,1.0,0,525,HeatEvaluator=0.6080745422963414
REMKEL2.txt-774,0,374,374,2,Y,N,-,-1,-1,HeatEvaluator=0.6760070219707143
REMKEL2.txt-775,0,540,540,3,Y,Y,1.0,0,540,HeatEvaluator=0.5445173229548718
REMKEL2.txt-776,0,612,612,2,N,N,-,-1,-1,HeatEvaluator=0.2886266569697872
REMKEL2.txt-777,0,558,558,2,N,Y,1.0,0,558,HeatEvaluator=0.4818484409033333
REMKEL2.txt-778,0,568,568,3,N,N,-,-1,-1,HeatEvaluator=0.4514539298875
REMKEL2.txt-779,0,345,345,2,N,Y,1.0,0,345,HeatEvaluator=0.3306278560553571
REMKEL2.txt-780,0,282,282,2,N,N,-,-1,-1,HeatEvaluator=0.210990017137
REMKEL2.txt-781,0,448,448,2,N,Y,1.0,0,448,HeatEvaluator=0.45433287264379313
REMKEL2.txt-782,0,395,395,3,N,N,-,-1,-1,HeatEvaluator=0.1759013506776
REMKEL2.txt-783,0,748,748,6,N,Y,1.0,0,748,HeatEvaluator=0.3264455826637288
REMKEL2.txt-784,0,282,282,3,N,N,-,-1,-1,HeatEvaluator=0.23218020387529412
REMKEL2.txt-785,0,691,691,3,N,Y,1.0,0,691,HeatEvaluator=0.27512955405943396
REMKEL2.txt-786,0,442,442,2,N,N,-,-1,-1,HeatEvaluator=0.32813203936611113
REMKEL2.txt-787,0,310,310,2,N,Y,1.0,0,310,HeatEvaluator=0.24711259558347826
REMKEL2.txt-788,0,610,610,3,Y,N,-,-1,-1,HeatEvaluator=0.5312433412803922
REMKEL2.txt-789,0,147,147,2,Y,Y,1.0,0,147,HeatEvaluator=0.8173178524769231
REMKEL2.txt-790,0,488,488,2,N,N,-,-1,-1,HeatEvaluator=0.10387009120736841
REMKEL2.txt-791,0,175,175,2,N,Y,1.0,0,175,HeatEvaluator=0.0
REMKEL2.txt-792,0,799,799,3,N,N,-,-1,-1,HeatEvaluator=0.1994241999445614
REMKEL2.txt-793,0,546,546,2,N,Y,1.0,0,546,HeatEvaluator=0.38777620731425
REMKEL2.txt-794,0,458,458,2,N,N,-,-1,-1,HeatEvaluator=0.3914110048262857
REMKEL2.txt-795,0,936,936,7,Y,Y,1.0,0,936,HeatEvaluator=0.5348512707290667
REMKEL2.txt-796,0,631,631,3,N,N,-,-1,-1,HeatEvaluator=0.1596356511342
REMKEL2.txt-797,0,476,476,2,N,Y,1.0,0,476,HeatEvaluator=0.42416197436102565
REMKEL2.txt-798,0,530,530,1,N,N,-,-1,-1,HeatEvaluator=0.3324904808895
REMKEL2.txt-799,0,695,695,5,N,Y,1.0,0,695,HeatEvaluator=0.2539387179893877
REMKEL2.txt-800,0,787,787,2,N,N,-,-1,-1,HeatEvaluator=0.21261652245727275
REMKEL2.txt-801,0,194,194,2,N,Y,1.0,0,194,HeatEvaluator=0.263137564392
REMKEL2.txt-802,0,262,262,1,N,N,-,-1,-1,HeatEvaluator=0.0
REMKEL2.txt-803,0,193,193,1,Y,Y,1.0,0,193,HeatEvaluator=0.972418891375625
REMKEL2.txt-804,0,308,308,2,N,N,-,-1,-1,HeatEvaluator=0.0
REMKEL2.txt-805,0,330,330,4,N,Y,1.0,0,330,HeatEvaluator=0.19180910648818184
REMKEL2.txt-806,0,497,497,4,N,N,-,-1,-1,HeatEvaluator=0.0
REMKEL2.txt-807,0,1358,1358,6,Y,Y,1.0,0,1358,HeatEvaluator=1.1531724870214708
REMKEL2.txt-808,0,1335,1335,7,N,N,-,-1,-1,HeatEvaluator=0.20698152768105768
REMKEL2.txt-809,0,397,397,3,N,Y,1.0,0,397,HeatEvaluator=0.1981117721715625
REMKEL2.txt-810,0,201,201,1,N,N,-,-1,-1,HeatEvaluator=0.0
REMKEL2.txt-811,0,792,792,3,Y,Y,1.0,0,792,HeatEvaluator=0.753219367142034
REMKEL2.txt-812,0,451,451,1,N,N,-,-1,-1,HeatEvaluator=0.0
REMKEL2.txt-813,0,226,226,2,N,Y,1.0,0,226,HeatEvaluator=0.4321637363036364
REMKEL2.txt-814,0,387,387,1,N,N,-,-1,-1,HeatEvaluator=0.0
REMKEL2.txt-815,0,1334,1334,10,Y,Y,1.0,0,1334,HeatEvaluator=0.8188684937036188
REMKEL2.txt-816,0,779,779,4,N,N,-,-1,-1,HeatEvaluator=0.12656059188
REMKEL2.txt-817,0,1431,1431,11,N,Y,1.0,0,1431,HeatEvaluator=0.4511283688274775
REMKEL2.txt-818,0,862,862,3,N,N,-,-1,-1,HeatEvaluator=0.06805281837724138
REMKEL2.txt-819,0,481,481,2,Y,Y,1.0,0,481,HeatEvaluator=0.7084881056665789
REMKEL2.txt-820,0,603,603,3,N,N,-,-1,-1,HeatEvaluator=0.0
REMKEL2.txt-821,0,175,175,2,Y,Y,1.0,0,175,HeatEvaluator=0.731354015283077
REMKEL2.txt-822,0,93,93,1,N,N,-,-1,-1,HeatEvaluator=0.0
REMKEL2.txt-823,0,252,252,1,N,Y,1.0,0,252,HeatEvaluator=0.0
REMKEL2.txt-824,0,432,432,1,N,N,-,-1,-1,HeatEvaluator=0.0
REMKEL2.txt-825,0,311,311,2,N,Y,1.0,0,311,HeatEvaluator=0.46549662641000006
REMKEL2.txt-826,0,450,450,3,N,N,-,-1,-1,HeatEvaluator=0.0
REOPER.txt-827,0,648,648,2,Y,Y,1.0,0,648,HeatEvaluator=0.771266997732963
REMKEL2.txt-828,0,844,844,5,N,N,-,-1,-1,HeatEvaluator=0.0
REOPER.txt-829,0,879,879,6,Y,Y,1.0,0,879,HeatEvaluator=0.8210059945893651
REOPER.txt-830,0,605,605,2,Y,N,-,-1,-1,HeatEvaluator=0.5223511068893478
REOPER.txt-831,0,1091,1091,7,Y,Y,1.0,0,1091,HeatEvaluator=0.6405611088226506
REOPER.txt-832,0,1039,1039,6,N,N,-,-1,-1,HeatEvaluator=0.38938354835481925
REOPER.txt-833,0,906,906,4,Y,Y,1.0,0,906,HeatEvaluator=0.5381274897633803
REOPER.txt-834,0,1029,1029,7,N,N,-,-1,-1,HeatEvaluator=0.23085002114721517
REOPER.txt-835,0,833,833,7,Y,Y,1.0,0,833,HeatEvaluator=0.6152003759062294
REOPER.txt-836,0,474,474,2,N,N,-,-1,-1,HeatEvaluator=0.0
REOPER.txt-837,0,723,723,5,N,Y,1.0,0,723,HeatEvaluator=0.45632727542383333
REOPER.txt-838,0,609,609,4,N,N,-,-1,-1,HeatEvaluator=0.18905681809191488
REOPER.txt-839,0,1580,1580,8,Y,Y,1.0,0,1580,HeatEvaluator=0.5641565252024427
REOPER.txt-840,0,2056,2056,9,N,N,-,-1,-1,HeatEvaluator=0.18561695150787097
REOPER.txt-841,0,815,815,5,Y,Y,1.0,0,815,HeatEvaluator=1.2985149793513846
REOPER.txt-842,0,687,687,3,N,N,-,-1,-1,HeatEvaluator=0.305100891156
REOPER.txt-843,0,490,490,4,N,Y,1.0,0,490,HeatEvaluator=0.37651051336268293
REOPER.txt-844,0,469,469,2,N,N,-,-1,-1,HeatEvaluator=0.1286086798777778
REOPER.txt-845,0,771,771,6,Y,Y,1.0,0,771,HeatEvaluator=0.5136465827387097
REOPER.txt-846,0,509,509,3,N,N,-,-1,-1,HeatEvaluator=0.0
REOPER.txt-847,0,431,431,3,Y,Y,1.0,0,431,HeatEvaluator=1.1497834819728205
REOPER.txt-848,0,232,232,1,Y,N,-,-1,-1,HeatEvaluator=0.522016040653
REOPER.txt-849,0,609,609,4,Y,Y,1.0,0,609,HeatEvaluator=1.3235463942375
REOPER.txt-850,0,769,769,4,N,N,-,-1,-1,HeatEvaluator=0.08920555990112904
REOPER.txt-851,0,460,460,4,Y,Y,1.0,0,460,HeatEvaluator=0.7073517928069231
REOPER.txt-852,0,270,270,2,N,N,-,-1,-1,HeatEvaluator=0.164460977745
REOPER.txt-853,0,723,723,4,Y,Y,1.0,0,723,HeatEvaluator=0.594721582438
REOPER.txt-854,0,697,697,2,N,N,-,-1,-1,HeatEvaluator=0.37812964909085106
REOPER.txt-855,0,508,508,4,N,Y,1.0,0,508,HeatEvaluator=0.3459413328673684
REOPER.txt-856,0,180,180,1,N,N,-,-1,-1,HeatEvaluator=0.31432879040846157
REOPER.txt-857,0,796,796,4,N,Y,1.0,0,796,HeatEvaluator=0.06784759513415385
REOPER.txt-858,0,501,501,1,N,N,-,-1,-1,HeatEvaluator=0.0
REOPER.txt-859,0,758,758,5,Y,Y,1.0,0,758,HeatEvaluator=1.023201698317705
REOPER.txt-860,0,411,411,2,N,N,-,-1,-1,HeatEvaluator=0.14618753577333332
REOPER.txt-861,0,591,591,5,Y,Y,1.0,0,591,HeatEvaluator=1.1912438982652274
REOPER.txt-862,0,899,899,4,N,N,-,-1,-1,HeatEvaluator=0.05980399190727272
REOPER.txt-863,0,945,945,6,N,Y,1.0,0,945,HeatEvaluator=0.25566912238605266
REOPER.txt-864,0,525,525,2,N,N,-,-1,-1,HeatEvaluator=0.1885273680142857
REOPER.txt-865,0,436,436,2,Y,Y,1.0,0,436,HeatEvaluator=0.8011535155697297
REOPER.txt-866,0,320,320,1,N,N,-,-1,-1,HeatEvaluator=0.0
REOPER.txt-867,0,1574,1574,8,Y,Y,1.0,0,1574,HeatEvaluator=0.5750310423337097
REOPER.txt-868,0,1403,1403,11,N,N,-,-1,-1,HeatEvaluator=0.24472080767262627
REOPER.txt-869,0,691,691,4,Y,Y,1.0,0,691,HeatEvaluator=1.0504037380998148
REOPER.txt-870,0,280,280,2,N,N,-,-1,-1,HeatEvaluator=0.17636564434217392
REOPER.txt-871,0,471,471,2,Y,Y,1.0,0,471,HeatEvaluator=0.929830608955135
REOPER.txt-872,0,387,387,1,N,N,-,-1,-1,HeatEvaluator=0.0
REOPER.txt-873,0,2015,2015,15,Y,Y,1.0,0,2015,HeatEvaluator=0.877588668747
REOPER.txt-874,0,1789,1789,12,N,N,-,-1,-1,HeatEvaluator=0.22758403191097742
REOPER.txt-875,0,650,650,3,Y,Y,1.0,0,650,HeatEvaluator=0.8847029127182693
REOPER.txt-876,0,238,238,3,N,N,-,-1,-1,HeatEvaluator=0.0
REOPER.txt-877,0,1528,1528,10,Y,Y,1.0,0,1528,HeatEvaluator=0.63036449858816
REOPER.txt-878,0,283,283,1,N,N,-,-1,-1,HeatEvaluator=0.18795540313714285
REOPER.txt-879,0,1037,1037,6,N,Y,1.0,0,1037,HeatEvaluator=0.45769672496625
REOPER.txt-880,0,477,477,2,N,N,-,-1,-1,HeatEvaluator=0.0
REOPER.txt-881,0,2310,2310,15,Y,Y,1.0,0,2310,HeatEvaluator=0.8127664785540216
REOPER.txt-882,0,1231,1231,5,N,N,-,-1,-1,HeatEvaluator=0.2150331629150495
REOPER.txt-883,0,1101,1101,8,N,Y,1.0,0,1101,HeatEvaluator=0.4108021447931111
REOPER.txt-884,0,1882,1882,13,N,N,-,-1,-1,HeatEvaluator=0.13283659536965517
REOPER.txt-885,0,2049,2049,11,Y,Y,1.0,0,2049,HeatEvaluator=0.6784441532891409
REOPER.txt-886,0,1664,1664,12,N,N,-,-1,-1,HeatEvaluator=0.10969665876846153
REOPER.txt-887,0,3621,3621,30,Y,Y,1.0,0,3621,HeatEvaluator=0.584194440146728
REOPER.txt-888,0,3537,3537,14,N,N,-,-1,-1,HeatEvaluator=0.2720586514650376
THIRTY.txt-889,0,588,588,4,N,Y,1.0,0,588,HeatEvaluator=0.43157030370040816
THIRTY.txt-890,0,631,631,4,N,N,-,-1,-1,HeatEvaluator=0.24883274334372546
THIRTY.txt-891,0,956,956,5,Y,Y,1.0,0,956,HeatEvaluator=1.2804377082449347
THIRTY.txt-892,0,530,530,4,N,N,-,-1,-1,HeatEvaluator=0.15481315071209303
THIRTY.txt-893,0,470,470,2,Y,Y,1.0,0,470,HeatEvaluator=0.9656581081080001
THIRTY.txt-894,0,330,330,2,N,N,-,-1,-1,HeatEvaluator=0.0
THIRTY.txt-895,0,233,233,1,Y,Y,1.0,0,233,HeatEvaluator=2.184711853850625
THIRTY.txt-896,0,264,264,1,Y,N,-,-1,-1,HeatEvaluator=0.5380795185822222
THIRTY.txt-897,0,863,863,5,Y,Y,1.0,0,863,HeatEvaluator=0.8622996194672582
THIRTY.txt-898,0,1038,1038,12,N,N,-,-1,-1,HeatEvaluator=0.12290464174
THIRTY.txt-899,0,580,580,4,Y,Y,1.0,0,580,HeatEvaluator=1.1416016415808696
THIRTY.txt-900,0,655,655,5,N,N,-,-1,-1,HeatEvaluator=0.3967097503759649
THIRTY.txt-901,0,1079,1079,7,Y,Y,1.0,0,1079,HeatEvaluator=0.8084905773834884
THIRTY.txt-902,0,719,719,8,N,N,-,-1,-1,HeatEvaluator=0.08375502759333334
THIRTY.txt-903,0,1541,1541,11,Y,Y,1.0,0,1541,HeatEvaluator=0.5488810917098278
GLOVER.txt-904,0,870,870,8,N,N,-,-1,-1,HeatEvaluator=0.11014550337813332
THIRTY.txt-905,0,684,684,5,Y,Y,1.0,0,684,HeatEvaluator=0.8770515237221428
THIRTY.txt-906,0,688,688,4,N,N,-,-1,-1,HeatEvaluator=0.11078991604372881
THIRTY.txt-907,0,361,361,2,Y,Y,1.0,0,361,HeatEvaluator=0.7782399075944445
GLOVER.txt-908,0,440,440,4,N,N,-,-1,-1,HeatEvaluator=0.12525680234324324
THIRTY.txt-909,0,375,375,1,N,Y,1.0,0,375,HeatEvaluator=0.37829090667914284
GLOVER.txt-910,0,344,344,2,N,N,-,-1,-1,HeatEvaluator=0.23662603977434782
THIRTY.txt-911,0,728,728,5,Y,Y,1.0,0,728,HeatEvaluator=0.7637893018115253
GLOVER.txt-912,0,611,611,3,N,N,-,-1,-1,HeatEvaluator=0.3158745091162
THIRTY.txt-913,0,436,436,1,Y,Y,1.0,0,436,HeatEvaluator=1.629930863468788
GLOVER.txt-914,0,562,562,5,N,N,-,-1,-1,HeatEvaluator=0.3820312491038
THIRTY.txt-915,0,580,580,5,N,Y,1.0,0,580,HeatEvaluator=0.41141555739511104
GLOVER.txt-916,0,522,522,2,N,N,-,-1,-1,HeatEvaluator=0.33112152025825
THIRTY.txt-917,0,1105,1105,7,Y,Y,1.0,0,1105,HeatEvaluator=0.5214711998568675
GLOVER.txt-918,0,832,832,4,N,N,-,-1,-1,HeatEvaluator=0.14949490577809524
THIRTY.txt-919,0,929,929,4,Y,Y,1.0,0,929,HeatEvaluator=0.7194465870622727
GLOVER.txt-920,0,476,476,2,N,N,-,-1,-1,HeatEvaluator=0.0
THIRTY.txt-921,0,646,646,3,N,Y,1.0,0,646,HeatEvaluator=0.4795494781264407
GLOVER.txt-922,0,540,540,4,N,N,-,-1,-1,HeatEvaluator=0.24700250060795453
THIRTY.txt-923,0,387,387,1,Y,Y,1.0,0,387,HeatEvaluator=1.086266596605
GLOVER.txt-924,0,255,255,2,N,N,-,-1,-1,HeatEvaluator=0.0
THIRTY.txt-925,0,446,446,4,Y,Y,1.0,0,446,HeatEvaluator=0.7223995626511112
GLOVER.txt-926,0,605,605,5,N,N,-,-1,-1,HeatEvaluator=0.147932566236
THIRTY.txt-927,0,654,654,3,Y,Y,1.0,0,654,HeatEvaluator=1.1271961080932655
TWOMEN.txt-928,0,519,519,8,N,N,-,-1,-1,HeatEvaluator=0.3259547899337209
THIRTY.txt-929,0,397,397,2,Y,Y,1.0,0,397,HeatEvaluator=0.770638567716129
TWOMEN.txt-930,0,447,447,3,N,N,-,-1,-1,HeatEvaluator=0.1293407709534375
THIRTY.txt-931,0,1034,1034,6,Y,Y,1.0,0,1034,HeatEvaluator=0.8484564906903658
TWOMEN.txt-932,0,673,673,4,Y,N,-,-1,-1,HeatEvaluator=0.508555259802
THIRTY.txt-933,0,585,585,3,Y,Y,1.0,0,585,HeatEvaluator=0.7830747467890566
TWOMEN.txt-934,0,658,658,4,Y,N,-,-1,-1,HeatEvaluator=0.7094790987880435
THIRTY.txt-935,0,413,413,2,Y,Y,1.0,0,413,HeatEvaluator=1.7123511021086666
WESLEY.txt-936,0,319,319,2,N,N,-,-1,-1,HeatEvaluator=0.0
THIRTY.txt-937,0,1177,1177,5,Y,Y,1.0,0,1177,HeatEvaluator=0.6654617963189412
WESLEY.txt-938,0,754,754,2,N,N,-,-1,-1,HeatEvaluator=0.0
THIRTY.txt-939,0,2843,2843,19,Y,Y,1.0,0,2843,HeatEvaluator=0.5990352706751675
WESLEY.txt-940,0,1342,1342,10,N,N,-,-1,-1,HeatEvaluator=0.11447668419703703
THIRTY.txt-941,0,481,481,4,Y,Y,1.0,0,481,HeatEvaluator=0.5593433805474418
WESLEY.txt-942,0,353,353,4,N,N,-,-1,-1,HeatEvaluator=0.0
THIRTY.txt-943,0,439,439,3,Y,Y,1.0,0,439,HeatEvaluator=1.1002183618562857
WESLEY.txt-944,0,505,505,6,N,N,-,-1,-1,HeatEvaluator=0.3353807311652778
THIRTY.txt-945,0,575,575,3,Y,Y,1.0,0,575,HeatEvaluator=0.7297859289033334
WESLEY.txt-946,0,625,625,9,N,N,-,-1,-1,HeatEvaluator=0.1853710760131915
THIRTY.txt-947,0,929,929,6,Y,Y,1.0,0,929,HeatEvaluator=0.8920545153436251
WESLEY.txt-948,0,526,526,4,N,N,-,-1,-1,HeatEvaluator=0.0
THIRTY.txt-949,0,769,769,5,Y,Y,1.0,0,769,HeatEvaluator=0.6101047804533333
WESLEY.txt-950,0,469,469,3,N,N,-,-1,-1,HeatEvaluator=0.0
THIRTY.txt-951,0,1285,1285,8,Y,Y,1.0,0,1285,HeatEvaluator=0.8950835345478572
WESLEY.txt-952,0,1739,1739,11,N,N,-,-1,-1,HeatEvaluator=0.0326804397035
THIRTY.txt-953,0,959,959,6,Y,Y,1.0,0,959,HeatEvaluator=0.9186434585863515
WESLEY.txt-954,0,333,333,1,N,N,-,-1,-1,HeatEvaluator=0.0
THIRTY.txt-955,0,534,534,4,N,Y,1.0,0,534,HeatEvaluator=0.49568098704595753
WESLEY.txt-956,0,439,439,2,N,N,-,-1,-1,HeatEvaluator=0.0
THIRTY.txt-957,0,442,442,4,Y,Y,1.0,0,442,HeatEvaluator=0.6681128446963158
WESLEY.txt-958,0,359,359,1,N,N,-,-1,-1,HeatEvaluator=0.0
THIRTY.txt-959,0,546,546,3,Y,Y,1.0,0,546,HeatEvaluator=1.0934015911510417
WESLEY.txt-960,0,750,750,4,N,N,-,-1,-1,HeatEvaluator=0.2364637537525
THIRTY.txt-961,0,1611,1611,11,Y,Y,1.0,0,1611,HeatEvaluator=0.8086333432826085
WESLEY.txt-962,0,629,629,4,N,N,-,-1,-1,HeatEvaluator=0.10690341015574469
THIRTY.txt-963,0,2153,2153,15,N,Y,1.0,0,2153,HeatEvaluator=0.4906408282246427
WESLEY.txt-964,0,2059,2059,12,N,N,-,-1,-1,HeatEvaluator=0.21484193739580645
THIRTY.txt-965,0,1013,1013,7,Y,Y,1.0,0,1013,HeatEvaluator=0.5112037650027161
WESLEY.txt-966,0,1234,1234,10,N,N,-,-1,-1,HeatEvaluator=0.15122079476777778
THIRTY.txt-967,0,654,654,4,Y,Y,1.0,0,654,HeatEvaluator=1.1103866697078846
WESLEY.txt-968,0,499,499,3,N,N,-,-1,-1,HeatEvaluator=0.0
THIRTY.txt-969,0,380,380,5,Y,Y,1.0,0,380,HeatEvaluator=0.7243915025453845
WESLEY.txt-970,0,359,359,4,N,N,-,-1,-1,HeatEvaluator=0.0
THIRTY.txt-971,0,1132,1132,7,Y,Y,1.0,0,1132,HeatEvaluator=0.5515253778748913
WESLEY.txt-972,0,1096,1096,10,N,N,-,-1,-1,HeatEvaluator=0.2744435937510989
THIRTY.txt-973,0,1046,1046,8,Y,Y,1.0,0,1046,HeatEvaluator=1.2438552457259036
WESLEY.txt-974,0,767,767,8,N,N,-,-1,-1,HeatEvaluator=0.0
THIRTY.txt-975,0,855,855,7,Y,Y,1.0,0,855,HeatEvaluator=0.6350080820192424
WESLEY.txt-976,0,1406,1406,12,N,N,-,-1,-1,HeatEvaluator=0.0
THIRTY.txt-977,0,2357,2357,13,Y,Y,1.0,0,2357,HeatEvaluator=1.2910338663487504
WESLEY.txt-978,0,740,740,7,N,N,-,-1,-1,HeatEvaluator=0.1352294056696552
THIRTY.txt-979,0,749,749,5,Y,Y,1.0,0,749,HeatEvaluator=0.8838067506412903
WESLEY.txt-980,0,399,399,3,N,N,-,-1,-1,HeatEvaluator=0.1634021985175
TWOMEN.txt-981,0,307,307,3,N,Y,1.0,0,307,HeatEvaluator=0.32884728740200003
WESLEY.txt-982,0,114,114,1,N,N,-,-1,-1,HeatEvaluator=0.0
TWOMEN.txt-983,0,361,361,5,Y,Y,1.0,0,361,HeatEvaluator=0.5604322994493103
WESLEY.txt-984,0,352,352,6,N,N,-,-1,-1,HeatEvaluator=0.1352294056696552
TWOMEN.txt-985,0,366,366,3,Y,Y,1.0,0,366,HeatEvaluator=0.5271811251182759
WESLEY.txt-986,0,305,305,3,N,N,-,-1,-1,HeatEvaluator=0.0
WESLEY.txt-987,0,2412,2412,29,N,Y,1.0,0,2412,HeatEvaluator=0.23521988182022477
WESLEY.txt-988,0,1605,1605,16,N,N,-,-1,-1,HeatEvaluator=0.06264632208929134
WESLEY.txt-989,0,981,981,6,N,Y,1.0,0,981,HeatEvaluator=0.14448755008467531
WESLEY.txt-990,0,516,516,4,N,N,-,-1,-1,HeatEvaluator=0.0
WESLEY.txt-991,0,507,507,3,N,Y,1.0,0,507,HeatEvaluator=0.37204006751138885
WESLEY.txt-992,0,649,649,6,N,N,-,-1,-1,HeatEvaluator=0.0
WESLEY.txt-993,0,417,417,4,Y,Y,1.0,0,417,HeatEvaluator=0.6880721397718181
WESLEY.txt-994,0,794,794,14,N,N,-,-1,-1,HeatEvaluator=0.0
WESLEY.txt-995,0,624,624,10,N,Y,1.0,0,624,HeatEvaluator=0.18152153863910714
WESLEY.txt-996,0,364,364,4,N,N,-,-1,-1,HeatEvaluator=0.0
WESLEY.txt-997,0,249,249,3,Y,Y,1.0,0,249,HeatEvaluator=1.165257412976111
WESLEY.txt-998,0,175,175,3,N,N,-,-1,-1,HeatEvaluator=0.0
WESLEY.txt-999,0,2507,2507,22,N,Y,1.0,0,2507,HeatEvaluator=0.04906572425747253
WESLEY.txt-1000,0,2550,2550,27,N,N,-,-1,-1,HeatEvaluator=0.07586083360011237
