source,excerpt,place,agent,excerptStarts,excerptEnds,sourceSize,placeInSource,agentInSource,placeInExcerpt,agentInExcerpt,placeDistanceFromExcerpt,agentDistanceFromExcerpt
autobiographycor01delauoft,1444928659874,"http://dbpedia.org/resource/Warwick","",182003,182242,988508,9,0,0,0,191718,-1
thirtyyearsofmus00kleiuoft,1439032598718,"http://dbpedia.org/resource/Royal_Albert_Hall","",90483,94994,565930,24,0,3,0,0,-1
memoriesofmusici00ganzuoft,1436262032838,"http://dbpedia.org/resource/St_James's_Hall","",201561,202520,492418,0,0,0,0,-1,-1
autobiographyimg01dela,1444424772006,"http://dbpedia.org/resource/London","http://dbpedia.org/resource/Mary_Delany",1084127,1084727,1133206,131,44,0,0,94,82306
reminiscencesofm02kellrich,1437411366462,"http://dbpedia.org/resource/Limerick","",350764,351454,520572,8,0,1,0,0,-1
recentmusicmusic00mosc,1426861072576,"http://dbpedia.org/resource/Paris","",72354,72770,968055,96,0,0,0,127,-1
reminiscencesofm02kellrich,1435357682797,"http://dbpedia.org/resource/Drury_Lane","",15132,15609,520572,21,0,0,0,15673,-1
reminiscencesofm01kellrich,1428145340599,"http://dbpedia.org/resource/Pisa","",152563,152964,501477,7,0,0,0,142132,-1
diaryofwilliampl01jaco,1447579872437,"http://dbpedia.org/resource/Clinton,_South_Carolina","",569358,569745,1148331,0,0,0,0,-1,-1
thirtyyearsofmus00kleiuoft,1439394751284,"http://dbpedia.org/resource/London","",213637,214634,565930,409,0,1,0,0,-1
diaryofwilliampl01jaco,1447580022430,"http://dbpedia.org/resource/Cologne_Cathedral","",594281,594655,1148331,0,0,0,0,-1,-1
reminiscencesofm02kellrich,1436891628994,"http://dbpedia.org/resource/Drury_Lane","",205586,205985,520572,21,0,0,0,162099,-1
recentmusicmusic00mosc,1432374854992,"http://dbpedia.org/resource/Vienna","",839856,840600,968055,176,0,0,0,12904,-1
thirtyyearsofmus00kleiuoft,1439293846354,"http://dbpedia.org/resource/Kingdom_of_Bohemia","http://dbpedia.org/resource/Anton%C3%ADn_Dvo%C5%99%C3%A1k",188249,188594,565930,0,0,0,0,-1,-1
lettersofcompose00norm,1424691738393,"http://dbpedia.org/resource/Holland","http://dbpedia.org/resource/Robert_Schumann",350792,351193,916583,0,66,0,0,-1,64262
autobiographyan05unkngoog,1434465674622,"http://dbpedia.org/resource/Glasnevin","",772110,772544,1119268,0,0,0,0,-1,-1
thirtyyearsofmus00kleiuoft,1439315142742,"http://dbpedia.org/resource/St_James's_Hall","",208078,209422,565930,0,0,0,0,-1,-1
autobiographycor01delauoft,1444931294033,"http://dbpedia.org/resource/England","",373320,373570,988508,35,0,0,0,12485,-1
memoirsofcountbo00boruuoft,1447086278991,"http://dbpedia.org/resource/Portarlington,_County_Laois","",281902,282182,377699,4,0,0,0,249415,-1
thirtyyearsofmus00klei,1438247568627,"http://dbpedia.org/resource/The_Crystal_Palace","",116873,117474,578001,9,0,1,0,0,-1
memoriesofmusici00ganzuoft,1436182942743,"http://dbpedia.org/resource/St_James's","",119767,120355,492418,0,0,0,0,-1,-1
diaryofwilliampl01jaco,1447580654529,"http://dbpedia.org/resource/Clinton,_South_Carolina","",889433,889703,1148331,0,0,0,0,-1,-1
musicallettersf00unkngoog,1448397303768,"http://dbpedia.org/resource/Antwerp","",308557,309009,571646,2,0,1,0,0,-1
memoriesofmusici00ganzuoft,1436281535809,"http://dbpedia.org/resource/Bayreuth","",247698,249144,492418,14,0,0,0,126751,-1
thirtyyearsofmus00klei,1438261922656,"http://dbpedia.org/resource/St_James's_Hall","",202060,202369,578001,0,0,0,0,-1,-1
thirtyyearsofmus00klei,1438264789808,"http://dbpedia.org/resource/London","",219530,219970,578001,409,0,1,0,0,-1
recentmusicmusic00mosc,1430222777118,"http://dbpedia.org/resource/London","",506387,506557,968055,220,0,0,0,25258,-1
thirtyyearsofmus00kleiuoft,1439053707395,"http://dbpedia.org/resource/London","",108148,109057,565930,409,0,1,0,0,-1
thirtyyearsofmus00klei,1438597622333,"http://dbpedia.org/resource/Windsor_Castle","",511659,513924,578001,38,0,2,0,0,-1
lifereminiscence00elveuoft,1432895667743,"http://dbpedia.org/resource/Windsor,_Berkshire","",49193,49531,393672,30,0,0,0,14929,-1
reminiscencesofm02kellrich,1436298187284,"http://dbpedia.org/resource/Drury_Lane","",110494,111202,520572,21,0,0,0,79202,-1
cu31924022334563,1438613292607,"http://dbpedia.org/resource/Her_Majesty's_Theatre","",137557,139185,827587,36,0,0,0,7489,-1
lifereminiscence00elveuoft,1433245890764,"http://dbpedia.org/resource/Glasgow","",256351,256948,393672,2,0,1,0,0,-1
reminiscencesofm01kellrich,1430753605807,"http://dbpedia.org/resource/Vienna","",341769,342308,501477,106,0,0,0,25141,-1
reminiscencesofm02kellrich,1435784346015,"http://dbpedia.org/resource/Haymarket,_London","",31914,33452,520572,5,0,0,0,30653,-1
reminiscencesofm02kellrich,1437329660899,"http://dbpedia.org/resource/Dublin","",329215,329512,520572,50,0,1,0,0,-1
memoriesofmusici00ganzuoft,1436458374558,"http://dbpedia.org/resource/Covent_Garden","",436797,437450,492418,17,0,0,0,1296,-1
autobiographyimg01dela,1443535396655,"","http://dbpedia.org/resource/Mary_Delany",582929,583764,1133206,0,44,0,0,-1,63383
thirtyyearsofmus00klei,1438426775375,"","http://dbpedia.org/resource/Jean_de_Reszke",281217,282792,578001,0,93,0,0,-1,38970
diaryofwilliampl01jaco,1447579550858,"http://dbpedia.org/resource/Clinton,_South_Carolina","",411408,411540,1148331,0,0,0,0,-1,-1
recentmusicmusic00mosc,1431687599525,"http://dbpedia.org/resource/Austria","",705104,705246,968055,46,0,0,0,73770,-1
reminiscencesofm02kellrich,1435863114996,"http://dbpedia.org/resource/London","",60687,60986,520572,70,0,0,0,2579,-1
cu31924022334563,1438613865632,"http://dbpedia.org/resource/Her_Majesty's_Theatre","",142943,144270,827587,36,0,0,0,12875,-1
reminiscencesofm02kellrich,1438708055915,"http://dbpedia.org/resource/Dublin","",422648,423706,520572,50,0,3,0,0,-1
westminsterpilgr00briduoft,1432792603693,"http://dbpedia.org/resource/London","",134919,135645,663181,63,0,2,0,0,-1
reminiscencesofm01kellrich,1427373691557,"http://dbpedia.org/resource/Naples","",54475,55339,501477,113,0,0,0,7402,-1
westminsterpilgr00briduoft,1432978478641,"http://dbpedia.org/resource/Westminster_Abbey","",361921,364424,663181,154,0,1,0,0,-1
reminiscencesofm02kellrich,1438688689316,"http://dbpedia.org/resource/Drury_Lane","",397692,398376,520572,21,0,0,0,29598,-1
memoriesofmusici00ganzuoft,1436281897258,"","http://dbpedia.org/resource/Richard_Wagner",250313,251926,492418,0,101,0,5,-1,0
reminiscencesofm02kellrich,1437330221492,"http://dbpedia.org/resource/Covent_Garden","",332568,334985,520572,14,0,0,0,6771,-1
lettersofcompose00norm,1424696916509,"","http://dbpedia.org/resource/Pyotr_Ilyich_Tchaikovsky",564106,564639,916583,0,42,0,0,-1,462182
reminiscencesofm02kellrich,1435771053245,"http://dbpedia.org/resource/York","",23433,25542,520572,19,0,0,0,13622,-1
reminiscencesofm02kellrich,1437304627219,"http://dbpedia.org/resource/London","",286832,287511,520572,70,0,0,0,6715,-1
reminiscencesofm02kellrich,1437248020573,"http://dbpedia.org/resource/London","",269635,269985,520572,70,0,0,0,7613,-1
autobiographyimg01dela,1443534931294,"","http://dbpedia.org/resource/Mary_Delany",543067,543246,1133206,0,44,0,0,-1,23521
musicallettersf00unkngoog,1448039123601,"http://dbpedia.org/resource/England","",19678,19936,571646,29,0,1,0,0,-1
memoriesofmusici00ganzuoft,1436195369775,"http://dbpedia.org/resource/St_James's","",166223,166804,492418,0,0,0,0,-1,-1
memoriesofmusici00ganzuoft,1436280456835,"http://dbpedia.org/resource/Royal_Albert_Hall","",240521,241415,492418,20,0,1,0,0,-1
memoirsofcountbo00boruuoft,1447060703303,"http://dbpedia.org/resource/Ballinasloe","",247257,248248,377699,1,0,0,0,244465,-1
memoriesofmusici00ganzuoft,1436519123026,"http://dbpedia.org/resource/Covent_Garden","",447131,447678,492418,17,0,0,0,11630,-1
memoriesofmusici00ganzuoft,1436459117035,"http://dbpedia.org/resource/London","",438758,439340,492418,97,0,0,0,3090,-1
musicallettersf00unkngoog,1448366833867,"http://dbpedia.org/resource/Aachen","",275966,276700,571646,2,0,1,0,0,-1
memoirsofcountbo00boruuoft,1447022647165,"http://dbpedia.org/resource/Haymarket,_London","",169224,171681,377699,0,0,0,0,-1,-1
reminiscencesofm02kellrich,1437431077123,"http://dbpedia.org/resource/Royal_Opera_House","",378656,378805,520572,22,0,0,0,2207,-1
recentmusicmusic00mosc,1432552116295,"http://dbpedia.org/resource/County_of_Boulogne","",913985,914215,968055,0,0,0,0,-1,-1
reminiscencesofm02kellrich,1437431178768,"http://dbpedia.org/resource/Haymarket,_London","",378814,379712,520572,5,0,0,0,377553,-1
musicallettersf00unkngoog,1448038803075,"http://dbpedia.org/resource/St_Paul's_Cathedral","",18895,19670,571646,0,0,0,0,-1,-1
autobiographyimg01dela,1444160098859,"http://dbpedia.org/resource/London","http://dbpedia.org/resource/Mary_Delany",846597,846716,1133206,131,44,0,0,34870,40159
recentmusicmusic00mosc,1426861595037,"http://dbpedia.org/resource/Paris","",75037,75164,968055,96,0,0,0,2810,-1
musicallettersf00unkngoog,1448366492754,"http://dbpedia.org/resource/Aachen","",275659,275886,571646,2,0,1,0,0,-1
reminiscencesofm02kellrich,1436298772179,"http://dbpedia.org/resource/London","",111746,112987,520572,70,0,0,0,4836,-1
memoriesofmusici00ganzuoft,1436164309168,"http://dbpedia.org/resource/St_James's","",67698,68229,492418,0,0,0,0,-1,-1
memoriesofmusici00ganzuoft,1436260597356,"http://dbpedia.org/resource/St_James's_Hall","",198665,199133,492418,0,0,0,0,-1,-1
twomenmemoir00soutuoft,1433438168945,"http://dbpedia.org/resource/Shrewsbury_School","",10115,10946,494037,2,0,0,0,153,-1
cu31924022334563,1438617107509,"http://dbpedia.org/resource/Her_Majesty's_Theatre","",180955,181679,827587,36,0,0,0,20419,-1
thirtyyearsofmus00klei,1438436113840,"","http://dbpedia.org/resource/Charles_Gounod",305931,306923,578001,0,41,0,2,-1,0
thirtyyearsofmus00klei,1438523309595,"http://dbpedia.org/resource/Cambridge_Guildhall","",407082,408021,578001,1,0,1,0,0,-1
reminiscencesofm02kellrich,1435865160115,"http://dbpedia.org/resource/Dublin","",81233,81990,520572,50,0,1,0,0,-1
westminsterpilgr00briduoft,1432795431094,"http://dbpedia.org/resource/Westminster_Abbey","",146203,147712,663181,154,0,0,0,19203,-1
reminiscencesofm01kellrich,1435248772832,"http://dbpedia.org/resource/London","",474122,475028,501477,41,0,0,0,13244,-1
cu31924022334563,1438610692536,"http://dbpedia.org/resource/Her_Majesty's_Theatre","",108268,109738,827587,36,0,0,0,0,-1
musicallettersf00unkngoog,1461670707714,"http://dbpedia.org/resource/London","",535735,535838,571646,48,0,0,0,36814,-1
reminiscencesofm01kellrich,1434304562715,"http://dbpedia.org/resource/London","",449617,451673,501477,41,0,0,0,1564,-1
recentmusicmusic00mosc,1430310307659,"http://dbpedia.org/resource/Manchester","",517164,517516,968055,3,0,0,0,156649,-1
thirtyyearsofmus00kleiuoft,1438970972052,"http://dbpedia.org/resource/London","",69901,71312,565930,409,0,0,0,0,-1
autobiographycor01delauoft,1444928055871,"http://dbpedia.org/resource/London","",24096,24657,988508,135,0,0,0,10335,-1
memoriesofmusici00ganzuoft,1436192694272,"http://dbpedia.org/resource/Hanover_Square_Rooms","",135876,136732,492418,2,0,0,0,109112,-1
cu31924022334563,1438682217043,"http://dbpedia.org/resource/Her_Majesty's_Theatre","",275034,278634,827587,36,0,0,0,114498,-1
reminiscencesofm01kellrich,1428167038498,"http://dbpedia.org/resource/Florence","",170602,172233,501477,33,0,1,0,0,-1
reminiscencesofm02kellrich,1437327922489,"http://dbpedia.org/resource/Drury_Lane","",311935,312190,520572,21,0,0,0,55894,-1
thirtyyearsofmus00klei,1438591711956,"http://dbpedia.org/resource/Covent_Garden","",482503,483088,578001,54,0,1,0,0,-1
westminsterpilgr00briduoft,1432979435232,"http://dbpedia.org/resource/Westminster_Abbey","",384507,385449,663181,154,0,0,0,30800,-1
musicallettersf00unkngoog,1448287094676,"http://dbpedia.org/resource/Leipzig","",113323,113870,571646,34,0,0,0,334,-1
recentmusicmusic00mosc,1431446268360,"http://dbpedia.org/resource/London","",670256,670508,968055,220,0,0,0,1325,-1
recentmusicmusic00mosc,1429102663064,"http://dbpedia.org/resource/Berlin","",159583,159926,968055,67,0,0,0,72935,-1
musicallettersf00unkngoog,1448394636895,"http://dbpedia.org/resource/London","",292278,293965,571646,48,0,0,0,44387,-1
thirtyyearsofmus00klei,1438447751146,"http://dbpedia.org/resource/Swansea","",369832,370682,578001,2,0,1,0,0,-1
thirtyyearsofmus00klei,1438262963296,"http://dbpedia.org/resource/Royal_Academy_of_Music","",210613,211821,578001,1,0,0,0,129036,-1
reminiscencesofm02kellrich,1437329840329,"http://dbpedia.org/resource/Dublin","",329533,330556,520572,50,0,0,0,19654,-1
recentmusicmusic00mosc,1431361104528,"http://dbpedia.org/resource/London","",639924,640275,968055,220,0,0,0,4214,-1
thirtyyearsofmus00kleiuoft,1439053076801,"http://dbpedia.org/resource/London","",104875,108119,565930,409,0,1,0,0,-1
memoriesofmusici00ganzuoft,1435930107895,"http://dbpedia.org/resource/Covent_Garden","",46555,46924,492418,17,0,0,0,19093,-1
reminiscencesofm01kellrich,1435249587702,"http://dbpedia.org/resource/Covent_Garden","",477559,478655,501477,9,0,1,0,0,-1
lettersofcompose00norm,1424772128633,"http://dbpedia.org/resource/Medfield,_Massachusetts","",658414,659338,916583,1,0,0,0,648866,-1
thirtyyearsofmus00kleiuoft,1438965418791,"http://dbpedia.org/resource/London","",49680,50957,565930,409,0,1,0,0,-1
autobiographyco03dela,1446668073268,"http://dbpedia.org/resource/Windsor,_Berkshire","http://dbpedia.org/resource/Mary_Delany",636449,637136,1162742,42,45,0,0,52837,237036
autobiographyimg01dela,1444158003640,"http://dbpedia.org/resource/London","http://dbpedia.org/resource/Mary_Delany",837107,837744,1133206,131,44,0,0,36299,49131
cu31924022334563,1438616254874,"http://dbpedia.org/resource/Her_Majesty's_Theatre","",175114,176690,827587,36,0,0,0,14578,-1
cu31924022334563,1438678872682,"http://dbpedia.org/resource/Her_Majesty's_Theatre","",204536,204998,827587,36,0,0,0,44000,-1
reminiscencesofm02kellrich,1437411277724,"http://dbpedia.org/resource/Limerick","",350226,350751,520572,8,0,1,0,0,-1
igorstravinskyan011583mbp,1435674909834,"http://dbpedia.org/resource/Amsterdam","http://dbpedia.org/resource/Igor_Stravinsky",249401,249956,325553,5,7,1,0,0,49022
reminiscencesofm02kellrich,1436889057877,"http://dbpedia.org/resource/Drury_Lane","",184044,184423,520572,21,0,1,0,0,-1
reminiscencesofm01kellrich,1428156251387,"http://dbpedia.org/resource/Florence","",163375,165210,501477,33,0,0,0,19087,-1
memoriesofmusici00ganzuoft,1436282832945,"http://dbpedia.org/resource/Bond_Street","",258754,259562,492418,5,0,1,0,0,-1
westminsterpilgr00briduoft,1432984504343,"http://dbpedia.org/resource/Westminster_Abbey","",420736,421599,663181,154,0,0,0,2746,-1
thirtyyearsofmus00kleiuoft,1439303077877,"http://dbpedia.org/resource/London","",204702,205477,565930,409,0,0,0,143,-1
reminiscencesofm02kellrich,1437239674324,"http://dbpedia.org/resource/Drury_Lane","",263038,263266,520572,21,0,0,0,104818,-1
musingsmemorieso00hensuoft,1509388495371,"http://dbpedia.org/resource/Vienna","http://dbpedia.org/resource/George_Henschel",164949,166135,516273,31,2,0,0,20169,164425
cu31924022334563,1438614732055,"http://dbpedia.org/resource/Her_Majesty's_Theatre","",155289,156104,827587,36,0,0,0,4198,-1
reminiscencesofm01kellrich,1429702947558,"http://dbpedia.org/resource/Padua","",242049,243398,501477,11,0,1,0,0,-1
reminiscencesofm02kellrich,1437246918352,"http://dbpedia.org/resource/Liverpool","",265302,265941,520572,12,0,2,0,0,-1
lifereminiscence00elveuoft,1432997980645,"http://dbpedia.org/resource/Birmingham","http://dbpedia.org/resource/Felix_Mendelssohn",103937,104603,393672,2,23,1,1,0,0
reminiscencesofm01kellrich,1428140980187,"http://dbpedia.org/resource/Naples","",119629,120814,501477,113,0,0,0,0,-1
cu31924022334563,1438678160825,"http://dbpedia.org/resource/Her_Majesty's_Theatre","",201557,202649,827587,36,0,0,0,41021,-1
musicallettersf00unkngoog,1448278425221,"http://dbpedia.org/resource/Leipzig","",65586,65916,571646,34,0,0,0,16700,-1
lifereminiscence00elveuoft,1433249567533,"http://dbpedia.org/resource/Windsor,_Berkshire","",302232,302757,393672,30,0,0,0,18735,-1
musicallettersf00unkngoog,1448312128598,"http://dbpedia.org/resource/Berlin","",172347,173014,571646,27,0,1,0,0,-1
reminiscencesofm02kellrich,1435769270470,"http://dbpedia.org/resource/York","",19669,20065,520572,19,0,1,0,0,-1
thirtyyearsofmus00kleiuoft,1439302634505,"http://dbpedia.org/resource/London","",198132,198428,565930,409,0,0,0,633,-1
reminiscencesofm01kellrich,1435312884754,"http://dbpedia.org/resource/Chambray","",489937,490628,501477,0,0,0,0,-1,-1
lifereminiscence00elveuoft,1432894793203,"http://dbpedia.org/resource/Windsor,_Berkshire","",42357,43204,393672,30,0,0,0,21256,-1
memoriesofmusici00ganzuoft,1436435912176,"http://dbpedia.org/resource/Sorrento","",340966,341731,492418,1,0,1,0,0,-1
musingsmemorieso00hensuoft,1509443756945,"","http://dbpedia.org/resource/George_Henschel",173824,175006,516273,0,2,0,0,-1,173300
memoriesofmusici00ganzuoft,1436522398418,"http://dbpedia.org/resource/London","",471475,474674,492418,97,0,1,0,0,-1
cu31924026124648,1438011901048,"http://dbpedia.org/resource/Palace_Theatre,_London","",193216,194873,534882,12,0,0,0,66573,-1
thirtyyearsofmus00kleiuoft,1438974326915,"http://dbpedia.org/resource/Covent_Garden","",72942,74076,565930,56,0,0,0,17297,-1
thirtyyearsofmus00klei,1438442848699,"http://dbpedia.org/resource/Theatre_Royal,_Drury_Lane","",330273,331468,578001,69,0,2,0,0,-1
thirtyyearsofmus00kleiuoft,1439054737893,"http://dbpedia.org/resource/London","",116703,119325,565930,409,0,1,0,0,-1
recentmusicmusic00mosc,1431441360624,"http://dbpedia.org/resource/London","",667425,667784,968055,220,0,0,0,21,-1
lifereminiscence00elveuoft,1432901445186,"http://dbpedia.org/resource/Windsor_Castle","",56648,57401,393672,67,0,0,0,4875,-1
thirtyyearsofmus00kleiuoft,1439315648745,"http://dbpedia.org/resource/Her_Majesty's_Theatre","",209507,211661,565930,0,0,0,0,-1,-1
memoirsofcountbo00boruuoft,1447059552232,"http://dbpedia.org/resource/Portpatrick","",238781,239256,377699,2,0,0,0,238125,-1
lettersofcompose00norm,1424684498170,"http://dbpedia.org/resource/Munich","",290642,291438,916583,7,0,0,0,19623,-1
musicallettersf00unkngoog,1449009694213,"http://dbpedia.org/resource/London","",473488,474406,571646,48,0,0,0,30550,-1
thirtyyearsofmus00klei,1438443458585,"http://dbpedia.org/resource/Covent_Garden","",334893,335867,578001,54,0,0,0,20346,-1
recentmusicmusic00mosc,1429619541244,"http://dbpedia.org/resource/London","",325917,326637,968055,220,0,0,0,6822,-1
thirtyyearsofmus00klei,1438161785448,"http://dbpedia.org/resource/Drury_Lane","",31562,32152,578001,1,0,0,0,473186,-1
reminiscencesofm02kellrich,1436352919472,"http://dbpedia.org/resource/Drury_Lane","",117021,119065,520572,21,0,0,0,85729,-1
thirtyyearsofmus00klei,1438444169457,"http://dbpedia.org/resource/Covent_Garden","",339090,340302,578001,54,0,0,0,17130,-1
memoriesofmusici00ganzuoft,1436194630719,"http://dbpedia.org/resource/Mainz","",153960,154459,492418,12,0,1,0,0,-1
recentmusicmusic00mosc,1430903585194,"http://dbpedia.org/resource/Paris","",582416,582683,968055,96,0,0,0,5258,-1
autobiographyan05unkngoog,1434462612589,"http://dbpedia.org/resource/London","",390857,391507,1119268,104,0,0,0,378,-1
memoriesofmusici00ganzuoft,1436175572082,"http://dbpedia.org/resource/Harley_Street","http://dbpedia.org/resource/Hector_Berlioz",83734,84300,492418,8,49,1,1,0,0
memoriesofmusici00ganzuoft,1436423891936,"http://dbpedia.org/resource/Swansea","",276321,278169,492418,11,0,4,0,0,-1
cu31924022334563,1438616740544,"http://dbpedia.org/resource/Her_Majesty's_Theatre","",177532,179186,827587,36,0,0,0,16996,-1
cu31924022334563,1438614360025,"http://dbpedia.org/resource/Her_Majesty's_Theatre","",144333,145486,827587,36,0,0,0,14265,-1
recentmusicmusic00mosc,1432375899241,"http://dbpedia.org/resource/Vienna","",842284,842778,968055,176,0,0,0,15332,-1
cu31924022334563,1438685960938,"http://dbpedia.org/resource/Her_Majesty's_Theatre","",284054,284834,827587,36,0,0,0,123518,-1
diaryofwilliampl01jaco,1447519325420,"http://dbpedia.org/resource/Charleston,_South_Carolina","",112643,113733,1148331,66,0,1,0,0,-1
memoriesofmusici00ganzuoft,1436173608702,"","http://dbpedia.org/resource/Frederick_Hamilton-Temple-Blackwood,_1st_Marquess_of_Dufferin_and_Ava",72553,73113,492418,0,9,0,2,-1,0
reminiscencesofm02kellrich,1438857102755,"http://dbpedia.org/resource/Brighton","",461608,465340,520572,23,0,1,0,0,-1
thirtyyearsofmus00kleiuoft,1438950314249,"http://dbpedia.org/resource/London","",42742,44146,565930,409,0,1,0,0,-1
lifereminiscence00elveuoft,1432895283478,"http://dbpedia.org/resource/Windsor,_Berkshire","",43206,43717,393672,30,0,0,0,20743,-1
autobiographyco03dela,1446664766448,"http://dbpedia.org/resource/England","http://dbpedia.org/resource/Mary_Delany",360368,361128,1162742,29,45,0,0,18016,38271
thirtyyearsofmus00klei,1438262221763,"http://dbpedia.org/resource/London","",203162,203655,578001,409,0,1,0,0,-1
thirtyyearsofmus00klei,1438261222496,"http://dbpedia.org/resource/Covent_Garden","",182320,183423,578001,54,0,0,0,51656,-1
reminiscencesofm02kellrich,1437327038924,"http://dbpedia.org/resource/Covent_Garden","",303441,303983,520572,14,0,1,0,0,-1
reminiscencesofm01kellrich,1428142329788,"http://dbpedia.org/resource/Sicily","",124908,125973,501477,15,0,0,0,109962,-1
lifereminiscence00elveuoft,1433248591818,"http://dbpedia.org/resource/Windsor,_Berkshire","",277091,277387,393672,30,0,0,0,6103,-1
musicallettersf00unkngoog,1448322095209,"http://dbpedia.org/resource/Leipzig","",213778,214015,571646,34,0,0,0,4797,-1
thirtyyearsofmus00klei,1438527042090,"http://dbpedia.org/resource/Lyceum_Theatre,_London","",435881,437112,578001,10,0,1,0,0,-1
thirtyyearsofmus00klei,1438596889671,"http://dbpedia.org/resource/Manchester","http://dbpedia.org/resource/Giacomo_Puccini",505129,506168,578001,3,10,2,1,0,0
reminiscencesofm01kellrich,1435163669623,"http://dbpedia.org/resource/London","",456830,458580,501477,41,0,0,0,8777,-1
memoriesofmusici00ganzuoft,1436201256737,"http://dbpedia.org/resource/St_James's_Hall","",183322,184065,492418,0,0,0,0,-1,-1
recentmusicmusic00mosc,1432468347198,"http://dbpedia.org/resource/Leipzig","",866650,866880,968055,192,0,0,0,31034,-1
lifereminiscence00elveuoft,1433328129201,"http://dbpedia.org/resource/Bristol","",366496,366915,393672,7,0,1,0,0,-1
lifereminiscence00elveuoft,1432902743908,"http://dbpedia.org/resource/Windsor,_Berkshire","",70633,71136,393672,30,0,0,0,6166,-1
reminiscencesofm02kellrich,1438708497019,"http://dbpedia.org/resource/London","",423911,424228,520572,70,0,0,0,17698,-1
memoriesofmusici00ganzuoft,1436518097111,"http://dbpedia.org/resource/London","",445361,446098,492418,97,0,0,0,1061,-1
memoriesofmusici00ganzuoft,1436459343773,"http://dbpedia.org/resource/London","",439363,440017,492418,97,0,0,0,2413,-1
memoriesofmusici00ganzuoft,1436252026055,"http://dbpedia.org/resource/St_James's_Hall","",192933,193850,492418,0,0,0,0,-1,-1
reminiscencesofm02kellrich,1436953667759,"http://dbpedia.org/resource/London","",230553,230864,520572,70,0,0,0,8755,-1
musingsmemorieso00hensuoft,1514886866805,"http://dbpedia.org/resource/Constantine,_Algeria","http://dbpedia.org/resource/George_Henschel",252808,256196,516273,1,2,0,0,263756,252284
musicallettersf00unkngoog,1448322979449,"http://dbpedia.org/resource/Munich","",227293,227629,571646,18,0,0,0,4875,-1
autobiographyco03dela,1446663718308,"http://dbpedia.org/resource/Queen's_House","http://dbpedia.org/resource/Mary_Delany",349649,349978,1162742,0,45,0,0,-1,49421
diaryofwilliampl01jaco,1447582505180,"http://dbpedia.org/resource/Clinton,_South_Carolina","",1142155,1142478,1148331,0,0,0,0,-1,-1
twomenmemoir00soutuoft,1435569753505,"http://dbpedia.org/resource/Sheerness","",236911,237279,494037,27,0,1,0,0,-1
memoriesofmusici00ganzuoft,1436182135916,"http://dbpedia.org/resource/Hanover_Square_Rooms","",116723,117611,492418,2,0,0,0,128233,-1
reminiscencesofm02kellrich,1436990194671,"http://dbpedia.org/resource/Drury_Lane","",241135,241541,520572,21,0,0,0,126543,-1
autobiographyimg01dela,1443534422854,"http://dbpedia.org/resource/Dublin","",540955,541241,1133206,78,0,0,0,9057,-1
memoriesofmusici00ganzuoft,1436251795765,"http://dbpedia.org/resource/St_James's_Hall","",192428,192907,492418,0,0,0,0,-1,-1
reminiscencesofm02kellrich,1437327783601,"http://dbpedia.org/resource/London","",310966,311728,520572,70,0,0,0,4327,-1
memoriesofmusici00ganzuoft,1435916831062,"http://dbpedia.org/resource/Her_Majesty's_Theatre","",28859,29723,492418,2,0,0,0,33025,-1
recentmusicmusic00mosc,1430062095918,"http://dbpedia.org/resource/London","",410380,410662,968055,220,0,0,0,3008,-1
recentmusicmusic00mosc,1431164339653,"http://dbpedia.org/resource/Leipzig","",610804,611225,968055,192,0,0,0,30101,-1
lifereminiscence00elveuoft,1432903884101,"http://dbpedia.org/resource/Windsor_Castle","",79113,79893,393672,67,0,0,0,4238,-1
reminiscencesofm01kellrich,1428164866689,"http://dbpedia.org/resource/Florence","",166001,167440,501477,33,0,1,0,0,-1
reminiscencesofm02kellrich,1437329475190,"http://dbpedia.org/resource/Bangor,_Gwynedd","",328720,329177,520572,5,0,1,0,0,-1
musicalmemories017451mbp,1432306666240,"http://dbpedia.org/resource/Paris","",35494,36197,302959,27,0,0,0,27121,-1
reminiscencesofm02kellrich,1436126929844,"http://dbpedia.org/resource/Edinburgh","",101611,102762,520572,17,0,1,0,0,-1
thirtyyearsofmus00klei,1438436987445,"http://dbpedia.org/resource/Covent_Garden","",314654,315246,578001,54,0,0,0,107,-1
recentmusicmusic00mosc,1432291544028,"http://dbpedia.org/resource/Venice","",839027,839231,968055,12,0,0,0,226364,-1
recentmusicmusic00mosc,1430146867800,"http://dbpedia.org/resource/Westminster_Abbey","",465338,465504,968055,7,0,0,0,282706,-1
lettersofcompose00norm,1424648566141,"http://dbpedia.org/resource/Paris","http://dbpedia.org/resource/Christoph_Willibald_Gluck",114899,115738,916583,145,29,0,0,1933,82398
thirtyyearsofmus00kleiuoft,1439314498511,"http://dbpedia.org/resource/Windsor_Castle","",206596,206865,565930,38,0,1,0,0,-1
ldpd_8088173_000,1447244308516,"http://dbpedia.org/resource/Boston","",-1,-1,16017,0,0,0,0,-1,-1
memoriesofmusici00ganzuoft,1436264049561,"http://dbpedia.org/resource/St_James's_Hall","",214305,214872,492418,0,0,0,0,-1,-1
diaryofwilliampl01jaco,1447534954203,"http://dbpedia.org/resource/Clinton,_South_Carolina","",270847,270993,1148331,0,0,0,0,-1,-1
diaryofwilliampl01jaco,1447521884046,"http://dbpedia.org/resource/Charleston,_South_Carolina","",213782,214034,1148331,66,0,0,0,3981,-1
recentmusicmusic00mosc,1428494785912,"http://dbpedia.org/resource/London","",123570,123803,968055,220,0,0,0,22424,-1
musicallettersf00unkngoog,1448312968013,"http://dbpedia.org/resource/Berlin","",174511,175027,571646,27,0,0,0,18399,-1
reminiscencesofm02kellrich,1436352387119,"http://dbpedia.org/resource/Drury_Lane","",114514,115082,520572,21,0,0,0,83222,-1
reminiscencesofm01kellrich,1432139327303,"http://dbpedia.org/resource/Wakefield","",441432,443197,501477,2,0,1,0,0,-1
lettersofcompose00norm,1424692336767,"http://dbpedia.org/resource/London","http://dbpedia.org/resource/Richard_Wagner",401491,402478,916583,84,107,0,0,2856,9524
recentmusicmusic00mosc,1429703659582,"http://dbpedia.org/resource/London","",387895,389539,968055,220,0,0,0,1765,-1
thirtyyearsofmus00kleiuoft,1438961775573,"http://dbpedia.org/resource/London","",44233,46042,565930,409,0,1,0,0,-1
thirtyyearsofmus00kleiuoft,1438969158705,"http://dbpedia.org/resource/Covent_Garden","",58182,60171,565930,56,0,1,0,0,-1
diaryofwilliampl01jaco,1447521662680,"http://dbpedia.org/resource/Charleston,_South_Carolina","",204999,205937,1148331,66,0,1,0,0,-1
memoriesofmusici00ganzuoft,1436195820165,"http://dbpedia.org/resource/St_James's_Hall","http://dbpedia.org/resource/Charles_Hall%C3%A9",167327,168542,492418,0,0,0,0,-1,-1
thirtyyearsofmus00klei,1438164083045,"http://dbpedia.org/resource/London","",43390,44789,578001,409,0,1,0,0,-1
recentmusicmusic00mosc,1431941266117,"http://dbpedia.org/resource/Leipzig","",742610,743295,968055,192,0,0,0,3736,-1
recentmusicmusic00mosc,1427479456712,"http://dbpedia.org/resource/London","",102650,102780,968055,220,0,0,0,43447,-1
recentmusicmusic00mosc,1430814562699,"http://dbpedia.org/resource/London","",541292,541685,968055,220,0,0,0,4627,-1
autobiographyan05unkngoog,1434637315387,"http://dbpedia.org/resource/London","",512857,513193,1119268,104,0,0,0,11243,-1
reminiscencesofm02kellrich,1437246845677,"http://dbpedia.org/resource/London","",264808,265286,520572,70,0,0,0,12312,-1
igorstravinskyan011583mbp,1434888070017,"http://dbpedia.org/resource/Paris","http://dbpedia.org/resource/Igor_Stravinsky",194096,195302,325553,69,7,0,0,3325,5062
memoriesofmusici00ganzuoft,1436201856954,"http://dbpedia.org/resource/St_James's_Hall","",185075,185634,492418,0,0,0,0,-1,-1
twomenmemoir00soutuoft,1435577123675,"http://dbpedia.org/resource/France","",444026,444634,494037,115,0,0,0,5028,-1
reminiscencesofm02kellrich,1437326732408,"http://dbpedia.org/resource/Drury_Lane","",303174,303403,520572,21,0,0,0,64681,-1
musicalmemories017451mbp,1432373242151,"","http://dbpedia.org/resource/Camille_Saint-Sa%C3%ABns",98706,99400,302959,0,0,0,0,-1,-1
reminiscencesofm02kellrich,1437430915650,"http://dbpedia.org/resource/Lyceum_Theatre,_London","",378460,378651,520572,3,0,1,0,0,-1
diaryofwilliampl01jaco,1447519502525,"http://dbpedia.org/resource/Marion,_South_Carolina","",141641,142131,1148331,0,0,0,0,-1,-1
cu31924022334563,1438687348398,"http://dbpedia.org/resource/Her_Majesty's_Theatre","",330263,331282,827587,36,0,0,0,169727,-1
recentmusicmusic00mosc,1432546852411,"http://dbpedia.org/resource/Paris","",887723,888160,968055,96,0,0,0,32922,-1
musicallettersf00unkngoog,1448394436678,"http://dbpedia.org/resource/London","",290724,292129,571646,48,0,2,0,0,-1
thirtyyearsofmus00klei,1438248640511,"http://dbpedia.org/resource/Covent_Garden","",119038,120315,578001,54,0,1,0,0,-1
recentmusicmusic00mosc,1430312272173,"http://dbpedia.org/resource/London","",520626,520896,968055,220,0,0,0,10919,-1
reminiscencesofm01kellrich,1429479695836,"http://dbpedia.org/resource/Padua","",224360,224908,501477,11,0,1,0,0,-1
thirtyyearsofmus00klei,1438425910414,"http://dbpedia.org/resource/Covent_Garden","",274742,276763,578001,54,0,1,0,0,-1
reminiscencesofm02kellrich,1437308607850,"http://dbpedia.org/resource/London","",295296,295823,520572,70,0,0,0,139,-1
thirtyyearsofmus00kleiuoft,1439030670734,"http://dbpedia.org/resource/London","",76262,77212,565930,409,0,1,0,0,-1
reminiscencesofm02kellrich,1437239750517,"http://dbpedia.org/resource/London","",263268,263765,520572,70,0,0,0,13833,-1
lifereminiscence00elveuoft,1433240951410,"http://dbpedia.org/resource/Windsor,_Berkshire","",244415,244867,393672,30,0,0,0,20686,-1
memoriesofmusici00ganzuoft,1436180874507,"http://dbpedia.org/resource/Hanover_Square_Rooms","",96703,97452,492418,2,0,0,0,148392,-1
thirtyyearsofmus00klei,1438165920566,"http://dbpedia.org/resource/Naples","",54099,55492,578001,1,0,1,0,0,-1
reminiscencesofm01kellrich,1432140652765,"http://dbpedia.org/resource/Drury_Lane","",444010,446170,501477,3,0,0,0,181088,-1
reminiscencesofm02kellrich,1437557057765,"http://dbpedia.org/resource/Drury_Lane","",389552,390912,520572,21,0,1,0,0,-1
reminiscencesofm02kellrich,1437430014246,"http://dbpedia.org/resource/London","",372712,373315,520572,70,0,0,0,12634,-1
igorstravinskyan011583mbp,1434888849270,"http://dbpedia.org/resource/Antwerp","http://dbpedia.org/resource/Igor_Stravinsky",195315,196244,325553,2,7,1,0,0,4120
memoriesofmusici00ganzuoft,1436200836078,"http://dbpedia.org/resource/St_James's_Hall","",181418,182147,492418,0,0,0,0,-1,-1
autobiographyimg01dela,1444424387267,"http://dbpedia.org/resource/Covent_Garden","http://dbpedia.org/resource/Mary_Delany",1070769,1071035,1133206,1,44,1,0,0,71138
memoriesofmusici00ganzuoft,1436434882802,"http://dbpedia.org/resource/Rome","",336475,336875,492418,16,0,0,0,147952,-1
recentmusicmusic00mosc,1432028613565,"http://dbpedia.org/resource/Paris","",796634,797463,968055,96,0,0,0,10113,-1
cu31924022435766,1436610229204,"http://dbpedia.org/resource/London","",41646,43961,313056,60,0,0,0,394,-1
thirtyyearsofmus00kleiuoft,1438943907348,"http://dbpedia.org/resource/England","",29627,31512,565930,87,0,0,0,6283,-1
reminiscencesofm01kellrich,1430585951765,"http://dbpedia.org/resource/Brescia","",253480,254128,501477,17,0,0,0,128991,-1
recentmusicmusic00mosc,1426863415047,"http://dbpedia.org/resource/Paris","",78494,78882,968055,96,0,0,0,6267,-1
musicallettersf00unkngoog,1448277167610,"http://dbpedia.org/resource/Leipzig","",40892,47731,571646,34,0,2,0,0,-1
autobiographyimg01dela,1444424062896,"","http://dbpedia.org/resource/Mary_Delany",1054277,1055238,1133206,0,44,0,0,-1,54646
memoriesofmusici00ganzuoft,1436265822598,"http://dbpedia.org/resource/Osborne_House","",225579,226127,492418,6,0,2,0,0,-1
recentmusicmusic00mosc,1426859941632,"http://dbpedia.org/resource/Dresden","",67125,67355,968055,34,0,0,0,36214,-1
musicallettersf00unkngoog,1448037533268,"http://dbpedia.org/resource/Worcester_Cathedral","",13930,15033,571646,3,0,0,0,3289,-1
reminiscencesofm02kellrich,1437307314987,"http://dbpedia.org/resource/Covent_Garden","",292427,293860,520572,14,0,0,0,31924,-1
reminiscencesofm01kellrich,1435250182755,"http://dbpedia.org/resource/Margate","",479084,480865,501477,5,0,3,0,0,-1
reminiscencesofm02kellrich,1437304975646,"http://dbpedia.org/resource/Paris","",287544,288361,520572,58,0,2,0,0,-1
thirtyyearsofmus00kleiuoft,1438974000937,"http://dbpedia.org/resource/London","",71370,72850,565930,409,0,0,0,0,-1
reminiscencesofm01kellrich,1430749600786,"http://dbpedia.org/resource/Vienna","http://dbpedia.org/resource/Wolfgang_Amadeus_Mozart",325904,327948,501477,106,39,0,1,9276,0
reminiscencesofm02kellrich,1436954082750,"http://dbpedia.org/resource/Drury_Lane","",233283,233728,520572,21,0,0,0,134356,-1
lettersofcompose00norm,1424694262428,"http://dbpedia.org/resource/Vienna","http://dbpedia.org/resource/Charles_Gounod",457818,458487,916583,95,12,1,0,0,101685
thirtyyearsofmus00klei,1438598938260,"http://dbpedia.org/resource/Queen's_Hall","",522310,523319,578001,0,0,0,0,-1,-1
reminiscencesofm02kellrich,1436298400992,"http://dbpedia.org/resource/Drury_Lane","",111204,111687,520572,21,0,0,0,79912,-1
cu31924022334563,1438615690871,"http://dbpedia.org/resource/Her_Majesty's_Theatre","",169126,169618,827587,36,0,0,0,8590,-1
autobiographyco03dela,1446665108390,"","http://dbpedia.org/resource/Mary_Delany",504602,505469,1162742,0,45,0,0,-1,105189
cu31924022334563,1438685629660,"http://dbpedia.org/resource/Her_Majesty's_Theatre","",282310,284005,827587,36,0,0,0,121774,-1
thirtyyearsofmus00klei,1438599831167,"http://dbpedia.org/resource/Norwich","",529511,530071,578001,31,0,0,0,119295,-1
thirtyyearsofmus00klei,1438448043481,"http://dbpedia.org/resource/Bayreuth","http://dbpedia.org/resource/Adelina_Patti",372740,373743,578001,26,87,3,0,0,6446
musicallettersf00unkngoog,1448367094347,"http://dbpedia.org/resource/Saint-Roch,_Paris","",278355,278593,571646,0,0,0,0,-1,-1
cu31924026124648,1438008324202,"http://dbpedia.org/resource/Nottingham","",45798,46281,534882,20,0,0,0,4989,-1
reminiscencesofm02kellrich,1436126680550,"http://dbpedia.org/resource/Edinburgh","",100972,101607,520572,17,0,2,0,0,-1
reminiscencesofm02kellrich,1437308845347,"http://dbpedia.org/resource/London","",295831,296338,520572,70,0,1,0,0,-1
reminiscencesofm02kellrich,1435783099009,"http://dbpedia.org/resource/York","",31525,31869,520572,19,0,1,0,0,-1
recentmusicmusic00mosc,1429002645768,"http://dbpedia.org/resource/Germany","",138633,138686,968055,96,0,0,0,9803,-1
reminiscencesofm02kellrich,1436953347952,"http://dbpedia.org/resource/Drury_Lane","",230164,230510,520572,21,0,0,0,137574,-1
reminiscencesofm02kellrich,1435351885643,"http://dbpedia.org/resource/Drury_Lane","",13188,14405,520572,21,0,0,0,16877,-1
reminiscencesofm02kellrich,1437308275313,"http://dbpedia.org/resource/London","",294601,295238,520572,70,0,0,0,369,-1
recentmusicmusic00mosc,1431941771447,"http://dbpedia.org/resource/Leipzig","",744892,745051,968055,192,0,0,0,1980,-1
reminiscencesofm01kellrich,1427379129074,"http://dbpedia.org/resource/Naples","",80977,81932,501477,113,0,5,0,0,-1
reminiscencesofm02kellrich,1437406606228,"http://dbpedia.org/resource/Drury_Lane","",336576,337983,520572,21,0,0,0,30101,-1
reminiscencesofm02kellrich,1438707871377,"http://dbpedia.org/resource/Drury_Lane","",420010,420773,520572,21,0,0,0,51916,-1
musicallettersf00unkngoog,1462038250768,"http://dbpedia.org/resource/Grote_Kerk,_Haarlem","",556303,558006,571646,0,0,0,0,-1,-1
lettersofcompose00norm,1424644751854,"http://dbpedia.org/resource/Halle","",53554,54143,916583,0,0,0,0,-1,-1
musicallettersf00unkngoog,1448393918391,"http://dbpedia.org/resource/Saint-Roch,_Paris","",289044,290517,571646,0,0,0,0,-1,-1
reminiscencesofm02kellrich,1437247439363,"http://dbpedia.org/resource/Liverpool","",265960,266385,520572,12,0,1,0,0,-1
thirtyyearsofmus00kleiuoft,1438894337023,"http://dbpedia.org/resource/Norwich","",28022,29464,565930,31,0,1,0,0,-1
reminiscencesofm02kellrich,1436126047679,"http://dbpedia.org/resource/Leeds","",97981,98328,520572,2,0,1,0,0,-1
reminiscencesofm01kellrich,1427373119628,"http://dbpedia.org/resource/Naples","",50476,51325,501477,113,0,0,0,11416,-1
thirtyyearsofmus00klei,1438443842388,"http://dbpedia.org/resource/Covent_Garden","",336005,338633,578001,54,0,0,0,18799,-1
autobiographyco03dela,1446667630099,"http://dbpedia.org/resource/Westminster_Abbey","http://dbpedia.org/resource/Mary_Delany",599686,600154,1162742,8,45,0,0,49627,200273
thirtyyearsofmus00klei,1438600198307,"http://dbpedia.org/resource/Royal_Albert_Hall","",534335,534791,578001,26,0,1,0,0,-1
reminiscencesofm01kellrich,1428139555093,"http://dbpedia.org/resource/Naples","",114267,115297,501477,113,0,2,0,0,-1
reminiscencesofm01kellrich,1428166121742,"http://dbpedia.org/resource/Florence","",169838,170348,501477,33,0,1,0,0,-1
thirtyyearsofmus00klei,1438426336365,"http://dbpedia.org/resource/Covent_Garden","",278251,279328,578001,54,0,0,0,22185,-1
thirtyyearsofmus00kleiuoft,1438970247128,"http://dbpedia.org/resource/Lyceum_Theatre,_London","",63319,64824,565930,11,0,1,0,0,-1
musicalmemories017451mbp,1432379106660,"","http://dbpedia.org/resource/Camille_Saint-Sa%C3%ABns",136392,137468,302959,0,0,0,0,-1,-1
thirtyyearsofmus00klei,1438535069627,"http://dbpedia.org/resource/London","",471759,472765,578001,409,0,1,0,0,-1
memoriesofmusici00ganzuoft,1436263043874,"http://dbpedia.org/resource/St_James's_Hall","",205904,206891,492418,0,0,0,0,-1,-1
memoriesofmusici00ganzuoft,1436265325522,"http://dbpedia.org/resource/Balmoral_Castle","",223973,225469,492418,2,0,1,0,0,-1
autobiographyimg01dela,1444160287145,"","http://dbpedia.org/resource/Mary_Delany",847996,848256,1133206,0,44,0,0,-1,38619
musicallettersf00unkngoog,1461777612954,"http://dbpedia.org/resource/London","",544164,545195,571646,48,0,0,0,27457,-1
memoriesofmusici00ganzuoft,1436438967800,"http://dbpedia.org/resource/St_James's_Hall","",366796,367622,492418,0,0,0,0,-1,-1
reminiscencesofm02kellrich,1436297889987,"http://dbpedia.org/resource/Drury_Lane","",109780,110437,520572,21,0,0,0,78488,-1
thirtyyearsofmus00kleiuoft,1438870615350,"http://dbpedia.org/resource/Norwich","",22695,24204,565930,31,0,1,0,0,-1
memoriesofmusici00ganzuoft,1436175824478,"http://dbpedia.org/resource/Harley_Street","",84421,85785,492418,8,0,0,0,81824,-1
thirtyyearsofmus00klei,1438599418291,"http://dbpedia.org/resource/Covent_Garden","",525144,526020,578001,54,0,0,0,20278,-1
memoriesofmusici00ganzuoft,1436183373358,"http://dbpedia.org/resource/St_James's_Hall","",120992,122258,492418,0,0,0,0,-1,-1
thirtyyearsofmus00kleiuoft,1439300752603,"http://dbpedia.org/resource/Kingdom_of_Bohemia","",189621,190428,565930,0,0,0,0,-1,-1
reminiscencesofm01kellrich,1431613303057,"http://dbpedia.org/resource/Augsburg","",404779,405344,501477,1,0,0,0,379611,-1
musicallettersf00unkngoog,1461673383317,"http://dbpedia.org/resource/London","",540596,540731,571646,48,0,0,0,31921,-1
cu31924022334563,1438607969604,"http://dbpedia.org/resource/Her_Majesty's_Theatre","",92585,93515,827587,36,0,0,0,2471,-1
lifereminiscence00elveuoft,1433238621307,"http://dbpedia.org/resource/Windsor,_Berkshire","",238098,238529,393672,30,0,0,0,27024,-1
reminiscencesofm02kellrich,1437164000244,"http://dbpedia.org/resource/Drury_Lane","",243648,244321,520572,21,0,0,0,123763,-1
reminiscencesofm02kellrich,1437248366748,"http://dbpedia.org/resource/Drury_Lane","",269994,270472,520572,21,0,0,0,97612,-1
reminiscencesofm02kellrich,1436891908281,"http://dbpedia.org/resource/Drury_Lane","",205989,206739,520572,21,0,0,0,161345,-1
autobiographyan05unkngoog,1434636999733,"http://dbpedia.org/resource/London","",502729,502993,1119268,104,0,0,0,4333,-1
thirtyyearsofmus00kleiuoft,1438947752503,"http://dbpedia.org/resource/London","",36201,38157,565930,409,0,4,0,0,-1
memoriesofmusici00ganzuoft,1436178232441,"http://dbpedia.org/resource/Hanover_Square_Rooms","",94736,96570,492418,2,0,0,0,149274,-1
reminiscencesofm02kellrich,1437428195505,"http://dbpedia.org/resource/London","",364284,364461,520572,70,0,0,0,4206,-1
recentmusicmusic00mosc,1430917862299,"http://dbpedia.org/resource/London","",593970,594075,968055,220,0,0,0,2840,-1
cu31924022334563,1438702766275,"http://dbpedia.org/resource/Her_Majesty's_Theatre","",340360,340870,827587,36,0,0,0,166484,-1
reminiscencesofm02kellrich,1436293974870,"http://dbpedia.org/resource/Drury_Lane","",105377,105631,520572,21,0,0,0,74085,-1
reminiscencesofm02kellrich,1436472126635,"http://dbpedia.org/resource/Haymarket,_London","",121874,122902,520572,5,0,0,0,120613,-1
reminiscencesofm02kellrich,1436892204871,"http://dbpedia.org/resource/Drury_Lane","",206775,207269,520572,21,0,0,0,160815,-1
memoriesofmusici00ganzuoft,1436280789561,"http://dbpedia.org/resource/Bayreuth","",243407,244105,492418,14,0,1,0,0,-1
reminiscencesofm01kellrich,1429478561003,"http://dbpedia.org/resource/Padua","",223316,224139,501477,11,0,2,0,0,-1
recentmusicmusic00mosc,1432129974051,"http://dbpedia.org/resource/Leipzig","",812469,812991,968055,192,0,0,0,22618,-1
musicallettersf00unkngoog,1462037372440,"http://dbpedia.org/resource/Holland","",554649,554771,571646,0,0,0,0,-1,-1
lifereminiscence00elveuoft,1432887991880,"http://dbpedia.org/resource/Oxford","",25769,26197,393672,31,0,0,0,20419,-1
memoriesofmusici00ganzuoft,1436528835335,"http://dbpedia.org/resource/London","",474904,475298,492418,97,0,0,0,6634,-1
lettersofcompose00norm,1424649094872,"http://dbpedia.org/resource/Augsburg","http://dbpedia.org/resource/Wolfgang_Amadeus_Mozart",148123,149395,916583,4,90,0,0,141455,29610
musicalmemories017451mbp,1432295361459,"","http://dbpedia.org/resource/Camille_Saint-Sa%C3%ABns",9066,9622,302959,0,0,0,0,-1,-1
thirtyyearsofmus00kleiuoft,1439054124555,"http://dbpedia.org/resource/Crystal_Palace,_London","",114911,115535,565930,1,0,0,0,11645,-1
recentmusicmusic00mosc,1429535538810,"http://dbpedia.org/resource/London","",196482,199064,968055,220,0,0,0,366,-1
memoriesofmusici00ganzuoft,1435929264418,"http://dbpedia.org/resource/Covent_Garden","",46072,46538,492418,17,0,0,0,19479,-1
westminsterpilgr00briduoft,1433091318633,"http://dbpedia.org/resource/London","",471647,472308,663181,63,0,0,0,5122,-1
dublindiary00joyc,1447878898744,"http://dbpedia.org/resource/Dublin","",19505,19631,257015,13,0,0,0,710,-1
dublindiary00joyc,1447879978019,"http://dbpedia.org/resource/Dublin","",84505,84706,257015,13,0,0,0,531,-1
igorstravinskyan011583mbp,1435679304718,"http://dbpedia.org/resource/Paris","http://dbpedia.org/resource/Igor_Stravinsky",256913,259404,325553,69,7,2,0,0,56534
reminiscencesofm02kellrich,1437498238758,"http://dbpedia.org/resource/London","",381395,381727,520572,70,0,0,0,21317,-1
twomenmemoir00soutuoft,1435252280553,"http://dbpedia.org/resource/Sheerness","",144644,145007,494037,27,0,0,0,123415,-1
musicallettersf00unkngoog,1448396441082,"http://dbpedia.org/resource/London","",299657,301300,571646,48,0,0,0,37052,-1
recentmusicmusic00mosc,1431440815809,"http://dbpedia.org/resource/Theatre_Royal,_Drury_Lane","",666612,666883,968055,6,0,1,0,0,-1
thirtyyearsofmus00klei,1438592214311,"http://dbpedia.org/resource/St_James's_Hall","",483919,484596,578001,0,0,0,0,-1,-1
twomenmemoir00soutuoft,1435248397073,"http://dbpedia.org/resource/Sidbury","",122627,123249,494037,6,0,0,0,60999,-1
reminiscencesofm02kellrich,1437408733806,"http://dbpedia.org/resource/Dublin","",343263,344201,520572,50,0,2,0,0,-1
reminiscencesofm01kellrich,1432138782679,"http://dbpedia.org/resource/York","",440486,440950,501477,12,0,1,0,0,-1
thirtyyearsofmus00klei,1438249161833,"http://dbpedia.org/resource/Covent_Garden","",123571,124014,578001,54,0,1,0,0,-1
musicallettersf00unkngoog,1448709547508,"http://dbpedia.org/resource/DÃ¼sseldorf","",338621,338870,571646,39,0,0,0,276332,-1
musicallettersf00unkngoog,1448314861876,"http://dbpedia.org/resource/Berlin_Cathedral","",180438,180659,571646,0,0,0,0,-1,-1
diaryofwilliampl01jaco,1447580540584,"http://dbpedia.org/resource/Clinton,_South_Carolina","",888835,889024,1148331,0,0,0,0,-1,-1
lifereminiscence00elveuoft,1433159672527,"http://dbpedia.org/resource/Windsor,_Berkshire","",167546,167966,393672,30,0,0,0,1404,-1
thirtyyearsofmus00klei,1438525236574,"http://dbpedia.org/resource/New_York_City","",419178,419631,578001,1,0,0,0,419062,-1
westminsterpilgr00briduoft,1433089799400,"http://dbpedia.org/resource/Westminster_Abbey","",455451,455859,663181,154,0,0,0,16911,-1
autobiographycor01delauoft,1444930546430,"http://dbpedia.org/resource/Bath,_Somerset","",217498,217848,988508,100,0,0,0,28123,-1
thirtyyearsofmus00klei,1438162931556,"http://dbpedia.org/resource/London","",40152,41509,578001,409,0,2,0,0,-1
reminiscencesofm01kellrich,1427379753297,"http://dbpedia.org/resource/Naples","",81978,82678,501477,113,0,1,0,0,-1
recentmusicmusic00mosc,1429103324122,"http://dbpedia.org/resource/Berlin","",162708,162982,968055,67,0,0,0,76060,-1
musingsmemorieso00hensuoft,1509444324360,"","http://dbpedia.org/resource/George_Henschel",175663,176663,516273,0,2,0,0,-1,175139
cu31924022334563,1438611798217,"http://dbpedia.org/resource/Her_Majesty's_Theatre","",114785,115821,827587,36,0,0,0,1414,-1
cu31924022334563,1438615349115,"http://dbpedia.org/resource/Her_Majesty's_Theatre","",168100,169110,827587,36,0,0,0,7564,-1
thirtyyearsofmus00klei,1438436621227,"http://dbpedia.org/resource/Covent_Garden","",314360,314651,578001,54,0,0,0,0,-1
reminiscencesofm02kellrich,1437557985724,"http://dbpedia.org/resource/Drury_Lane","",390983,391295,520572,21,0,0,0,22889,-1
thirtyyearsofmus00klei,1438167435224,"http://dbpedia.org/resource/Her_Majesty's_Theatre","",61729,62292,578001,0,0,0,0,-1,-1
recentmusicmusic00mosc,1431950693551,"http://dbpedia.org/resource/Dresden","",763304,763651,968055,34,0,1,0,0,-1
memoriesofmusici00ganzuoft,1436282192995,"http://dbpedia.org/resource/Paris","",253074,254296,492418,80,0,2,0,0,-1
diaryofwilliampl01jaco,1447582364824,"http://dbpedia.org/resource/Clinton,_South_Carolina","",1141536,1141747,1148331,0,0,0,0,-1,-1
memoriesofmusici00ganzuoft,1435926808950,"http://dbpedia.org/resource/Her_Majesty's_Theatre","",31555,32155,492418,2,0,0,0,30593,-1
cu31924022334563,1438680354534,"http://dbpedia.org/resource/Her_Majesty's_Theatre","",231879,232529,827587,36,0,0,0,71343,-1
autobiographyimg01dela,1442942148265,"http://dbpedia.org/resource/London","http://dbpedia.org/resource/Mary_Delany",14704,15390,1133206,131,44,0,0,3069,2701
memoriesofmusici00ganzuoft,1436281325939,"http://dbpedia.org/resource/Bayreuth","",245388,246387,492418,14,0,0,0,129508,-1
thirtyyearsofmus00klei,1438594174047,"http://dbpedia.org/resource/Worcester_Cathedral","",498876,500110,578001,0,0,0,0,-1,-1
reminiscencesofm01kellrich,1429179224952,"http://dbpedia.org/resource/Ferrara","",186359,187161,501477,7,0,1,0,0,-1
reminiscencesofm02kellrich,1435769967749,"http://dbpedia.org/resource/York","",22041,22589,520572,19,0,1,0,0,-1
diaryofwilliampl01jaco,1447582827746,"http://dbpedia.org/resource/Clinton,_South_Carolina","",1143504,1143879,1148331,0,0,0,0,-1,-1
memoriesofmusici00ganzuoft,1435927632749,"http://dbpedia.org/resource/Her_Majesty's_Theatre","",34517,35133,492418,2,0,0,0,27615,-1
reminiscencesofm01kellrich,1428144732441,"http://dbpedia.org/resource/Florence","",150786,151790,501477,33,0,0,0,6498,-1
memoriesofmusici00ganzuoft,1436521270492,"http://dbpedia.org/resource/London","",469137,469865,492418,97,0,0,0,6610,-1
reminiscencesofm02kellrich,1435857399186,"http://dbpedia.org/resource/Paris","",41984,42951,520572,58,0,3,0,0,-1
recentmusicmusic00mosc,1431686580301,"http://dbpedia.org/resource/London","",699502,699760,968055,220,0,0,0,6252,-1
cu31924022334563,1438607512684,"http://dbpedia.org/resource/Her_Majesty's_Theatre","",86513,88083,827587,36,0,0,0,1805,-1
reminiscencesofm01kellrich,1427375995210,"http://dbpedia.org/resource/Naples","",73781,74574,501477,113,0,0,0,2931,-1
memoriesofmusici00ganzuoft,1436284721620,"http://dbpedia.org/resource/Paris","",262676,264768,492418,80,0,5,0,0,-1
autobiographyimg01dela,1443536310127,"http://dbpedia.org/resource/Dublin","http://dbpedia.org/resource/Mary_Delany",633889,634319,1133206,78,44,0,0,204,114343
reminiscencesofm01kellrich,1432139637153,"http://dbpedia.org/resource/Drury_Lane","",443461,444027,501477,3,0,0,0,183231,-1
reminiscencesofm01kellrich,1430594989217,"http://dbpedia.org/resource/Venice","",280914,281848,501477,89,0,1,0,0,-1
reminiscencesofm01kellrich,1432138360719,"http://dbpedia.org/resource/Dublin","",435276,437677,501477,39,0,3,0,0,-1
westminsterpilgr00briduoft,1433168080595,"http://dbpedia.org/resource/Balmoral_Castle","http://dbpedia.org/resource/Princess_Beatrice_of_the_United_Kingdom",547752,548389,663181,3,0,1,0,0,-1
reminiscencesofm02kellrich,1437499592999,"http://dbpedia.org/resource/Drury_Lane","",387747,388055,520572,21,0,0,0,19653,-1
autobiographyan05unkngoog,1434635634627,"http://dbpedia.org/resource/London","",305778,306181,1119268,104,0,0,0,3464,-1
reminiscencesofm01kellrich,1427459918395,"http://dbpedia.org/resource/Naples","",84645,85151,501477,113,0,0,0,1022,-1
jimmygloverhisbo00glovuoft,1437472380836,"http://dbpedia.org/resource/Liverpool","",351899,352668,527026,11,0,1,0,0,-1
reminiscencesofm01kellrich,1431600860056,"http://dbpedia.org/resource/Vienna","",363197,364040,501477,106,0,0,0,46569,-1
thirtyyearsofmus00kleiuoft,1438946476983,"http://dbpedia.org/resource/Her_Majesty's_Theatre","",31593,33397,565930,0,0,0,0,-1,-1
reminiscencesofm01kellrich,1427376630476,"http://dbpedia.org/resource/Naples","",75869,76827,501477,113,0,1,0,0,-1
reminiscencesofm01kellrich,1427377322048,"http://dbpedia.org/resource/Naples","",80447,80950,501477,113,0,0,0,291,-1
lettersofcompose00norm,1424650436729,"http://dbpedia.org/resource/Kassel","http://dbpedia.org/resource/Louis_Spohr",205766,207623,916583,3,10,0,0,203328,180645
musicalmemories017451mbp,1432372690867,"","http://dbpedia.org/resource/Camille_Saint-Sa%C3%ABns",79719,80428,302959,0,0,0,0,-1,-1
reminiscencesofm02kellrich,1437247700707,"http://dbpedia.org/resource/Haymarket_Theatre","",268409,269171,520572,48,0,1,0,0,-1
thirtyyearsofmus00klei,1438169169141,"http://dbpedia.org/resource/Covent_Garden","",74251,75380,578001,54,0,0,0,17540,-1
recentmusicmusic00mosc,1429620133235,"http://dbpedia.org/resource/London","",326889,327209,968055,220,0,0,0,6250,-1
memoriesofmusici00ganzuoft,1436258886793,"http://dbpedia.org/resource/St_James's_Hall","",195175,195768,492418,0,0,0,0,-1,-1
recentmusicmusic00mosc,1431943173931,"http://dbpedia.org/resource/London","",749552,750045,968055,220,0,0,0,2422,-1
memoriesofmusici00ganzuoft,1435928087149,"http://dbpedia.org/resource/Her_Majesty's_Theatre","",36052,37381,492418,2,0,0,0,25367,-1
autobiographyco03dela,1446304388336,"","http://dbpedia.org/resource/Mary_Delany",182301,182999,1162742,0,45,0,0,-1,179769
diaryofwilliampl01jaco,1447579691649,"http://dbpedia.org/resource/Clinton,_South_Carolina","",413884,414044,1148331,0,0,0,0,-1,-1
memoirsofcountbo00boruuoft,1447061052273,"http://dbpedia.org/resource/Ballinasloe","",249340,249890,377699,1,0,0,0,242823,-1
memoriesofmusici00ganzuoft,1436260072528,"http://dbpedia.org/resource/St_James's_Hall","http://dbpedia.org/resource/Alfred,_Duke_of_Saxe-Coburg_and_Gotha",196554,197949,492418,0,2,0,0,-1,402012
lettersofcompose00norm,1424697175844,"","http://dbpedia.org/resource/Pyotr_Ilyich_Tchaikovsky",580512,580688,916583,0,42,0,0,-1,446133
diaryofwilliampl01jaco,1447519086306,"http://dbpedia.org/resource/Charleston,_South_Carolina","",91371,91631,1148331,66,0,0,0,37660,-1
reminiscencesofm01kellrich,1432060885983,"http://dbpedia.org/resource/London","",429653,430655,501477,41,0,0,0,17392,-1
musicallettersf00unkngoog,1448281491382,"http://dbpedia.org/resource/Leipzig","",97818,98862,571646,34,0,0,0,1312,-1
recentmusicmusic00mosc,1430906475487,"http://dbpedia.org/resource/Paris","",585907,586015,968055,96,0,0,0,1926,-1
memoriesofmusici00ganzuoft,1436436770716,"http://dbpedia.org/resource/La_Scala","http://dbpedia.org/resource/Giuseppe_Verdi",345847,347232,492418,2,36,1,3,0,0
igorstravinskyan011583mbp,1435682769143,"","http://dbpedia.org/resource/Igor_Stravinsky",271149,272123,325553,0,7,0,0,-1,70770
twomenmemoir00soutuoft,1435165746603,"http://dbpedia.org/resource/Shrewsbury","",69147,70421,494037,113,0,0,0,0,-1
recentmusicmusic00mosc,1432024843245,"http://dbpedia.org/resource/Leipzig","",791416,792122,968055,192,0,0,0,43487,-1
memoriesofmusici00ganzuoft,1436193426140,"http://dbpedia.org/resource/Hanover_Square_Rooms","",136824,137581,492418,2,0,0,0,108263,-1
musicallettersf00unkngoog,1448038356234,"http://dbpedia.org/resource/St_Paul's_Cathedral","",18463,18883,571646,0,0,0,0,-1,-1
lettersofcompose00norm,1424695222129,"","http://dbpedia.org/resource/Johannes_Brahms",485365,486334,916583,0,36,0,0,-1,433732
reminiscencesofm01kellrich,1429180740975,"http://dbpedia.org/resource/Venice","",192464,193719,501477,89,0,1,0,0,-1
reminiscencesofm02kellrich,1437406989981,"http://dbpedia.org/resource/London","",338684,339074,520572,70,0,0,0,4005,-1
memoriesofmusici00ganzuoft,1436282556335,"http://dbpedia.org/resource/St_James's_Hall","http://dbpedia.org/resource/Franz_Liszt",257697,258383,492418,0,32,0,3,-1,0
westminsterpilgr00briduoft,1433168856414,"http://dbpedia.org/resource/St_James's_Hall","",556592,557360,663181,0,0,0,0,-1,-1
reminiscencesofm01kellrich,1430927911131,"http://dbpedia.org/resource/Vienna","",348654,350237,501477,106,0,2,0,0,-1
memoriesofmusici00ganzuoft,1435915325286,"http://dbpedia.org/resource/Her_Majesty's_Theatre","",22285,22829,492418,2,0,0,0,39919,-1
recentmusicmusic00mosc,1432486376679,"http://dbpedia.org/resource/Leipzig","",873579,873810,968055,192,0,0,0,37963,-1
thirtyyearsofmus00klei,1438526435174,"http://dbpedia.org/resource/Covent_Garden","",427379,428122,578001,54,0,0,0,6646,-1
memoriesofmusici00ganzuoft,1436445738562,"http://dbpedia.org/resource/Queen's_Hall","",378567,379000,492418,0,0,0,0,-1,-1
diaryofwilliampl01jaco,1447521488292,"http://dbpedia.org/resource/Columbia,_South_Carolina","",193929,194578,1148331,11,0,0,0,36552,-1
reminiscencesofm01kellrich,1435246296080,"http://dbpedia.org/resource/Dublin","",463319,464606,501477,39,0,2,0,0,-1
cu31924022334563,1438686868625,"http://dbpedia.org/resource/Her_Majesty's_Theatre","",325504,327519,827587,36,0,0,0,164968,-1
thirtyyearsofmus00kleiuoft,1439055242218,"http://dbpedia.org/resource/London","",120430,121324,565930,409,0,1,0,0,-1
cu31924022334563,1438680995516,"http://dbpedia.org/resource/Her_Majesty's_Theatre","",235335,237203,827587,36,0,0,0,74799,-1
recentmusicmusic00mosc,1431445668256,"http://dbpedia.org/resource/London","",668943,669145,968055,220,0,0,0,12,-1
recentmusicmusic00mosc,1431697584022,"http://dbpedia.org/resource/Gewandhaus","",729902,730183,968055,32,0,1,0,0,-1
twomenmemoir00soutuoft,1435574979068,"http://dbpedia.org/resource/Hannescamps","",381547,381866,494037,0,0,0,0,-1,-1
musingsmemorieso00hensuoft,1509445124535,"http://dbpedia.org/resource/Cologne","http://dbpedia.org/resource/George_Henschel",211897,212608,516273,12,2,1,0,0,211373
reminiscencesofm01kellrich,1431615187175,"http://dbpedia.org/resource/Paris","",412407,415854,501477,33,0,3,0,0,-1
reminiscencesofm02kellrich,1436954332871,"http://dbpedia.org/resource/Drury_Lane","",233746,233923,520572,21,0,0,0,134161,-1
reminiscencesofm02kellrich,1437407545134,"http://dbpedia.org/resource/Drury_Lane","",341287,341560,520572,21,0,0,0,26524,-1
memoriesofmusici00ganzuoft,1436518466769,"http://dbpedia.org/resource/Covent_Garden","",443385,444823,492418,17,0,0,0,7884,-1
autobiographyan05unkngoog,1434462946983,"http://dbpedia.org/resource/London","",447065,447585,1119268,104,0,0,0,191,-1
twomenmemoir00soutuoft,1435559512755,"http://dbpedia.org/resource/Worcester_Cathedral","",200724,201033,494037,2,0,1,0,0,-1
memoriesofmusici00ganzuoft,1436164628291,"http://dbpedia.org/resource/Theatre_Royal,_Drury_Lane","",70081,70561,492418,13,0,1,0,0,-1
thirtyyearsofmus00klei,1438532730981,"http://dbpedia.org/resource/Covent_Garden","",446984,448514,578001,54,0,0,0,11743,-1
memoriesofmusici00ganzuoft,1435930984335,"http://dbpedia.org/resource/Princess's_Theatre,_London","",53222,54024,492418,0,0,0,0,-1,-1
reminiscencesofm02kellrich,1437498491403,"http://dbpedia.org/resource/Dublin","",381766,382563,520572,50,0,1,0,0,-1
musicallettersf00unkngoog,1448321627053,"http://dbpedia.org/resource/Leipzig","",211163,212727,571646,34,0,0,0,2182,-1
thirtyyearsofmus00klei,1438527366609,"http://dbpedia.org/resource/Lyric_Theatre,_London","",437727,438434,578001,0,0,0,0,-1,-1
musicallettersf00unkngoog,1461777193721,"http://dbpedia.org/resource/England","",543550,543986,571646,29,0,1,0,0,-1
memoriesofmusici00ganzuoft,1436435221703,"http://dbpedia.org/resource/Rome","",336880,337456,492418,16,0,0,0,148357,-1
cu31924022334563,1438609131672,"http://dbpedia.org/resource/Her_Majesty's_Theatre","",98413,101156,827587,36,0,0,0,4567,-1
lifereminiscence00elveuoft,1432902586786,"http://dbpedia.org/resource/Oxford","",69376,69980,393672,31,0,1,0,0,-1
thirtyyearsofmus00kleiuoft,1438946962304,"http://dbpedia.org/resource/Norwich","",34218,34787,565930,31,0,0,0,1447,-1
thirtyyearsofmus00klei,1438525989298,"http://dbpedia.org/resource/Covent_Garden","",421681,422296,578001,54,0,0,0,12472,-1
recentmusicmusic00mosc,1431790026329,"http://dbpedia.org/resource/Leipzig","",733306,733505,968055,192,0,0,0,13526,-1
lifereminiscence00elveuoft,1432889084531,"http://dbpedia.org/resource/Windsor,_Berkshire","",40214,41138,393672,30,0,0,0,23322,-1
musingsmemorieso00hensuoft,1514890180656,"","http://dbpedia.org/resource/George_Henschel",370623,371647,516273,0,2,0,0,-1,346169
autobiographyimg01dela,1444051203096,"","http://dbpedia.org/resource/Mary_Delany",816146,816705,1133206,0,44,0,0,-1,70170
musicallettersf00unkngoog,1462037999108,"http://dbpedia.org/resource/Grote_Kerk,_Haarlem","",555075,556303,571646,0,0,0,0,-1,-1
musicallettersf00unkngoog,1448039370049,"http://dbpedia.org/resource/St_Paul's_Cathedral","",20775,21297,571646,0,0,0,0,-1,-1
musicallettersf00unkngoog,1448039533036,"http://dbpedia.org/resource/St_Paul's_Cathedral","",21326,21682,571646,0,0,0,0,-1,-1
autobiographyimg01dela,1443533799144,"","http://dbpedia.org/resource/Mary_Delany",508407,509738,1133206,0,44,0,0,-1,8422
musicallettersf00unkngoog,1448278147591,"http://dbpedia.org/resource/Gewandhaus","",54631,55865,571646,19,0,0,0,3281,-1
cu31924022334563,1438780085816,"http://dbpedia.org/resource/Her_Majesty's_Theatre","",508235,509137,827587,36,0,0,0,868,-1
reminiscencesofm02kellrich,1435865766643,"http://dbpedia.org/resource/Haymarket,_London","",87290,87656,520572,5,0,0,0,86029,-1
memoriesofmusici00ganzuoft,1435840591315,"http://dbpedia.org/resource/London","",18262,18853,492418,97,0,0,0,4666,-1
thirtyyearsofmus00klei,1438260340275,"http://dbpedia.org/resource/Covent_Garden","",178702,179144,578001,54,0,0,0,55935,-1
musicallettersf00unkngoog,1461779662782,"http://dbpedia.org/resource/London","",546676,549583,571646,48,0,1,0,0,-1
reminiscencesofm02kellrich,1437429758375,"http://dbpedia.org/resource/Royal_Opera_House","",371960,372646,520572,22,0,0,0,3782,-1
reminiscencesofm01kellrich,1427461889324,"http://dbpedia.org/resource/Naples","",97007,98029,501477,113,0,0,0,291,-1
reminiscencesofm02kellrich,1435863052573,"http://dbpedia.org/resource/London","",60462,60690,520572,70,0,0,0,2875,-1
reminiscencesofm02kellrich,1437162662523,"http://dbpedia.org/resource/Royal_Opera_House","",242944,243496,520572,22,0,0,0,67098,-1
reminiscencesofm01kellrich,1427462848427,"http://dbpedia.org/resource/Calabria","",99143,100652,501477,4,0,2,0,0,-1
reminiscencesofm02kellrich,1438711328776,"http://dbpedia.org/resource/Drury_Lane","",453254,453947,520572,21,0,0,0,36597,-1
memoriesofmusici00ganzuoft,1436438560540,"http://dbpedia.org/resource/St_James's_Hall","",362307,362849,492418,0,0,0,0,-1,-1
memoriesofmusici00ganzuoft,1436457314337,"http://dbpedia.org/resource/Covent_Garden","",407579,409800,492418,17,0,0,0,25688,-1
reminiscencesofm02kellrich,1437500212019,"http://dbpedia.org/resource/Freemasons'_Hall,_London","",388060,389419,520572,0,0,1,0,0,-1
musicallettersf00unkngoog,1462038377036,"http://dbpedia.org/resource/Holland","",558096,558323,571646,0,0,0,0,-1,-1
thirtyyearsofmus00kleiuoft,1438870207716,"http://dbpedia.org/resource/London","",19488,20505,565930,409,0,0,0,3552,-1
memoriesofmusici00ganzuoft,1436202482351,"http://dbpedia.org/resource/St_James's_Hall","",186272,186984,492418,0,0,0,0,-1,-1
westminsterpilgr00briduoft,1432830272373,"http://dbpedia.org/resource/Westminster_Abbey","",259940,261640,663181,154,0,0,0,1575,-1
musicallettersf00unkngoog,1448395383674,"http://dbpedia.org/resource/London","",294308,294924,571646,48,0,0,0,43428,-1
reminiscencesofm01kellrich,1430588560920,"http://dbpedia.org/resource/Verona","",259596,260151,501477,17,0,1,0,0,-1
autobiographyimg01dela,1443534702229,"http://dbpedia.org/resource/Dublin","http://dbpedia.org/resource/Mary_Delany",541417,541741,1133206,78,44,0,0,8557,21871
memoriesofmusici00ganzuoft,1435927129543,"http://dbpedia.org/resource/Her_Majesty's_Theatre","",33653,34024,492418,2,0,0,0,28724,-1
thirtyyearsofmus00klei,1438191374996,"http://dbpedia.org/resource/Cambridge","",103260,104215,578001,12,0,0,0,92522,-1
reminiscencesofm01kellrich,1430751146450,"http://dbpedia.org/resource/Vienna","",332109,333780,501477,106,0,1,0,0,-1
diaryofwilliampl01jaco,1447521350548,"http://dbpedia.org/resource/Charleston,_South_Carolina","",176101,179325,1148331,66,0,0,0,2951,-1
recentmusicmusic00mosc,1431952551670,"http://dbpedia.org/resource/Leipzig","",775155,775488,968055,192,0,0,0,28117,-1
cu31924022334563,1438680128352,"http://dbpedia.org/resource/Her_Majesty's_Theatre","",229816,231642,827587,36,0,0,0,69280,-1
memoriesofmusici00ganzuoft,1436445995717,"http://dbpedia.org/resource/Covent_Garden","",379012,379355,492418,17,0,0,0,56133,-1
musicallettersf00unkngoog,1448313123004,"http://dbpedia.org/resource/Berlin","",175376,176053,571646,27,0,1,0,0,-1
musicallettersf00unkngoog,1461790279048,"http://dbpedia.org/resource/St_Paul's_Cathedral","",549743,550182,571646,0,0,0,0,-1,-1
reminiscencesofm01kellrich,1435314166443,"http://dbpedia.org/resource/Paris","",498844,500334,501477,33,0,2,0,0,-1
igorstravinskyan011583mbp,1435675986497,"http://dbpedia.org/resource/England","http://dbpedia.org/resource/Igor_Stravinsky",251578,251979,325553,3,7,1,0,0,51199
autobiographycor01delauoft,1444926871813,"http://dbpedia.org/resource/London","",24096,24657,988508,135,0,0,0,10335,-1
recentmusicmusic00mosc,1430061110446,"http://dbpedia.org/resource/London","",409752,410060,968055,220,0,0,0,2380,-1
reminiscencesofm01kellrich,1427462513930,"http://dbpedia.org/resource/Naples","",98050,98579,501477,113,0,0,0,884,-1
memoriesofmusici00ganzuoft,1435915981952,"http://dbpedia.org/resource/Her_Majesty's_Theatre","",24325,25474,492418,2,0,0,0,37274,-1
lettersofcompose00norm,1424683736421,"http://dbpedia.org/resource/Paris","http://dbpedia.org/resource/Mikhail_Glinka",283767,284944,916583,145,17,1,0,0,256915
thirtyyearsofmus00klei,1438524762496,"http://dbpedia.org/resource/Covent_Garden","",413657,414320,578001,54,0,0,0,11632,-1
autobiographyimg01dela,1443531310706,"http://dbpedia.org/resource/London","http://dbpedia.org/resource/Mary_Delany",418531,419137,1133206,131,44,0,0,6961,8120
thirtyyearsofmus00klei,1438522453832,"http://dbpedia.org/resource/Birmingham","",399958,400308,578001,11,0,0,0,41593,-1
reminiscencesofm02kellrich,1435858990668,"http://dbpedia.org/resource/London","",54337,55673,520572,70,0,0,0,7892,-1
musicallettersf00unkngoog,1448393386565,"http://dbpedia.org/resource/Ville-d'Avray","",284140,284577,571646,0,0,0,0,-1,-1
reminiscencesofm02kellrich,1437307585526,"http://dbpedia.org/resource/Drury_Lane","",293880,294559,520572,21,0,0,0,73525,-1
reminiscencesofm01kellrich,1432056176787,"http://dbpedia.org/resource/London","",423095,424006,501477,41,0,1,0,0,-1
thirtyyearsofmus00kleiuoft,1439490546943,"http://dbpedia.org/resource/Leeds","",222864,223665,565930,14,0,1,0,0,-1
cu31924022334563,1438687949932,"http://dbpedia.org/resource/Her_Majesty's_Theatre","",338953,339842,827587,36,0,0,0,167512,-1
reminiscencesofm01kellrich,1429703626688,"http://dbpedia.org/resource/Brescia","",244429,245448,501477,17,0,2,0,0,-1
reminiscencesofm02kellrich,1436293470468,"http://dbpedia.org/resource/Lancaster,_Lancashire","",103829,104021,520572,1,0,1,0,0,-1
reminiscencesofm02kellrich,1437407180880,"http://dbpedia.org/resource/Drury_Lane","",341111,341255,520572,21,0,0,0,26829,-1
cu31924022334563,1438784652063,"http://dbpedia.org/resource/Her_Majesty's_Theatre","",535262,536598,827587,36,0,0,0,244,-1
recentmusicmusic00mosc,1429618477739,"http://dbpedia.org/resource/Edinburgh","",317165,317429,968055,12,0,0,0,294935,-1
recentmusicmusic00mosc,1432129384588,"http://dbpedia.org/resource/Leipzig","",812028,812176,968055,192,0,0,0,23433,-1
musicallettersf00unkngoog,1448282044001,"http://dbpedia.org/resource/Leipzig","",101941,102393,571646,34,0,0,0,5435,-1
cu31924022334563,1438679318783,"http://dbpedia.org/resource/Her_Majesty's_Theatre","",205018,206293,827587,36,0,0,0,44482,-1
lettersofcompose00norm,1424649611757,"","http://dbpedia.org/resource/Wolfgang_Amadeus_Mozart",151250,152046,916583,0,90,0,0,-1,26959
memoriesofmusici00ganzuoft,1436283623047,"http://dbpedia.org/resource/St_James's_Hall","",261247,261771,492418,0,0,0,0,-1,-1
reminiscencesofm02kellrich,1437230370982,"http://dbpedia.org/resource/Paris","",253380,254068,520572,58,0,1,0,0,-1
musicallettersf00unkngoog,1448366973491,"http://dbpedia.org/resource/Paris","",278203,278345,571646,16,0,0,0,149234,-1
memoriesofmusici00ganzuoft,1436519578396,"http://dbpedia.org/resource/Covent_Garden","",448667,449301,492418,17,0,0,0,13166,-1
musingsmemorieso00hensuoft,1509444724666,"http://dbpedia.org/resource/Cologne","http://dbpedia.org/resource/George_Henschel",209680,211026,516273,12,2,1,0,0,209156
memoriesofmusici00ganzuoft,1436281042239,"http://dbpedia.org/resource/Her_Majesty's_Theatre","",244109,244445,492418,2,0,0,0,44627,-1
reminiscencesofm02kellrich,1436352571813,"http://dbpedia.org/resource/Drury_Lane","",115777,116444,520572,21,0,0,0,84485,-1
recentmusicmusic00mosc,1431697022699,"http://dbpedia.org/resource/Birmingham","",725354,725866,968055,23,0,0,0,181719,-1
musicallettersf00unkngoog,1448397101672,"http://dbpedia.org/resource/London","",305423,307584,571646,48,0,0,0,30768,-1
thirtyyearsofmus00kleiuoft,1439054909470,"http://dbpedia.org/resource/London","",119461,119835,565930,409,0,1,0,0,-1
thirtyyearsofmus00kleiuoft,1439055377838,"http://dbpedia.org/resource/Covent_Garden","",121610,122307,565930,56,0,1,0,0,-1
recentmusicmusic00mosc,1432025368165,"http://dbpedia.org/resource/Leipzig","",792171,792586,968055,192,0,0,0,43023,-1
dublindiary00joyc,1447880088611,"http://dbpedia.org/resource/Dublin","",108965,109072,257015,13,0,0,0,21830,-1
thirtyyearsofmus00klei,1438532103693,"http://dbpedia.org/resource/Covent_Garden","",439036,440500,578001,54,0,0,0,3795,-1
reminiscencesofm02kellrich,1437328064404,"http://dbpedia.org/resource/Drury_Lane","",312197,312393,520572,21,0,0,0,55691,-1
diaryofwilliampl01jaco,1447535113675,"http://dbpedia.org/resource/Lookout_Mountain","",286123,286380,1148331,1,0,0,0,284901,-1
reminiscencesofm01kellrich,1428139048247,"http://dbpedia.org/resource/Rome","",109386,109813,501477,24,0,0,0,46684,-1
lettersofcompose00norm,1424652424027,"","http://dbpedia.org/resource/Hector_Berlioz",272822,273381,916583,0,48,0,0,-1,188499
reminiscencesofm02kellrich,1438690627657,"http://dbpedia.org/resource/Beauvais","",407139,408103,520572,1,0,2,0,0,-1
lettersofcompose00norm,1424645491538,"","http://dbpedia.org/resource/George_Frideric_Handel",63178,64795,916583,0,35,0,0,-1,42497
musicalmemories017451mbp,1432305480559,"http://dbpedia.org/resource/Paris","http://dbpedia.org/resource/Camille_Saint-Sa%C3%ABns",24965,25450,302959,27,0,0,0,20983,-1
memoriesofmusici00ganzuoft,1435930476313,"http://dbpedia.org/resource/Covent_Garden","",46955,47604,492418,17,0,1,0,0,-1
musingsmemorieso00hensuoft,1511979277223,"","http://dbpedia.org/resource/George_Henschel",220908,222817,516273,0,2,0,0,-1,220384
reminiscencesofm01kellrich,1435246956861,"http://dbpedia.org/resource/Norwich","",465106,468666,501477,6,0,5,0,0,-1
diaryofwilliampl01jaco,1447522128753,"http://dbpedia.org/resource/Clinton,_South_Carolina","",232607,232841,1148331,0,0,0,0,-1,-1
musingsmemorieso00hensuoft,1509389379832,"","http://dbpedia.org/resource/George_Henschel",171801,173801,516273,0,2,0,0,-1,171277
autobiographyimg01dela,1444420037949,"http://dbpedia.org/resource/London","http://dbpedia.org/resource/Mary_Delany",986767,987160,1133206,131,44,0,0,3268,9147
cu31924022334563,1438608430250,"http://dbpedia.org/resource/Her_Majesty's_Theatre","",93743,94782,827587,36,0,0,0,3629,-1
reminiscencesofm01kellrich,1432137873706,"http://dbpedia.org/resource/Westminster_Abbey","",431575,434543,501477,1,0,1,0,0,-1
reminiscencesofm01kellrich,1430593986926,"http://dbpedia.org/resource/Venice","",275535,275766,501477,89,0,0,0,72720,-1
autobiographyimg01dela,1443531509558,"http://dbpedia.org/resource/London","http://dbpedia.org/resource/Mary_Delany",466813,467280,1133206,131,44,0,0,3739,32691
thirtyyearsofmus00kleiuoft,1439055096433,"http://dbpedia.org/resource/Covent_Garden","",119882,120418,565930,56,0,1,0,0,-1
thirtyyearsofmus00klei,1438427296305,"","http://dbpedia.org/resource/Luigi_Mancinelli",286918,287727,578001,0,5,0,0,-1,196214
autobiographyco03dela,1446664157771,"http://dbpedia.org/resource/Westminster_Abbey","",352233,352293,1162742,8,0,0,0,197749,-1
reminiscencesofm02kellrich,1437415954991,"http://dbpedia.org/resource/Drury_Lane","",352776,353700,520572,21,0,0,0,14384,-1
reminiscencesofm01kellrich,1428065655005,"http://dbpedia.org/resource/Rome","",103366,109007,501477,24,0,4,0,0,-1
recentmusicmusic00mosc,1430132370365,"http://dbpedia.org/resource/Brighton","",422842,422955,968055,12,0,0,0,171310,-1
recentmusicmusic00mosc,1430919558858,"http://dbpedia.org/resource/Birmingham","",600376,600636,968055,23,0,0,0,234048,-1
recentmusicmusic00mosc,1426860323745,"http://dbpedia.org/resource/Dresden","",67678,67806,968055,34,0,0,0,36767,-1
musicallettersf00unkngoog,1448281888079,"http://dbpedia.org/resource/Leipzig","",98877,102279,571646,34,0,0,0,2371,-1
thirtyyearsofmus00klei,1438534266920,"http://dbpedia.org/resource/Covent_Garden","",463977,464515,578001,54,0,0,0,15829,-1
autobiographyimg01dela,1444411372026,"http://dbpedia.org/resource/London","http://dbpedia.org/resource/Mary_Delany",973312,973807,1133206,131,44,0,0,1808,378
cu31924022334563,1438684753313,"http://dbpedia.org/resource/Her_Majesty's_Theatre","",279346,279895,827587,36,0,0,0,118810,-1
autobiographyan05unkngoog,1434464242611,"http://dbpedia.org/resource/Covent_Garden","",478984,479692,1119268,2,0,0,0,193684,-1
memoriesofmusici00ganzuoft,1436266262307,"http://dbpedia.org/resource/Windsor_Castle","",226191,228767,492418,10,0,3,0,0,-1
thirtyyearsofmus00kleiuoft,1439490147925,"http://dbpedia.org/resource/Leeds","",220529,222323,565930,14,0,2,0,0,-1
autobiographyimg01dela,1444411285613,"http://dbpedia.org/resource/London","http://dbpedia.org/resource/Mary_Delany",969904,970167,1133206,131,44,0,0,1331,4018
lifereminiscence00elveuoft,1433239367209,"http://dbpedia.org/resource/Windsor,_Berkshire","",239812,240149,393672,30,0,0,0,25404,-1
memoriesofmusici00ganzuoft,1436182498768,"http://dbpedia.org/resource/Hanover_Square_Rooms","",117674,118817,492418,2,0,0,0,127027,-1
recentmusicmusic00mosc,1429621761088,"http://dbpedia.org/resource/London","",341740,341894,968055,220,0,0,0,2838,-1
thirtyyearsofmus00kleiuoft,1438962563287,"http://dbpedia.org/resource/London","",48713,49641,565930,409,0,0,0,1643,-1
musicallettersf00unkngoog,1448280297446,"http://dbpedia.org/resource/Leipzig","",84055,84968,571646,34,0,1,0,0,-1
musicalmemories017451mbp,1432305715583,"http://dbpedia.org/resource/Paris","http://dbpedia.org/resource/Camille_Saint-Sa%C3%ABns",25491,25592,302959,27,0,0,0,21509,-1
recentmusicmusic00mosc,1432487662435,"http://dbpedia.org/resource/Gewandhaus","",875596,875829,968055,32,0,1,0,0,-1
reminiscencesofm02kellrich,1437329990944,"http://dbpedia.org/resource/Dublin","",330563,331010,520572,50,0,0,0,20684,-1
recentmusicmusic00mosc,1431506517034,"http://dbpedia.org/resource/Vienna","",680207,680325,968055,176,0,0,0,52446,-1
memoriesofmusici00ganzuoft,1435915676246,"http://dbpedia.org/resource/London","",23230,23901,492418,97,0,0,0,0,-1
westminsterpilgr00briduoft,1432980418512,"http://dbpedia.org/resource/Westminster_Abbey","",399130,400460,663181,154,0,1,0,0,-1
cu31924022334563,1438612728607,"http://dbpedia.org/resource/Her_Majesty's_Theatre","",134463,135433,827587,36,0,0,0,4395,-1
memoriesofmusici00ganzuoft,1436458807940,"http://dbpedia.org/resource/London","",438002,438708,492418,97,0,0,0,3352,-1
musicalmemories017451mbp,1432306218520,"http://dbpedia.org/resource/Paris","http://dbpedia.org/resource/Camille_Saint-Sa%C3%ABns",25593,25750,302959,27,0,0,0,21611,-1
lifereminiscence00elveuoft,1433326679767,"http://dbpedia.org/resource/Newbury,_Berkshire","",331121,331863,393672,7,0,1,0,0,-1
reminiscencesofm01kellrich,1435164506717,"http://dbpedia.org/resource/Drury_Lane","",458656,459231,501477,3,0,0,0,168027,-1
recentmusicmusic00mosc,1429958746761,"http://dbpedia.org/resource/London","",405220,405570,968055,220,0,0,0,1796,-1
memoirsofcountbo00boruuoft,1447058888390,"http://dbpedia.org/resource/Cork,_Ireland","",232573,232855,377699,0,0,0,0,-1,-1
thirtyyearsofmus00kleiuoft,1439031166439,"http://dbpedia.org/resource/Royal_Albert_Hall","",76207,80725,565930,24,0,2,0,0,-1
reminiscencesofm01kellrich,1429183348411,"http://dbpedia.org/resource/Venice","",208524,209312,501477,89,0,0,0,44890,-1
reminiscencesofm01kellrich,1435164969620,"http://dbpedia.org/resource/Drury_Lane","",459331,460802,501477,3,0,0,0,166456,-1
lettersofcompose00norm,1424771575655,"http://dbpedia.org/resource/Berlin","http://dbpedia.org/resource/Gustav_Mahler",649842,650667,916583,28,31,1,1,0,0
recentmusicmusic00mosc,1429532686038,"http://dbpedia.org/resource/Dublin","",188361,188585,968055,6,0,0,0,168328,-1
reminiscencesofm02kellrich,1437326556542,"http://dbpedia.org/resource/London","",302813,303159,520572,70,0,1,0,0,-1
reminiscencesofm02kellrich,1435766521901,"http://dbpedia.org/resource/Drury_Lane","",15849,17826,520572,21,0,0,0,13456,-1
reminiscencesofm02kellrich,1435782599159,"http://dbpedia.org/resource/Durham","",27378,29051,520572,1,0,1,0,0,-1
thirtyyearsofmus00klei,1438533757046,"http://dbpedia.org/resource/Berlin","",457284,458184,578001,8,0,1,0,0,-1
reminiscencesofm01kellrich,1430747238328,"http://dbpedia.org/resource/Vienna","",321121,323745,501477,106,0,2,0,0,-1
recentmusicmusic00mosc,1432288594537,"http://dbpedia.org/resource/Dresden","",828067,828514,968055,34,0,0,0,405585,-1
musicallettersf00unkngoog,1448322514970,"http://dbpedia.org/resource/Leipzig","",220165,221397,571646,34,0,0,0,11184,-1
lettersofcompose00norm,1424694826250,"http://dbpedia.org/resource/Paris","http://dbpedia.org/resource/%C3%89douard_Lalo",460143,464213,916583,145,0,0,0,0,-1
thirtyyearsofmus00kleiuoft,1438974900290,"http://dbpedia.org/resource/Drury_Lane","",74138,74921,565930,1,0,0,0,417017,-1
musicalmemories017451mbp,1432378755251,"http://dbpedia.org/resource/Paris","http://dbpedia.org/resource/Camille_Saint-Sa%C3%ABns",134520,135575,302959,27,0,1,0,0,-1
thirtyyearsofmus00klei,1438438056880,"http://dbpedia.org/resource/Covent_Garden","",318703,319616,578001,54,0,1,0,0,-1
autobiographycor01delauoft,1444927462588,"http://dbpedia.org/resource/England","http://dbpedia.org/resource/Mary_Delany",44967,45705,988508,35,2,0,0,1350,41418
reminiscencesofm02kellrich,1435858450692,"http://dbpedia.org/resource/London","",53412,54292,520572,70,0,1,0,0,-1
lifereminiscence00elveuoft,1432887646389,"http://dbpedia.org/resource/Canterbury","",23137,23762,393672,22,0,1,0,0,-1
reminiscencesofm02kellrich,1436888170573,"http://dbpedia.org/resource/London","",169972,170220,520572,70,0,0,0,405,-1
diaryofwilliampl01jaco,1447518974548,"http://dbpedia.org/resource/Charleston,_South_Carolina","",17722,18042,1148331,66,0,0,0,6334,-1
twomenmemoir00soutuoft,1435560377740,"http://dbpedia.org/resource/Ypres","",223014,223317,494037,7,0,0,0,103770,-1
lifereminiscence00elveuoft,1433171336855,"http://dbpedia.org/resource/Windsor,_Berkshire","",213912,214039,393672,30,0,0,0,12140,-1
westminsterpilgr00briduoft,1432919383904,"http://dbpedia.org/resource/London","",308149,309947,663181,63,0,1,0,0,-1
westminsterpilgr00briduoft,1432747851515,"http://dbpedia.org/resource/Manchester","",129932,131401,663181,72,0,2,0,0,-1
igorstravinskyan011583mbp,1434552503164,"http://dbpedia.org/resource/Russia","http://dbpedia.org/resource/Igor_Stravinsky",38222,38878,325553,41,7,0,1,16203,0
thirtyyearsofmus00klei,1438446807342,"","http://dbpedia.org/resource/Arthur_Sullivan",351565,353960,578001,0,46,0,0,-1,88778
musicallettersf00unkngoog,1461682939139,"http://dbpedia.org/resource/London","",540732,541473,571646,48,0,0,0,31179,-1
westminsterpilgr00briduoft,1432976483264,"http://dbpedia.org/resource/Westminster_Abbey","",327834,329883,663181,154,0,1,0,0,-1
autobiographyan05unkngoog,1434458593144,"http://dbpedia.org/resource/London","http://dbpedia.org/resource/Mary_Delany",62193,62559,1119268,104,14,0,0,7848,53809
thirtyyearsofmus00klei,1438247270881,"http://dbpedia.org/resource/The_Crystal_Palace","",115104,115829,578001,9,0,1,0,0,-1
thirtyyearsofmus00klei,1438598288957,"http://dbpedia.org/resource/Covent_Garden","",519286,519821,578001,54,0,0,0,26477,-1
thirtyyearsofmus00kleiuoft,1438890544563,"http://dbpedia.org/resource/London","",25467,26545,565930,409,0,1,0,0,-1
musicalmemories017451mbp,1432547243073,"","http://dbpedia.org/resource/Camille_Saint-Sa%C3%ABns",184004,184701,302959,0,0,0,0,-1,-1
lifereminiscence00elveuoft,1433237279427,"http://dbpedia.org/resource/Lake_District","",231018,231572,393672,1,0,0,0,229463,-1
memoriesofmusici00ganzuoft,1436423346848,"http://dbpedia.org/resource/Paris","",266385,267056,492418,80,0,0,0,804,-1
westminsterpilgr00briduoft,1432982795628,"http://dbpedia.org/resource/Westminster_Abbey","",411954,413609,663181,154,0,0,0,4370,-1
reminiscencesofm01kellrich,1429184555165,"http://dbpedia.org/resource/Graz","",213619,214286,501477,2,0,0,0,200770,-1
musicallettersf00unkngoog,1448280423373,"http://dbpedia.org/resource/Leipzig","",85694,86151,571646,34,0,1,0,0,-1
reminiscencesofm02kellrich,1436813469893,"http://dbpedia.org/resource/Haymarket,_London","",134408,134848,520572,5,0,0,0,133147,-1
memoriesofmusici00ganzuoft,1436438224836,"http://dbpedia.org/resource/London","",360102,360822,492418,97,0,0,0,6149,-1
lifereminiscence00elveuoft,1432902073103,"http://dbpedia.org/resource/Windsor_Castle","",67294,67852,393672,67,0,1,0,0,-1
autobiographyimg01dela,1444051827990,"http://dbpedia.org/resource/London","http://dbpedia.org/resource/Mary_Delany",823233,823983,1133206,131,44,0,0,22425,62892
reminiscencesofm01kellrich,1431602703832,"http://dbpedia.org/resource/Vienna","",369125,369573,501477,106,0,0,0,52497,-1
musicalmemories017451mbp,1432373998854,"http://dbpedia.org/resource/Heidelberg","http://dbpedia.org/resource/Camille_Saint-Sa%C3%ABns",132827,133171,302959,5,0,0,0,130062,-1
cu31924022334563,1438685164472,"http://dbpedia.org/resource/Her_Majesty's_Theatre","",280335,281060,827587,36,0,0,0,119799,-1
reminiscencesofm01kellrich,1432138943360,"http://dbpedia.org/resource/York","",440957,441392,501477,12,0,0,0,217447,-1
thirtyyearsofmus00klei,1438162296864,"http://dbpedia.org/resource/Her_Majesty's_Theatre","",32161,34109,578001,0,0,0,0,-1,-1
lifereminiscence00elveuoft,1433240277469,"http://dbpedia.org/resource/Windsor,_Berkshire","",243590,243966,393672,30,0,0,0,21587,-1
thirtyyearsofmus00kleiuoft,1439053927367,"http://dbpedia.org/resource/Crystal_Palace,_London","",113080,114863,565930,1,0,0,0,12317,-1
memoriesofmusici00ganzuoft,1436445421219,"http://dbpedia.org/resource/St_James's_Hall","",377549,378453,492418,0,0,0,0,-1,-1
memoriesofmusici00ganzuoft,1436283306101,"http://dbpedia.org/resource/London","",260248,261066,492418,97,0,0,0,5092,-1
memoriesofmusici00ganzuoft,1436262651824,"http://dbpedia.org/resource/St_James's_Hall","",202630,204074,492418,0,0,0,0,-1,-1
thirtyyearsofmus00kleiuoft,1438862080421,"http://dbpedia.org/resource/Norwich","",15771,16676,565930,31,0,2,0,0,-1
recentmusicmusic00mosc,1430813590521,"http://dbpedia.org/resource/London","",534888,535073,968055,220,0,0,0,1586,-1
reminiscencesofm01kellrich,1428143866274,"http://dbpedia.org/resource/Sicily","",142277,143446,501477,15,0,0,0,92489,-1
igorstravinskyan011583mbp,1434889017227,"http://dbpedia.org/resource/Paris","http://dbpedia.org/resource/Igor_Stravinsky",196267,196747,325553,69,7,1,0,0,3617
reminiscencesofm02kellrich,1437426519522,"http://dbpedia.org/resource/Covent_Garden","",362639,362834,520572,14,0,0,0,36842,-1
autobiographyco03dela,1446304862054,"http://dbpedia.org/resource/Windsor,_Berkshire","http://dbpedia.org/resource/Mary_Delany",242672,243592,1162742,42,45,0,0,8,155807
westminsterpilgr00briduoft,1433092717054,"","http://dbpedia.org/resource/Camille_Saint-Sa%C3%ABns",496037,497174,663181,0,0,0,0,-1,-1
musicallettersf00unkngoog,1448366290289,"http://dbpedia.org/resource/Cologne_Cathedral","",275380,275653,571646,0,0,0,0,-1,-1
memoriesofmusici00ganzuoft,1436444993373,"http://dbpedia.org/resource/Queen's_Hall","",376611,377538,492418,0,0,0,0,-1,-1
musicallettersf00unkngoog,1461671237429,"http://dbpedia.org/resource/London","",538958,540589,571646,48,0,0,0,32063,-1
cu31924022334563,1438609640620,"http://dbpedia.org/resource/Her_Majesty's_Theatre","",101604,103073,827587,36,0,0,0,2650,-1
autobiographyimg01dela,1444157004918,"http://dbpedia.org/resource/London","http://dbpedia.org/resource/Mary_Delany",827219,827749,1133206,131,44,0,0,26411,59126
memoriesofmusici00ganzuoft,1436174454662,"","http://dbpedia.org/resource/Maria_Amalia_of_Naples_and_Sicily",76332,76891,492418,0,0,0,0,-1,-1
memoriesofmusici00ganzuoft,1436250750453,"http://dbpedia.org/resource/St_James's_Hall","",190583,190984,492418,0,0,0,0,-1,-1
igorstravinskyan011583mbp,1435680404172,"http://dbpedia.org/resource/Europe","http://dbpedia.org/resource/Igor_Stravinsky",268212,268430,325553,14,7,0,0,15124,67833
reminiscencesofm02kellrich,1435355555620,"http://dbpedia.org/resource/Oxford_Street","",14479,15100,520572,1,0,1,0,0,-1
musingsmemorieso00hensuoft,1514890833962,"","http://dbpedia.org/resource/George_Henschel",379987,381162,516273,0,2,0,0,-1,336654
memoriesofmusici00ganzuoft,1436250955725,"http://dbpedia.org/resource/St_James's_Hall","",191454,191938,492418,0,0,0,0,-1,-1
recentmusicmusic00mosc,1431508066369,"http://dbpedia.org/resource/Vienna","",685259,685878,968055,176,0,0,0,50128,-1
recentmusicmusic00mosc,1431953940995,"http://dbpedia.org/resource/Leipzig","",782482,782582,968055,192,0,0,0,35444,-1
recentmusicmusic00mosc,1429703438525,"http://dbpedia.org/resource/London","",385609,386317,968055,220,0,0,0,266,-1
autobiographyimg01dela,1443536679819,"http://dbpedia.org/resource/Dublin","http://dbpedia.org/resource/Mary_Delany",716005,716586,1133206,78,44,0,0,64796,170289
recentmusicmusic00mosc,1430143421055,"http://dbpedia.org/resource/London","",444781,444982,968055,220,0,0,0,1248,-1
westminsterpilgr00briduoft,1433140776828,"http://dbpedia.org/resource/Manchester_Cathedral","",526134,528485,663181,10,0,0,0,83508,-1
recentmusicmusic00mosc,1431791455244,"http://dbpedia.org/resource/Leipzig","",736369,736533,968055,192,0,0,0,10498,-1
westminsterpilgr00briduoft,1430808947621,"http://dbpedia.org/resource/Sydenham","",50425,50981,663181,3,0,1,0,0,-1
thirtyyearsofmus00klei,1438525660625,"http://dbpedia.org/resource/Chicago","",420225,421608,578001,6,0,1,0,0,-1
thirtyyearsofmus00kleiuoft,1438965872431,"http://dbpedia.org/resource/Naples","",52661,54895,565930,1,0,1,0,0,-1
lettersofcompose00norm,1424653131863,"http://dbpedia.org/resource/Paris","http://dbpedia.org/resource/Mikhail_Glinka",283418,283739,916583,145,17,0,0,13631,256566
memoriesofmusici00ganzuoft,1436193727777,"http://dbpedia.org/resource/Royal_Albert_Hall","",138267,139066,492418,20,0,1,0,0,-1
reminiscencesofm02kellrich,1435862440580,"http://dbpedia.org/resource/London","",57256,58200,520572,70,0,0,0,5365,-1
twomenmemoir00soutuoft,1435570787049,"http://dbpedia.org/resource/Sombrin","",242195,242947,494037,0,0,0,0,-1,-1
recentmusicmusic00mosc,1432554740755,"http://dbpedia.org/resource/Dresden","",925747,926240,968055,34,0,0,0,308458,-1
memoriesofmusici00ganzuoft,1436192343938,"http://dbpedia.org/resource/Baden-Baden","",134271,135044,492418,3,0,1,0,0,-1
recentmusicmusic00mosc,1430920461435,"http://dbpedia.org/resource/Birmingham","",602905,603308,968055,23,0,0,0,236577,-1
recentmusicmusic00mosc,1431520391464,"http://dbpedia.org/resource/Dresden","",690129,690295,968055,34,0,0,0,267647,-1
autobiographyimg01dela,1443536047649,"http://dbpedia.org/resource/Dublin","http://dbpedia.org/resource/Mary_Delany",601555,601860,1133206,78,44,0,0,31145,82009
musicallettersf00unkngoog,1448658303622,"","http://dbpedia.org/resource/Robert_Schumann",312507,313649,571646,0,42,0,2,-1,0
memoriesofmusici00ganzuoft,1436176439600,"","http://dbpedia.org/resource/Felix_Mendelssohn",86589,87386,492418,0,29,0,3,-1,0
reminiscencesofm01kellrich,1431611462110,"http://dbpedia.org/resource/Salzburg","",399886,400358,501477,0,0,0,0,-1,-1
reminiscencesofm01kellrich,1427460086043,"http://dbpedia.org/resource/Naples","",85397,86221,501477,113,0,2,0,0,-1
westminsterpilgr00briduoft,1433167548802,"http://dbpedia.org/resource/Westminster_Abbey","",544513,546086,663181,154,0,0,0,27065,-1
memoirsofcountbo00boruuoft,1447089415158,"http://dbpedia.org/resource/Newcastle_upon_Tyne","",335329,335641,377699,23,0,0,0,320581,-1
reminiscencesofm02kellrich,1437499345691,"http://dbpedia.org/resource/Dublin","",382582,382872,520572,50,0,0,0,19721,-1
