OUSLEY.txt-500,0,601,601,4,N,N,-,-1,-1,HybridEvaluator=0.03829683053163811
PILGRIM.txt-501,0,962,962,9,Y,N,-,-1,-1,HybridEvaluator=0.06495155906352895
PILGRIM.txt-502,0,660,660,6,Y,N,-,-1,-1,HybridEvaluator=0.10076682449879434
PILGRIM.txt-503,0,1470,1470,14,N,N,-,-1,-1,HybridEvaluator=0.01624722971239563
PILGRIM.txt-504,0,1324,1324,9,Y,N,-,-1,-1,HybridEvaluator=0.05434768853035379
PILGRIM.txt-505,0,406,406,3,Y,N,-,-1,-1,HybridEvaluator=0.06448950460114068
PILGRIM.txt-506,0,262,262,1,N,N,-,-1,-1,HybridEvaluator=0.0330561836123988
PILGRIM.txt-507,0,861,861,4,Y,N,-,-1,-1,HybridEvaluator=0.04534434925342311
PILGRIM.txt-508,0,679,679,3,Y,N,-,-1,-1,HybridEvaluator=0.08137710627035953
PILGRIM.txt-509,0,1981,1981,12,Y,N,-,-1,-1,HybridEvaluator=0.13919256147461323
PILGRIM.txt-510,0,2094,2094,17,N,N,-,-1,-1,HybridEvaluator=0.010380104330634748
PILGRIM.txt-511,0,2501,2501,14,Y,N,-,-1,-1,HybridEvaluator=0.0504164414471378
PILGRIM.txt-512,0,2650,2650,19,N,N,-,-1,-1,HybridEvaluator=0.039973172303399286
PILGRIM.txt-513,0,554,554,4,N,N,-,-1,-1,HybridEvaluator=0.01395722324228152
PILGRIM.txt-514,0,520,520,3,Y,N,-,-1,-1,HybridEvaluator=0.06324446020221385
PILGRIM.txt-515,0,1796,1796,19,N,N,-,-1,-1,HybridEvaluator=0.040159357810836925
PILGRIM.txt-516,0,1399,1399,12,N,N,-,-1,-1,HybridEvaluator=0.022672114240303555
PILGRIM.txt-517,0,1653,1653,12,Y,N,-,-1,-1,HybridEvaluator=0.07097096938462537
PILGRIM.txt-518,0,788,788,7,Y,N,-,-1,-1,HybridEvaluator=0.06447937518943872
PILGRIM.txt-519,0,1507,1507,9,Y,N,-,-1,-1,HybridEvaluator=0.06135934898871371
PILGRIM.txt-520,0,813,813,7,Y,N,-,-1,-1,HybridEvaluator=0.047017391640964475
PILGRIM.txt-521,0,1354,1354,8,Y,N,-,-1,-1,HybridEvaluator=0.0560770504058578
PILGRIM.txt-522,0,936,936,8,N,N,-,-1,-1,HybridEvaluator=0.019672202218937885
RECMUS.txt-523,0,228,228,1,N,N,-,-1,-1,HybridEvaluator=0.03571418491918335
PILGRIM.txt-524,0,243,243,1,N,N,-,-1,-1,HybridEvaluator=0.02032813586686787
RECMUS.txt-525,0,157,157,1,Y,N,-,-1,-1,HybridEvaluator=0.06241600652729304
PILGRIM.txt-526,0,228,228,2,Y,N,-,-1,-1,HybridEvaluator=0.11558648428819764
RECMUS.txt-527,0,231,231,1,N,N,-,-1,-1,HybridEvaluator=0.021412770053894598
PILGRIM.txt-528,0,296,296,2,Y,N,-,-1,-1,HybridEvaluator=0.09367711355403192
RECMUS.txt-529,0,339,339,1,N,N,-,-1,-1,HybridEvaluator=0.017532319525925925
PILGRIM.txt-530,0,316,316,2,N,N,-,-1,-1,HybridEvaluator=0.041096265826906474
RECMUS.txt-531,0,228,228,2,Y,N,-,-1,-1,HybridEvaluator=0.15842602135243206
PILGRIM.txt-532,0,298,298,2,N,N,-,-1,-1,HybridEvaluator=0.02104938717988821
RECMUS.txt-533,0,128,128,2,N,N,-,-1,-1,HybridEvaluator=0.0350249707698822
PILGRIM.txt-534,0,258,258,1,N,N,-,-1,-1,HybridEvaluator=0.0
RECMUS.txt-535,0,126,126,1,N,N,-,-1,-1,HybridEvaluator=0.0
PILGRIM.txt-536,0,240,240,2,N,N,-,-1,-1,HybridEvaluator=0.0
RECMUS.txt-537,0,98,98,1,N,N,-,-1,-1,HybridEvaluator=0.0295857892
PILGRIM.txt-538,0,133,133,2,N,N,-,-1,-1,HybridEvaluator=0.0
RECMUS.txt-539,0,318,318,3,N,N,-,-1,-1,HybridEvaluator=0.0035861562666666667
PILGRIM.txt-540,0,441,441,2,N,N,-,-1,-1,HybridEvaluator=0.006068879835897436
RECMUS.txt-541,0,386,386,2,N,N,-,-1,-1,HybridEvaluator=0.035914976250028624
PILGRIM.txt-542,0,373,373,3,N,N,-,-1,-1,HybridEvaluator=0.013935501293260887
RECMUS.txt-543,0,140,140,2,N,N,-,-1,-1,HybridEvaluator=0.03256232901052995
PILGRIM.txt-544,0,147,147,1,N,N,-,-1,-1,HybridEvaluator=0.0
RECMUS.txt-545,0,349,349,2,Y,N,-,-1,-1,HybridEvaluator=0.059690411795269356
PILGRIM.txt-546,0,477,477,5,N,N,-,-1,-1,HybridEvaluator=0.02509842498119345
RECMUS.txt-547,0,331,331,2,N,N,-,-1,-1,HybridEvaluator=0.02500303297664325
PILGRIM.txt-548,0,216,216,2,Y,N,-,-1,-1,HybridEvaluator=0.04831177327367994
RECMUS.txt-549,0,706,706,2,Y,N,-,-1,-1,HybridEvaluator=0.06239150695068323
PILGRIM.txt-550,0,651,651,6,Y,N,-,-1,-1,HybridEvaluator=0.05960116831404431
RECMUS.txt-551,0,265,265,4,Y,N,-,-1,-1,HybridEvaluator=0.054529105599835995
PILGRIM.txt-552,0,249,249,2,N,N,-,-1,-1,HybridEvaluator=0.019420945902058156
RECMUS.txt-553,0,391,391,3,Y,N,-,-1,-1,HybridEvaluator=0.06620997076555786
PILGRIM.txt-554,0,360,360,2,N,N,-,-1,-1,HybridEvaluator=0.02759132018456092
RECMUS.txt-555,0,350,350,2,N,N,-,-1,-1,HybridEvaluator=0.012679623942857142
PILGRIM.txt-556,0,288,288,4,Y,N,-,-1,-1,HybridEvaluator=0.15100450742812382
RECMUS.txt-557,0,491,491,5,Y,N,-,-1,-1,HybridEvaluator=0.06751254814160444
PILGRIM.txt-558,0,338,338,4,N,N,-,-1,-1,HybridEvaluator=0.04029234928483909
RECMUS.txt-559,0,358,358,2,N,N,-,-1,-1,HybridEvaluator=0.033388575801266356
PILGRIM.txt-560,0,214,214,2,Y,N,-,-1,-1,HybridEvaluator=0.12024159431457519
RECMUS.txt-561,0,125,125,1,N,N,-,-1,-1,HybridEvaluator=0.0
PILGRIM.txt-562,0,106,106,1,N,N,-,-1,-1,HybridEvaluator=0.0147928946
RECMUS.txt-563,0,258,258,2,Y,N,-,-1,-1,HybridEvaluator=0.11290679294031211
PILGRIM.txt-564,0,227,227,1,N,N,-,-1,-1,HybridEvaluator=0.033999307950337725
RECMUS.txt-565,0,341,341,5,N,N,-,-1,-1,HybridEvaluator=0.03845890800904327
PILGRIM.txt-566,0,342,342,2,Y,N,-,-1,-1,HybridEvaluator=0.19466640055179596
RECMUS.txt-567,0,168,168,1,N,N,-,-1,-1,HybridEvaluator=0.015779087573333333
PILGRIM.txt-568,0,177,177,1,Y,N,-,-1,-1,HybridEvaluator=0.13751403222661132
RECMUS.txt-569,0,704,704,6,N,N,-,-1,-1,HybridEvaluator=0.02939431687569168
PILGRIM.txt-570,0,1193,1193,12,Y,N,-,-1,-1,HybridEvaluator=0.07273543695066521
RECMUS.txt-571,0,164,164,2,Y,N,-,-1,-1,HybridEvaluator=0.049088314897789115
PILGRIM.txt-572,0,328,328,2,Y,N,-,-1,-1,HybridEvaluator=0.12025707762379316
RECMUS.txt-573,0,510,510,3,N,N,-,-1,-1,HybridEvaluator=0.025372855708753778
PILGRIM.txt-574,0,447,447,2,Y,N,-,-1,-1,HybridEvaluator=0.05613753715681944
RECMUS.txt-575,0,280,280,3,N,N,-,-1,-1,HybridEvaluator=0.027906496165857907
RECMUS.txt-576,0,312,312,1,Y,N,-,-1,-1,HybridEvaluator=0.24575205892324448
RECMUS.txt-577,0,491,491,2,N,N,-,-1,-1,HybridEvaluator=0.03473727904646418
RECMUS.txt-578,0,457,457,3,Y,N,-,-1,-1,HybridEvaluator=0.1881162544723161
RECMUS.txt-579,0,348,348,3,N,N,-,-1,-1,HybridEvaluator=0.03865020049311078
RECMUS.txt-580,0,296,296,2,Y,N,-,-1,-1,HybridEvaluator=0.0591281911842688
RECMUS.txt-581,0,435,435,4,Y,N,-,-1,-1,HybridEvaluator=0.05352910724572915
RECMUS.txt-582,0,449,449,3,Y,N,-,-1,-1,HybridEvaluator=0.06406416081719929
RECMUS.txt-583,0,445,445,3,N,N,-,-1,-1,HybridEvaluator=0.03381628096762031
PILGRIM.txt-584,0,455,455,4,Y,N,-,-1,-1,HybridEvaluator=0.061432616137000726
RECMUS.txt-585,0,250,250,2,N,N,-,-1,-1,HybridEvaluator=0.0
PILGRIM.txt-586,0,220,220,2,N,N,-,-1,-1,HybridEvaluator=0.0295857892
RECMUS.txt-587,0,262,262,3,N,N,-,-1,-1,HybridEvaluator=0.03600237938019912
PILGRIM.txt-588,0,296,296,4,N,N,-,-1,-1,HybridEvaluator=0.020692535986502964
RECMUS.txt-589,0,269,269,3,N,N,-,-1,-1,HybridEvaluator=0.0353921370595824
PILGRIM.txt-590,0,231,231,3,N,N,-,-1,-1,HybridEvaluator=0.0
RECMUS.txt-591,0,401,401,2,N,N,-,-1,-1,HybridEvaluator=0.0147928946
PILGRIM.txt-592,0,374,374,2,N,N,-,-1,-1,HybridEvaluator=0.0035861562666666667
RECMUS.txt-593,0,231,231,2,N,N,-,-1,-1,HybridEvaluator=0.04134523482249817
PILGRIM.txt-594,0,206,206,2,N,N,-,-1,-1,HybridEvaluator=0.03224543375628335
RECMUS.txt-595,0,742,742,10,N,N,-,-1,-1,HybridEvaluator=0.03210174004426753
PILGRIM.txt-596,0,678,678,5,Y,N,-,-1,-1,HybridEvaluator=0.04537290553348676
RECMUS.txt-597,0,357,357,1,Y,N,-,-1,-1,HybridEvaluator=0.061610103867980645
PILGRIM.txt-598,0,325,325,2,N,N,-,-1,-1,HybridEvaluator=0.0
RECMUS.txt-599,0,419,419,2,Y,N,-,-1,-1,HybridEvaluator=0.07554263121452531
PILGRIM.txt-600,0,392,392,4,N,N,-,-1,-1,HybridEvaluator=0.01908760593548387
RECMUS.txt-601,0,279,279,3,Y,N,-,-1,-1,HybridEvaluator=0.06593259979189746
PILGRIM.txt-602,0,176,176,2,Y,N,-,-1,-1,HybridEvaluator=0.05402951240539551
RECMUS.txt-603,0,199,199,2,Y,N,-,-1,-1,HybridEvaluator=0.07306608518324127
RECMUS.txt-604,0,460,460,3,N,N,-,-1,-1,HybridEvaluator=0.025802389106868863
RECMUS.txt-605,0,146,146,1,Y,N,-,-1,-1,HybridEvaluator=0.0716757216440302
RECMUS.txt-606,0,283,283,1,N,N,-,-1,-1,HybridEvaluator=0.015896314134200413
RECMUS.txt-607,0,265,265,4,N,N,-,-1,-1,HybridEvaluator=0.026576629281044005
RECMUS.txt-608,0,234,234,1,Y,N,-,-1,-1,HybridEvaluator=0.09545725915167066
RECMUS.txt-609,0,492,492,2,N,N,-,-1,-1,HybridEvaluator=0.0318084596209391
RECMUS.txt-610,0,299,299,2,Y,N,-,-1,-1,HybridEvaluator=0.09846149632141764
RECMUS.txt-611,0,306,306,3,Y,N,-,-1,-1,HybridEvaluator=0.06329236827439051
RECMUS.txt-612,0,314,314,2,Y,N,-,-1,-1,HybridEvaluator=0.048002686857569886
RECMUS.txt-613,0,162,162,3,N,N,-,-1,-1,HybridEvaluator=0.0
RECMUS.txt-614,0,174,174,1,Y,N,-,-1,-1,HybridEvaluator=0.16179064102470875
RECMUS.txt-615,0,200,200,1,Y,N,-,-1,-1,HybridEvaluator=0.05606220893127405
RECMUS.txt-616,0,115,115,1,Y,N,-,-1,-1,HybridEvaluator=0.12982639026520384
RECMUS.txt-617,0,111,111,1,Y,N,-,-1,-1,HybridEvaluator=0.06379826471216771
RECMUS.txt-618,0,144,144,1,N,N,-,-1,-1,HybridEvaluator=0.028871150953429087
RECMUS.txt-619,0,222,222,3,N,N,-,-1,-1,HybridEvaluator=0.023050512138165925
RECMUS.txt-620,0,190,190,3,N,N,-,-1,-1,HybridEvaluator=0.02173069820684545
RECOLL.txt-621,0,904,904,6,N,N,-,-1,-1,HybridEvaluator=0.03360791515456246
RECMUS.txt-622,0,832,832,5,Y,N,-,-1,-1,HybridEvaluator=0.04792189281194005
RECOLL.txt-623,0,537,537,3,N,N,-,-1,-1,HybridEvaluator=0.0027521664372093025
RECMUS.txt-624,0,435,435,5,N,N,-,-1,-1,HybridEvaluator=0.031931393676333956
RECOLL.txt-625,0,179,179,1,N,N,-,-1,-1,HybridEvaluator=0.0
RECMUS.txt-626,0,261,261,3,N,N,-,-1,-1,HybridEvaluator=0.0
RECOLL.txt-627,0,312,312,4,Y,N,-,-1,-1,HybridEvaluator=0.05726352930898019
RECMUS.txt-628,0,399,399,4,N,N,-,-1,-1,HybridEvaluator=0.03800577982779472
RECOLL.txt-629,0,372,372,4,Y,N,-,-1,-1,HybridEvaluator=0.05499089561406419
RECMUS.txt-630,0,197,197,2,N,N,-,-1,-1,HybridEvaluator=0.030259055964229627
RECOLL.txt-631,0,647,647,7,N,N,-,-1,-1,HybridEvaluator=0.022103750963398488
RECOLL.txt-632,0,508,508,3,N,N,-,-1,-1,HybridEvaluator=0.00852353450579521
RECOLL.txt-633,0,602,602,4,N,N,-,-1,-1,HybridEvaluator=0.03931717153088625
RECOLL.txt-634,0,494,494,4,Y,N,-,-1,-1,HybridEvaluator=0.08271109904998387
RECOLL.txt-635,0,1212,1212,15,N,N,-,-1,-1,HybridEvaluator=0.022846507707421873
RECOLL.txt-636,0,1260,1260,9,Y,N,-,-1,-1,HybridEvaluator=0.06990738809352041
RECOLL.txt-637,0,279,279,2,N,N,-,-1,-1,HybridEvaluator=0.015436063930434783
RECOLL.txt-638,0,320,320,2,N,N,-,-1,-1,HybridEvaluator=0.04210938670041784
RECOLL.txt-639,0,491,491,5,N,N,-,-1,-1,HybridEvaluator=0.02732090397578914
RECOLL.txt-640,0,516,516,4,Y,N,-,-1,-1,HybridEvaluator=0.07763590657108663
RECOLL.txt-641,0,664,664,7,N,N,-,-1,-1,HybridEvaluator=0.009467452544
RECOLL.txt-642,0,561,561,4,Y,N,-,-1,-1,HybridEvaluator=0.0706789476864016
RECOLL.txt-643,0,1004,1004,8,N,N,-,-1,-1,HybridEvaluator=0.018896747338925594
RECOLL.txt-644,0,687,687,6,N,N,-,-1,-1,HybridEvaluator=0.027068033814430237
RECOLL.txt-645,0,824,824,8,N,N,-,-1,-1,HybridEvaluator=0.03499712320818852
RECOLL.txt-646,0,679,679,4,N,N,-,-1,-1,HybridEvaluator=0.010909432899860407
RECOLL.txt-647,0,447,447,3,N,N,-,-1,-1,HybridEvaluator=0.0340898967643734
RECOLL.txt-648,0,570,570,2,N,N,-,-1,-1,HybridEvaluator=0.0080688516
RECOLL.txt-649,0,598,598,3,N,N,-,-1,-1,HybridEvaluator=0.035780327796043676
RECOLL.txt-650,0,521,521,3,Y,N,-,-1,-1,HybridEvaluator=0.05337801950958025
RECOLL.txt-651,0,506,506,4,N,N,-,-1,-1,HybridEvaluator=0.034749076228530365
RECOLL.txt-652,0,675,675,4,Y,N,-,-1,-1,HybridEvaluator=0.08387813503172353
RECOLL.txt-653,0,328,328,4,Y,N,-,-1,-1,HybridEvaluator=0.05968863213503802
RECOLL.txt-654,0,321,321,3,N,N,-,-1,-1,HybridEvaluator=0.017735124826431276
RECOLL.txt-655,0,1001,1001,7,N,N,-,-1,-1,HybridEvaluator=0.022799942761499582
RECOLL.txt-656,0,754,754,7,Y,N,-,-1,-1,HybridEvaluator=0.05077488665232766
RECOLL.txt-657,0,604,604,4,Y,N,-,-1,-1,HybridEvaluator=0.06489860170154903
RECOLL.txt-658,0,692,692,6,N,N,-,-1,-1,HybridEvaluator=0.0075138512253968255
RECOLL.txt-659,0,989,989,7,Y,N,-,-1,-1,HybridEvaluator=0.07413951599478433
RECOLL.txt-660,0,1047,1047,9,N,N,-,-1,-1,HybridEvaluator=0.030468723078903776
RECOLL.txt-661,0,208,208,2,N,N,-,-1,-1,HybridEvaluator=0.027801407448528336
RECOLL.txt-662,0,224,224,3,N,N,-,-1,-1,HybridEvaluator=0.04110495249430338
RECOLL.txt-663,0,512,512,5,N,N,-,-1,-1,HybridEvaluator=0.005772836917073171
RECOLL.txt-664,0,502,502,4,N,N,-,-1,-1,HybridEvaluator=0.028032474046529726
RECOLL.txt-665,0,493,493,4,N,N,-,-1,-1,HybridEvaluator=0.009102607901031906
RECOLL.txt-666,0,362,362,5,N,N,-,-1,-1,HybridEvaluator=0.008766159762962963
REMKEL1.txt-667,0,1028,1028,7,N,N,-,-1,-1,HybridEvaluator=0.0321346459008282
RECOLL.txt-668,0,1269,1269,11,N,N,-,-1,-1,HybridEvaluator=0.02711344802827295
REMKEL1.txt-669,0,646,646,1,Y,N,-,-1,-1,HybridEvaluator=0.10381823128428712
REMKEL1.txt-670,0,318,318,2,N,N,-,-1,-1,HybridEvaluator=0.0
REMKEL1.txt-671,0,563,563,3,N,N,-,-1,-1,HybridEvaluator=0.02077676775309723
REMKEL1.txt-672,0,542,542,3,N,N,-,-1,-1,HybridEvaluator=0.021986182869934454
REMKEL1.txt-673,0,546,546,4,N,N,-,-1,-1,HybridEvaluator=0.033913232010241004
REMKEL1.txt-674,0,406,406,2,N,N,-,-1,-1,HybridEvaluator=0.03591733056452095
REMKEL1.txt-675,0,564,564,3,N,N,-,-1,-1,HybridEvaluator=0.023523665438005062
REMKEL1.txt-676,0,503,503,10,N,N,-,-1,-1,HybridEvaluator=0.044602095316617914
REMKEL1.txt-677,0,399,399,1,N,N,-,-1,-1,HybridEvaluator=0.003480681082352941
REMKEL1.txt-678,0,607,607,10,N,N,-,-1,-1,HybridEvaluator=0.011022051660025992
REMKEL1.txt-679,0,462,462,4,N,N,-,-1,-1,HybridEvaluator=0.024914348799999996
REMKEL1.txt-680,0,481,481,2,N,N,-,-1,-1,HybridEvaluator=0.037044995099723976
REMKEL1.txt-681,0,1000,1000,7,Y,N,-,-1,-1,HybridEvaluator=0.05129124610540763
REMKEL1.txt-682,0,826,826,3,N,N,-,-1,-1,HybridEvaluator=0.017160376293654554
REMKEL1.txt-683,0,852,852,4,N,N,-,-1,-1,HybridEvaluator=0.006659929911084338
REMKEL1.txt-684,0,819,819,5,N,N,-,-1,-1,HybridEvaluator=0.04136463001011495
REMKEL1.txt-685,0,862,862,8,N,N,-,-1,-1,HybridEvaluator=0.01614618311290101
REMKEL1.txt-686,0,835,835,5,N,N,-,-1,-1,HybridEvaluator=0.019743577870560695
REMKEL1.txt-687,0,446,446,2,Y,N,-,-1,-1,HybridEvaluator=0.061127933547341834
REMKEL1.txt-688,0,325,325,3,Y,N,-,-1,-1,HybridEvaluator=0.07897176421605624
REMKEL1.txt-689,0,433,433,3,N,N,-,-1,-1,HybridEvaluator=0.03196123370217944
REMKEL1.txt-690,0,443,443,4,N,N,-,-1,-1,HybridEvaluator=0.0035861562666666667
REMKEL1.txt-691,0,1002,1002,5,N,N,-,-1,-1,HybridEvaluator=0.015586452560667954
REMKEL1.txt-692,0,997,997,8,N,N,-,-1,-1,HybridEvaluator=0.011665305693944295
REMKEL1.txt-693,0,665,665,6,N,N,-,-1,-1,HybridEvaluator=0.016076183210853662
REMKEL1.txt-694,0,790,790,3,N,N,-,-1,-1,HybridEvaluator=0.02981319125023948
REMKEL1.txt-695,0,909,909,6,Y,N,-,-1,-1,HybridEvaluator=0.07055295369918584
REMKEL1.txt-696,0,676,676,4,N,N,-,-1,-1,HybridEvaluator=0.01645928781254179
REMKEL1.txt-697,0,1285,1285,10,N,N,-,-1,-1,HybridEvaluator=0.039263771764045025
REMKEL1.txt-698,0,1245,1245,7,N,N,-,-1,-1,HybridEvaluator=0.013223480145342068
REMKEL1.txt-699,0,553,553,1,N,N,-,-1,-1,HybridEvaluator=0.02275633656909201
REMKEL1.txt-700,0,549,549,1,N,N,-,-1,-1,HybridEvaluator=0.021091103849985932
REMKEL1.txt-701,0,1172,1172,6,Y,N,-,-1,-1,HybridEvaluator=0.06010372065270243
REMKEL1.txt-702,0,1034,1034,9,N,N,-,-1,-1,HybridEvaluator=0.015059939175016053
REMKEL1.txt-703,0,527,527,3,N,N,-,-1,-1,HybridEvaluator=0.008875736759999999
REMKEL1.txt-704,0,308,308,3,N,N,-,-1,-1,HybridEvaluator=0.023077698659168092
REMKEL1.txt-705,0,953,953,6,N,N,-,-1,-1,HybridEvaluator=0.017325432093186
REMKEL1.txt-706,0,920,920,7,N,N,-,-1,-1,HybridEvaluator=0.013398736170945068
REMKEL1.txt-707,0,573,573,4,Y,N,-,-1,-1,HybridEvaluator=0.06011977523745015
REMKEL1.txt-708,0,540,540,2,N,N,-,-1,-1,HybridEvaluator=0.0
REMKEL1.txt-709,0,1833,1833,11,Y,N,-,-1,-1,HybridEvaluator=0.09417394681781298
REMKEL1.txt-710,0,1405,1405,9,N,N,-,-1,-1,HybridEvaluator=0.01888843168136444
REMKEL1.txt-711,0,2384,2384,12,N,N,-,-1,-1,HybridEvaluator=0.03327850980868272
REMKEL1.txt-712,0,1742,1742,12,N,N,-,-1,-1,HybridEvaluator=0.024500839875094722
REMKEL1.txt-713,0,841,841,8,Y,N,-,-1,-1,HybridEvaluator=0.0578833700276896
REMKEL1.txt-714,0,904,904,6,N,N,-,-1,-1,HybridEvaluator=0.01540665538831853
REMKEL1.txt-715,0,1556,1556,9,N,N,-,-1,-1,HybridEvaluator=0.005236422867256637
REMKEL1.txt-716,0,692,692,3,N,N,-,-1,-1,HybridEvaluator=0.02588024432461745
REMKEL1.txt-717,0,5668,5668,33,N,N,-,-1,-1,HybridEvaluator=0.022394896619039324
GRONOW.txt-718,0,5304,5304,22,N,N,-,-1,-1,HybridEvaluator=0.03263338959791829
REMKEL1.txt-719,0,2042,2042,16,Y,N,-,-1,-1,HybridEvaluator=0.05359760374981103
REMKEL1.txt-720,0,2204,2204,15,N,N,-,-1,-1,HybridEvaluator=0.025724515366717528
REMKEL1.txt-721,0,3558,3558,18,N,N,-,-1,-1,HybridEvaluator=0.023266528189263724
REMKEL1.txt-722,0,3532,3532,21,N,N,-,-1,-1,HybridEvaluator=0.03141264254513775
REMKEL1.txt-723,0,3445,3445,21,N,N,-,-1,-1,HybridEvaluator=0.02866054592826872
GRONOW.txt-724,0,3797,3797,18,N,N,-,-1,-1,HybridEvaluator=0.022262522048512937
REMKEL1.txt-725,0,1183,1183,8,N,N,-,-1,-1,HybridEvaluator=0.037678766006280874
REMKEL1.txt-726,0,1317,1317,7,N,N,-,-1,-1,HybridEvaluator=0.018043412817653204
REMKEL1.txt-727,0,1259,1259,7,N,N,-,-1,-1,HybridEvaluator=0.018593849029106328
REMKEL1.txt-728,0,1355,1355,7,N,N,-,-1,-1,HybridEvaluator=0.01749912842567502
REMKEL2.txt-729,0,190,190,2,N,N,-,-1,-1,HybridEvaluator=0.034302642757715655
REMKEL1.txt-730,0,539,539,4,N,N,-,-1,-1,HybridEvaluator=0.0
REMKEL2.txt-731,0,761,761,4,Y,N,-,-1,-1,HybridEvaluator=0.04678173521314826
REMKEL1.txt-732,0,580,580,4,N,N,-,-1,-1,HybridEvaluator=0.015910959624229594
REMKEL2.txt-733,0,288,288,1,N,N,-,-1,-1,HybridEvaluator=0.010290709286956521
REMKEL1.txt-734,0,191,191,1,Y,N,-,-1,-1,HybridEvaluator=0.1512028645066654
REMKEL2.txt-735,0,189,189,2,N,N,-,-1,-1,HybridEvaluator=0.02237953543663025
REMKEL1.txt-736,0,285,285,2,N,N,-,-1,-1,HybridEvaluator=0.0
REMKEL2.txt-737,0,760,760,5,N,N,-,-1,-1,HybridEvaluator=0.016906165257142856
REMKEL1.txt-738,0,529,529,3,Y,N,-,-1,-1,HybridEvaluator=0.08184426689112399
REMKEL2.txt-739,0,253,253,3,N,N,-,-1,-1,HybridEvaluator=0.026017242961338807
REMKEL1.txt-740,0,477,477,5,Y,N,-,-1,-1,HybridEvaluator=0.06765837604935104
REMKEL2.txt-741,0,377,377,2,Y,N,-,-1,-1,HybridEvaluator=0.05678889641884404
REMKEL1.txt-742,0,394,394,3,N,N,-,-1,-1,HybridEvaluator=0.016372579516786518
REMKEL2.txt-743,0,637,637,5,N,N,-,-1,-1,HybridEvaluator=0.02720087561961348
REMKEL1.txt-744,0,971,971,7,N,N,-,-1,-1,HybridEvaluator=0.03533385638854139
REMKEL2.txt-745,0,523,523,3,N,N,-,-1,-1,HybridEvaluator=0.02483720141863672
REMKEL1.txt-746,0,392,392,3,N,N,-,-1,-1,HybridEvaluator=0.02115624885510498
REMKEL2.txt-747,0,922,922,6,Y,N,-,-1,-1,HybridEvaluator=0.051188833619096694
REMKEL1.txt-748,0,1046,1046,5,N,N,-,-1,-1,HybridEvaluator=0.023479223335292072
REMKEL2.txt-749,0,633,633,4,Y,N,-,-1,-1,HybridEvaluator=0.06201675400983823
REMKEL1.txt-750,0,575,575,4,Y,N,-,-1,-1,HybridEvaluator=0.10794884562968633
REMKEL2.txt-751,0,344,344,2,N,N,-,-1,-1,HybridEvaluator=0.008766159762962963
REMKEL2.txt-752,0,188,188,1,Y,N,-,-1,-1,HybridEvaluator=0.10932316688390878
REMKEL2.txt-753,0,1021,1021,5,Y,N,-,-1,-1,HybridEvaluator=0.051746879430216
REMKEL2.txt-754,0,464,464,3,N,N,-,-1,-1,HybridEvaluator=0.01714679837973012
REMKEL2.txt-755,0,504,504,3,N,N,-,-1,-1,HybridEvaluator=0.023313874011477023
REMKEL2.txt-756,0,674,674,5,N,N,-,-1,-1,HybridEvaluator=0.009861929733333333
REMKEL2.txt-757,0,348,348,2,N,N,-,-1,-1,HybridEvaluator=0.012654389800696537
REMKEL2.txt-758,0,484,484,3,N,N,-,-1,-1,HybridEvaluator=0.00369822365
REMKEL2.txt-759,0,706,706,5,Y,N,-,-1,-1,HybridEvaluator=0.04754068831424483
REMKEL2.txt-760,0,761,761,2,N,N,-,-1,-1,HybridEvaluator=0.01455519275476025
REMKEL2.txt-761,0,1026,1026,7,N,N,-,-1,-1,HybridEvaluator=0.041785474584625275
REMKEL2.txt-762,0,727,727,5,N,N,-,-1,-1,HybridEvaluator=0.002320454054901961
REMKEL2.txt-763,0,455,455,5,N,N,-,-1,-1,HybridEvaluator=0.0162881892195956
REMKEL2.txt-764,0,467,467,3,N,N,-,-1,-1,HybridEvaluator=0.015966751356109875
REMKEL2.txt-765,0,635,635,6,N,N,-,-1,-1,HybridEvaluator=0.029181945103304817
REMKEL2.txt-766,0,400,400,3,N,N,-,-1,-1,HybridEvaluator=0.004551659876923077
REMKEL2.txt-767,0,566,566,4,N,N,-,-1,-1,HybridEvaluator=0.04441113717348251
REMKEL2.txt-768,0,529,529,6,N,N,-,-1,-1,HybridEvaluator=0.013958228342244677
REMKEL2.txt-769,0,388,388,3,N,N,-,-1,-1,HybridEvaluator=0.03166293057217429
REMKEL2.txt-770,0,403,403,3,N,N,-,-1,-1,HybridEvaluator=0.03564742733450497
REMKEL2.txt-771,0,226,226,3,N,N,-,-1,-1,HybridEvaluator=0.04268934489415725
REMKEL2.txt-772,0,318,318,2,Y,N,-,-1,-1,HybridEvaluator=0.04642175984261169
REMKEL2.txt-773,0,525,525,2,N,N,-,-1,-1,HybridEvaluator=0.02274107992287225
REMKEL2.txt-774,0,374,374,2,Y,N,-,-1,-1,HybridEvaluator=0.07199491627519018
REMKEL2.txt-775,0,540,540,3,Y,N,-,-1,-1,HybridEvaluator=0.06473039100570843
REMKEL2.txt-776,0,612,612,2,N,N,-,-1,-1,HybridEvaluator=0.0413820771746595
REMKEL2.txt-777,0,558,558,2,N,N,-,-1,-1,HybridEvaluator=0.030156203626371766
REMKEL2.txt-778,0,568,568,3,N,N,-,-1,-1,HybridEvaluator=0.018428879454761574
REMKEL2.txt-779,0,345,345,2,Y,N,-,-1,-1,HybridEvaluator=0.0792837164231709
REMKEL2.txt-780,0,282,282,2,N,N,-,-1,-1,HybridEvaluator=0.0
REMKEL2.txt-781,0,448,448,2,N,N,-,-1,-1,HybridEvaluator=0.008161597020689654
REMKEL2.txt-782,0,395,395,3,N,N,-,-1,-1,HybridEvaluator=0.004733726272
REMKEL2.txt-783,0,748,748,6,Y,N,-,-1,-1,HybridEvaluator=0.061867311456715056
REMKEL2.txt-784,0,282,282,3,N,N,-,-1,-1,HybridEvaluator=0.023107320070266724
REMKEL2.txt-785,0,691,691,3,Y,N,-,-1,-1,HybridEvaluator=0.07985299534112883
REMKEL2.txt-786,0,442,442,2,N,N,-,-1,-1,HybridEvaluator=0.02699727485374832
REMKEL2.txt-787,0,310,310,2,Y,N,-,-1,-1,HybridEvaluator=0.1055839323771166
REMKEL2.txt-788,0,610,610,3,N,N,-,-1,-1,HybridEvaluator=0.028649984427292226
REMKEL2.txt-789,0,147,147,2,N,N,-,-1,-1,HybridEvaluator=0.0317994264455942
REMKEL2.txt-790,0,488,488,2,N,N,-,-1,-1,HybridEvaluator=0.02456405134385721
REMKEL2.txt-791,0,175,175,2,Y,N,-,-1,-1,HybridEvaluator=0.1298619921390827
REMKEL2.txt-792,0,799,799,3,N,N,-,-1,-1,HybridEvaluator=0.031016285811622805
REMKEL2.txt-793,0,546,546,2,N,N,-,-1,-1,HybridEvaluator=0.02069133492562454
REMKEL2.txt-794,0,458,458,2,N,N,-,-1,-1,HybridEvaluator=0.04430261954455104
REMKEL2.txt-795,0,936,936,7,N,N,-,-1,-1,HybridEvaluator=0.014201178815999999
REMKEL2.txt-796,0,631,631,3,N,N,-,-1,-1,HybridEvaluator=0.03055510715251416
REMKEL2.txt-797,0,476,476,2,Y,N,-,-1,-1,HybridEvaluator=0.10823257642488521
REMKEL2.txt-798,0,530,530,1,Y,N,-,-1,-1,HybridEvaluator=0.06800290169570129
REMKEL2.txt-799,0,695,695,5,N,N,-,-1,-1,HybridEvaluator=0.03491525384695839
REMKEL2.txt-800,0,787,787,2,N,N,-,-1,-1,HybridEvaluator=0.026053418649225776
REMKEL2.txt-801,0,194,194,2,N,N,-,-1,-1,HybridEvaluator=0.015779087573333333
REMKEL2.txt-802,0,262,262,1,N,N,-,-1,-1,HybridEvaluator=0.027073892178521245
REMKEL2.txt-803,0,193,193,1,Y,N,-,-1,-1,HybridEvaluator=0.05839393294892216
REMKEL2.txt-804,0,308,308,2,N,N,-,-1,-1,HybridEvaluator=0.010290709286956521
REMKEL2.txt-805,0,330,330,4,N,N,-,-1,-1,HybridEvaluator=0.03686999923466408
REMKEL2.txt-806,0,497,497,4,N,N,-,-1,-1,HybridEvaluator=0.022535798845670463
REMKEL2.txt-807,0,1358,1358,6,Y,N,-,-1,-1,HybridEvaluator=0.06807310459369648
REMKEL2.txt-808,0,1335,1335,7,N,N,-,-1,-1,HybridEvaluator=0.02601756598085899
REMKEL2.txt-809,0,397,397,3,Y,N,-,-1,-1,HybridEvaluator=0.07804602460472088
REMKEL2.txt-810,0,201,201,1,N,N,-,-1,-1,HybridEvaluator=0.0
REMKEL2.txt-811,0,792,792,3,N,N,-,-1,-1,HybridEvaluator=0.010572032403137725
REMKEL2.txt-812,0,451,451,1,N,N,-,-1,-1,HybridEvaluator=0.003287309911111111
REMKEL2.txt-813,0,226,226,2,Y,N,-,-1,-1,HybridEvaluator=0.09282415919689123
REMKEL2.txt-814,0,387,387,1,N,N,-,-1,-1,HybridEvaluator=0.008766159762962963
REMKEL2.txt-815,0,1334,1334,10,N,N,-,-1,-1,HybridEvaluator=0.04105646577692502
REMKEL2.txt-816,0,779,779,4,N,N,-,-1,-1,HybridEvaluator=0.016040686451750635
REMKEL2.txt-817,0,1431,1431,11,Y,N,-,-1,-1,HybridEvaluator=0.0673897131250781
REMKEL2.txt-818,0,862,862,3,Y,N,-,-1,-1,HybridEvaluator=0.0786411124326939
REMKEL2.txt-819,0,481,481,2,Y,N,-,-1,-1,HybridEvaluator=0.07811955750385838
REMKEL2.txt-820,0,603,603,3,Y,N,-,-1,-1,HybridEvaluator=0.058537444271762155
REMKEL2.txt-821,0,175,175,2,N,N,-,-1,-1,HybridEvaluator=0.034925860642265674
REMKEL2.txt-822,0,93,93,1,N,N,-,-1,-1,HybridEvaluator=0.0
REMKEL2.txt-823,0,252,252,1,Y,N,-,-1,-1,HybridEvaluator=0.055358209328201555
REMKEL2.txt-824,0,432,432,1,N,N,-,-1,-1,HybridEvaluator=0.01772723759216059
REMKEL2.txt-825,0,311,311,2,Y,N,-,-1,-1,HybridEvaluator=0.12044006676036105
REMKEL2.txt-826,0,450,450,3,N,N,-,-1,-1,HybridEvaluator=0.0381680159887588
REOPER.txt-827,0,648,648,2,Y,N,-,-1,-1,HybridEvaluator=0.05948092331628712
REMKEL2.txt-828,0,844,844,5,Y,N,-,-1,-1,HybridEvaluator=0.07078760735445501
REOPER.txt-829,0,879,879,6,N,N,-,-1,-1,HybridEvaluator=0.024273882800413826
REOPER.txt-830,0,605,605,2,N,N,-,-1,-1,HybridEvaluator=0.029711177695718714
REOPER.txt-831,0,1091,1091,7,Y,N,-,-1,-1,HybridEvaluator=0.0630341386463263
REOPER.txt-832,0,1039,1039,6,N,N,-,-1,-1,HybridEvaluator=0.04492783346989988
REOPER.txt-833,0,906,906,4,N,N,-,-1,-1,HybridEvaluator=0.028139786261739203
REOPER.txt-834,0,1029,1029,7,Y,N,-,-1,-1,HybridEvaluator=0.07748751007682302
REOPER.txt-835,0,833,833,7,N,N,-,-1,-1,HybridEvaluator=0.03637018908366454
REOPER.txt-836,0,474,474,2,Y,N,-,-1,-1,HybridEvaluator=0.04863656286055532
REOPER.txt-837,0,723,723,5,N,N,-,-1,-1,HybridEvaluator=0.044143958794584805
REOPER.txt-838,0,609,609,4,N,N,-,-1,-1,HybridEvaluator=0.03970743608919983
REOPER.txt-839,0,1580,1580,8,Y,N,-,-1,-1,HybridEvaluator=0.05144699245239288
REOPER.txt-840,0,2056,2056,9,N,N,-,-1,-1,HybridEvaluator=0.044499259389711304
REOPER.txt-841,0,815,815,5,Y,N,-,-1,-1,HybridEvaluator=0.05984258130424011
REOPER.txt-842,0,687,687,3,Y,N,-,-1,-1,HybridEvaluator=0.049097388276470824
REOPER.txt-843,0,490,490,4,N,N,-,-1,-1,HybridEvaluator=0.030315690086042596
REOPER.txt-844,0,469,469,2,N,N,-,-1,-1,HybridEvaluator=0.039625996026323024
REOPER.txt-845,0,771,771,6,N,N,-,-1,-1,HybridEvaluator=0.029686095360081436
REOPER.txt-846,0,509,509,3,N,N,-,-1,-1,HybridEvaluator=0.03602329869608419
REOPER.txt-847,0,431,431,3,Y,N,-,-1,-1,HybridEvaluator=0.07249750956897981
REOPER.txt-848,0,232,232,1,N,N,-,-1,-1,HybridEvaluator=0.0
REOPER.txt-849,0,609,609,4,N,N,-,-1,-1,HybridEvaluator=0.04457748124844996
REOPER.txt-850,0,769,769,4,N,N,-,-1,-1,HybridEvaluator=0.023188271171644688
REOPER.txt-851,0,460,460,4,N,N,-,-1,-1,HybridEvaluator=0.018154346960120332
REOPER.txt-852,0,270,270,2,N,N,-,-1,-1,HybridEvaluator=0.009861929733333333
REOPER.txt-853,0,723,723,4,Y,N,-,-1,-1,HybridEvaluator=0.04926923763630523
REOPER.txt-854,0,697,697,2,N,N,-,-1,-1,HybridEvaluator=0.036010563256272526
REOPER.txt-855,0,508,508,4,Y,N,-,-1,-1,HybridEvaluator=0.05798255755322691
REOPER.txt-856,0,180,180,1,N,N,-,-1,-1,HybridEvaluator=0.03159063825240502
REOPER.txt-857,0,796,796,4,N,N,-,-1,-1,HybridEvaluator=0.018927998913027204
REOPER.txt-858,0,501,501,1,Y,N,-,-1,-1,HybridEvaluator=0.06942622749908804
REOPER.txt-859,0,758,758,5,N,N,-,-1,-1,HybridEvaluator=0.04001819551848715
REOPER.txt-860,0,411,411,2,N,N,-,-1,-1,HybridEvaluator=0.04339848669316033
REOPER.txt-861,0,591,591,5,N,N,-,-1,-1,HybridEvaluator=0.042994560191275503
REOPER.txt-862,0,899,899,4,N,N,-,-1,-1,HybridEvaluator=0.04381724615103043
REOPER.txt-863,0,945,945,6,Y,N,-,-1,-1,HybridEvaluator=0.05477960213138661
REOPER.txt-864,0,525,525,2,N,N,-,-1,-1,HybridEvaluator=0.0028176942095238097
REOPER.txt-865,0,436,436,2,N,N,-,-1,-1,HybridEvaluator=0.013028144359194698
REOPER.txt-866,0,320,320,1,Y,N,-,-1,-1,HybridEvaluator=0.08508902537710607
REOPER.txt-867,0,1574,1574,8,N,N,-,-1,-1,HybridEvaluator=0.0385175377773658
REOPER.txt-868,0,1403,1403,11,N,N,-,-1,-1,HybridEvaluator=0.0097522214250799
REOPER.txt-869,0,691,691,4,N,N,-,-1,-1,HybridEvaluator=0.02426747109055933
REOPER.txt-870,0,280,280,2,N,N,-,-1,-1,HybridEvaluator=0.02173281287047
REOPER.txt-871,0,471,471,2,N,N,-,-1,-1,HybridEvaluator=0.009595391091891892
REOPER.txt-872,0,387,387,1,N,N,-,-1,-1,HybridEvaluator=0.03189938788528169
REOPER.txt-873,0,2015,2015,15,N,N,-,-1,-1,HybridEvaluator=0.032752188750554925
REOPER.txt-874,0,1789,1789,12,N,N,-,-1,-1,HybridEvaluator=0.026984992157815274
REOPER.txt-875,0,650,650,3,N,N,-,-1,-1,HybridEvaluator=0.021200700002526326
REOPER.txt-876,0,238,238,3,N,N,-,-1,-1,HybridEvaluator=0.0
REOPER.txt-877,0,1528,1528,10,Y,N,-,-1,-1,HybridEvaluator=0.04637740928175151
REOPER.txt-878,0,283,283,1,Y,N,-,-1,-1,HybridEvaluator=0.05490563144999157
REOPER.txt-879,0,1037,1037,6,N,N,-,-1,-1,HybridEvaluator=0.016215189477436942
REOPER.txt-880,0,477,477,2,Y,N,-,-1,-1,HybridEvaluator=0.06034501096234631
REOPER.txt-881,0,2310,2310,15,N,N,-,-1,-1,HybridEvaluator=0.019017341368583674
REOPER.txt-882,0,1231,1231,5,N,N,-,-1,-1,HybridEvaluator=0.029769356604128393
REOPER.txt-883,0,1101,1101,8,N,N,-,-1,-1,HybridEvaluator=0.005259695857777778
REOPER.txt-884,0,1882,1882,13,Y,N,-,-1,-1,HybridEvaluator=0.04858769874173537
REOPER.txt-885,0,2049,2049,11,Y,N,-,-1,-1,HybridEvaluator=0.052750333009622244
REOPER.txt-886,0,1664,1664,12,N,N,-,-1,-1,HybridEvaluator=0.03324933103014249
REOPER.txt-887,0,3621,3621,30,N,N,-,-1,-1,HybridEvaluator=0.03741863075344265
REOPER.txt-888,0,3537,3537,14,Y,N,-,-1,-1,HybridEvaluator=0.0487782866079355
THIRTY.txt-889,0,588,588,4,N,N,-,-1,-1,HybridEvaluator=0.021935051215883836
THIRTY.txt-890,0,631,631,4,Y,N,-,-1,-1,HybridEvaluator=0.10985859351999619
THIRTY.txt-891,0,956,956,5,Y,N,-,-1,-1,HybridEvaluator=0.06455862299965863
THIRTY.txt-892,0,530,530,4,Y,N,-,-1,-1,HybridEvaluator=0.18243326060648704
THIRTY.txt-893,0,470,470,2,N,N,-,-1,-1,HybridEvaluator=0.03546284993987013
THIRTY.txt-894,0,330,330,2,N,N,-,-1,-1,HybridEvaluator=0.03208084298031671
THIRTY.txt-895,0,233,233,1,Y,N,-,-1,-1,HybridEvaluator=0.05956609698947868
THIRTY.txt-896,0,264,264,1,N,N,-,-1,-1,HybridEvaluator=0.03560457927488928
THIRTY.txt-897,0,863,863,5,N,N,-,-1,-1,HybridEvaluator=0.04490103723062803
THIRTY.txt-898,0,1038,1038,12,Y,N,-,-1,-1,HybridEvaluator=0.054897910086013975
THIRTY.txt-899,0,580,580,4,Y,N,-,-1,-1,HybridEvaluator=0.06002188753500054
THIRTY.txt-900,0,655,655,5,N,N,-,-1,-1,HybridEvaluator=0.012451525959285108
THIRTY.txt-901,0,1079,1079,7,Y,N,-,-1,-1,HybridEvaluator=0.05581749102924517
THIRTY.txt-902,0,719,719,8,N,N,-,-1,-1,HybridEvaluator=0.027782267336004102
THIRTY.txt-903,0,1541,1541,11,N,N,-,-1,-1,HybridEvaluator=0.04423664547376222
GLOVER.txt-904,0,870,870,8,N,N,-,-1,-1,HybridEvaluator=0.03197836185695479
THIRTY.txt-905,0,684,684,5,N,N,-,-1,-1,HybridEvaluator=0.02461842268175512
THIRTY.txt-906,0,688,688,4,Y,N,-,-1,-1,HybridEvaluator=0.1016972201355433
THIRTY.txt-907,0,361,361,2,N,N,-,-1,-1,HybridEvaluator=0.03891714855476662
GLOVER.txt-908,0,440,440,4,N,N,-,-1,-1,HybridEvaluator=0.032148284209347205
THIRTY.txt-909,0,375,375,1,N,N,-,-1,-1,HybridEvaluator=0.03067877500829154
GLOVER.txt-910,0,344,344,2,Y,N,-,-1,-1,HybridEvaluator=0.07418450247659752
THIRTY.txt-911,0,728,728,5,N,N,-,-1,-1,HybridEvaluator=0.03157015626589862
GLOVER.txt-912,0,611,611,3,Y,N,-,-1,-1,HybridEvaluator=0.07076265204848163
THIRTY.txt-913,0,436,436,1,N,N,-,-1,-1,HybridEvaluator=0.03699331990701118
GLOVER.txt-914,0,562,562,5,Y,N,-,-1,-1,HybridEvaluator=0.047765224818891845
THIRTY.txt-915,0,580,580,5,N,N,-,-1,-1,HybridEvaluator=0.041027636415457557
GLOVER.txt-916,0,522,522,2,N,N,-,-1,-1,HybridEvaluator=0.030013220757246016
THIRTY.txt-917,0,1105,1105,7,N,N,-,-1,-1,HybridEvaluator=0.015679442247010046
GLOVER.txt-918,0,832,832,4,N,N,-,-1,-1,HybridEvaluator=0.009436411429502602
THIRTY.txt-919,0,929,929,4,N,N,-,-1,-1,HybridEvaluator=0.018262143220885117
GLOVER.txt-920,0,476,476,2,N,N,-,-1,-1,HybridEvaluator=0.014892797810690743
THIRTY.txt-921,0,646,646,3,Y,N,-,-1,-1,HybridEvaluator=0.05479008679677243
GLOVER.txt-922,0,540,540,4,Y,N,-,-1,-1,HybridEvaluator=0.052751583157313604
THIRTY.txt-923,0,387,387,1,Y,N,-,-1,-1,HybridEvaluator=0.049856510342949495
GLOVER.txt-924,0,255,255,2,N,N,-,-1,-1,HybridEvaluator=0.00591715784
THIRTY.txt-925,0,446,446,4,Y,N,-,-1,-1,HybridEvaluator=0.057395961396414265
GLOVER.txt-926,0,605,605,5,N,N,-,-1,-1,HybridEvaluator=0.013040566984164633
THIRTY.txt-927,0,654,654,3,N,N,-,-1,-1,HybridEvaluator=0.04020775682317872
TWOMEN.txt-928,0,519,519,8,N,N,-,-1,-1,HybridEvaluator=0.014715049027718691
THIRTY.txt-929,0,397,397,2,Y,N,-,-1,-1,HybridEvaluator=0.10867995564980251
TWOMEN.txt-930,0,447,447,3,N,N,-,-1,-1,HybridEvaluator=0.011763636022806168
THIRTY.txt-931,0,1034,1034,6,Y,N,-,-1,-1,HybridEvaluator=0.05132114067494346
TWOMEN.txt-932,0,673,673,4,N,N,-,-1,-1,HybridEvaluator=0.024706976546366697
THIRTY.txt-933,0,585,585,3,Y,N,-,-1,-1,HybridEvaluator=0.06334848967505671
TWOMEN.txt-934,0,658,658,4,N,N,-,-1,-1,HybridEvaluator=0.020581418573913043
THIRTY.txt-935,0,413,413,2,Y,N,-,-1,-1,HybridEvaluator=0.05765683433912384
WESLEY.txt-936,0,319,319,2,N,N,-,-1,-1,HybridEvaluator=0.04503597276720147
THIRTY.txt-937,0,1177,1177,5,Y,N,-,-1,-1,HybridEvaluator=0.06466727763241376
WESLEY.txt-938,0,754,754,2,Y,N,-,-1,-1,HybridEvaluator=0.06799185619449881
THIRTY.txt-939,0,2843,2843,19,Y,N,-,-1,-1,HybridEvaluator=0.050758242401456384
WESLEY.txt-940,0,1342,1342,10,N,N,-,-1,-1,HybridEvaluator=0.022764743662431954
THIRTY.txt-941,0,481,481,4,N,N,-,-1,-1,HybridEvaluator=0.038622676787357556
WESLEY.txt-942,0,353,353,4,N,N,-,-1,-1,HybridEvaluator=0.03603803996856396
THIRTY.txt-943,0,439,439,3,N,N,-,-1,-1,HybridEvaluator=0.020418622002033517
WESLEY.txt-944,0,505,505,6,Y,N,-,-1,-1,HybridEvaluator=0.05190864570232807
THIRTY.txt-945,0,575,575,3,N,N,-,-1,-1,HybridEvaluator=0.035729708426362285
WESLEY.txt-946,0,625,625,9,Y,N,-,-1,-1,HybridEvaluator=0.04714125204593577
THIRTY.txt-947,0,929,929,6,Y,N,-,-1,-1,HybridEvaluator=0.056500917024943045
WESLEY.txt-948,0,526,526,4,N,N,-,-1,-1,HybridEvaluator=0.04360978866983068
THIRTY.txt-949,0,769,769,5,Y,N,-,-1,-1,HybridEvaluator=0.06287671518598711
WESLEY.txt-950,0,469,469,3,N,N,-,-1,-1,HybridEvaluator=0.026117059402167797
THIRTY.txt-951,0,1285,1285,8,N,N,-,-1,-1,HybridEvaluator=0.03157977495744541
WESLEY.txt-952,0,1739,1739,11,N,N,-,-1,-1,HybridEvaluator=0.018271486911928127
THIRTY.txt-953,0,959,959,6,Y,N,-,-1,-1,HybridEvaluator=0.061736789760575
WESLEY.txt-954,0,333,333,1,N,N,-,-1,-1,HybridEvaluator=0.0341922322142525
THIRTY.txt-955,0,534,534,4,Y,N,-,-1,-1,HybridEvaluator=0.06554206026837606
WESLEY.txt-956,0,439,439,2,Y,N,-,-1,-1,HybridEvaluator=0.04726581960111051
THIRTY.txt-957,0,442,442,4,N,N,-,-1,-1,HybridEvaluator=0.015571468
WESLEY.txt-958,0,359,359,1,Y,N,-,-1,-1,HybridEvaluator=0.061327944649050566
THIRTY.txt-959,0,546,546,3,N,N,-,-1,-1,HybridEvaluator=0.02687771993226973
WESLEY.txt-960,0,750,750,4,Y,N,-,-1,-1,HybridEvaluator=0.13719289323067216
THIRTY.txt-961,0,1611,1611,11,Y,N,-,-1,-1,HybridEvaluator=0.05809790707091719
WESLEY.txt-962,0,629,629,4,Y,N,-,-1,-1,HybridEvaluator=0.23296167420264374
THIRTY.txt-963,0,2153,2153,15,N,N,-,-1,-1,HybridEvaluator=0.02630316410925616
WESLEY.txt-964,0,2059,2059,12,Y,N,-,-1,-1,HybridEvaluator=0.06795689937184775
THIRTY.txt-965,0,1013,1013,7,Y,N,-,-1,-1,HybridEvaluator=0.050482460391946295
WESLEY.txt-966,0,1234,1234,10,N,N,-,-1,-1,HybridEvaluator=0.023230566654863265
THIRTY.txt-967,0,654,654,4,N,N,-,-1,-1,HybridEvaluator=0.034383296860537774
WESLEY.txt-968,0,499,499,3,Y,N,-,-1,-1,HybridEvaluator=0.06280250016698756
THIRTY.txt-969,0,380,380,5,N,N,-,-1,-1,HybridEvaluator=0.014248204919008108
WESLEY.txt-970,0,359,359,4,N,N,-,-1,-1,HybridEvaluator=0.023091711465007842
THIRTY.txt-971,0,1132,1132,7,N,N,-,-1,-1,HybridEvaluator=0.034312167137731164
WESLEY.txt-972,0,1096,1096,10,N,N,-,-1,-1,HybridEvaluator=0.04217057071381279
THIRTY.txt-973,0,1046,1046,8,Y,N,-,-1,-1,HybridEvaluator=0.09058624162913288
WESLEY.txt-974,0,767,767,8,N,N,-,-1,-1,HybridEvaluator=0.0
THIRTY.txt-975,0,855,855,7,N,N,-,-1,-1,HybridEvaluator=0.045181979384626765
WESLEY.txt-976,0,1406,1406,12,N,N,-,-1,-1,HybridEvaluator=0.020396091860422166
THIRTY.txt-977,0,0,0,0,N,N,-,-1,-1,HybridEvaluator=NaN
WESLEY.txt-978,0,740,740,7,N,N,-,-1,-1,HybridEvaluator=0.03644938860218169
THIRTY.txt-979,0,749,749,5,Y,N,-,-1,-1,HybridEvaluator=0.0784660715393692
WESLEY.txt-980,0,399,399,3,N,N,-,-1,-1,HybridEvaluator=0.004930964866666667
TWOMEN.txt-981,0,307,307,3,N,N,-,-1,-1,HybridEvaluator=0.0
WESLEY.txt-982,0,114,114,1,N,N,-,-1,-1,HybridEvaluator=0.0
TWOMEN.txt-983,0,361,361,5,N,N,-,-1,-1,HybridEvaluator=0.04103047477787938
WESLEY.txt-984,0,352,352,6,N,N,-,-1,-1,HybridEvaluator=0.0
TWOMEN.txt-985,0,366,366,3,Y,N,-,-1,-1,HybridEvaluator=0.08703332031855585
WESLEY.txt-986,0,305,305,3,N,N,-,-1,-1,HybridEvaluator=0.014221047361691793
WESLEY.txt-987,0,2412,2412,29,N,N,-,-1,-1,HybridEvaluator=0.009948729675152243
WESLEY.txt-988,0,1605,1605,16,N,N,-,-1,-1,HybridEvaluator=0.02126857301147992
WESLEY.txt-989,0,981,981,6,N,N,-,-1,-1,HybridEvaluator=0.03354305858931975
WESLEY.txt-990,0,516,516,4,N,N,-,-1,-1,HybridEvaluator=0.009210716153300085
WESLEY.txt-991,0,507,507,3,N,N,-,-1,-1,HybridEvaluator=0.02086361847199732
WESLEY.txt-992,0,649,649,6,N,N,-,-1,-1,HybridEvaluator=0.01216821361907507
WESLEY.txt-993,0,417,417,4,N,N,-,-1,-1,HybridEvaluator=0.0
WESLEY.txt-994,0,794,794,14,N,N,-,-1,-1,HybridEvaluator=0.0038801035016393444
WESLEY.txt-995,0,624,624,10,N,N,-,-1,-1,HybridEvaluator=0.03453820039119039
WESLEY.txt-996,0,364,364,4,N,N,-,-1,-1,HybridEvaluator=0.0
WESLEY.txt-997,0,249,249,3,N,N,-,-1,-1,HybridEvaluator=0.029803888665305242
WESLEY.txt-998,0,175,175,3,N,N,-,-1,-1,HybridEvaluator=0.0
WESLEY.txt-999,0,2507,2507,22,N,N,-,-1,-1,HybridEvaluator=0.020810670516982797
1906127101.txt,0,34,34,1,Y,Y,1.0,0,34,HybridEvaluator=0.3034694691499074
249145043.txt,0,58,58,1,Y,Y,1.0,0,58,HybridEvaluator=0.2122584581375122
479737302.txt,0,81,81,1,N,Y,1.0,0,81,HybridEvaluator=0.0
829227391.txt,0,72,72,3,Y,Y,1.0,0,72,HybridEvaluator=0.1967634658018748
1090100747.txt,0,97,97,1,Y,Y,1.0,0,97,HybridEvaluator=0.16242430731654167
1917599613.txt,0,38,38,1,Y,Y,1.0,0,38,HybridEvaluator=0.43152504165967304
336291936.txt,0,60,60,1,N,Y,1.0,0,60,HybridEvaluator=0.0
817305386.txt,0,38,38,1,N,Y,1.0,0,38,HybridEvaluator=0.0
71808439.txt,0,37,37,1,Y,Y,1.0,0,37,HybridEvaluator=0.17000621557235718
1050907628.txt,0,102,102,1,Y,Y,1.0,0,102,HybridEvaluator=0.3134393095970154
543411512.txt,0,84,84,4,Y,Y,1.0,0,84,HybridEvaluator=0.0932927668094635
1625069618.txt,0,28,28,2,N,Y,1.0,0,28,HybridEvaluator=0.0
1055005792.txt,0,89,89,1,Y,Y,1.0,0,89,HybridEvaluator=0.28581403692563373
1410835761.txt,0,96,96,1,Y,Y,1.0,0,96,HybridEvaluator=0.07970379970290443
124675690.txt,0,92,92,1,Y,Y,1.0,0,92,HybridEvaluator=0.4510632795946939
166221188.txt,0,89,89,1,Y,Y,1.0,0,89,HybridEvaluator=0.06358525653680165
1912285298.txt,0,75,75,1,Y,Y,1.0,0,75,HybridEvaluator=0.26569648725645884
837393645.txt,0,83,83,1,N,Y,1.0,0,83,HybridEvaluator=0.0
490170894.txt,0,56,56,1,Y,Y,1.0,0,56,HybridEvaluator=0.08898727595806122
2048932710.txt,0,117,117,2,Y,Y,1.0,0,117,HybridEvaluator=0.08818557045676491
1116157589.txt,0,16,16,1,Y,Y,1.0,0,16,HybridEvaluator=0.24074579775333405
794455163.txt,0,65,65,1,Y,Y,1.0,0,65,HybridEvaluator=0.17853024005889892
168414694.txt,0,99,99,1,Y,Y,1.0,0,99,HybridEvaluator=0.10397786274552345
1194833286.txt,0,28,28,2,N,Y,1.0,0,28,HybridEvaluator=0.0
1492820718.txt,0,70,70,3,Y,Y,1.0,0,70,HybridEvaluator=0.05975257605314255
435736768.txt,0,103,103,1,Y,Y,1.0,0,103,HybridEvaluator=0.12249133092043533
1521942455.txt,0,71,71,3,Y,Y,1.0,0,71,HybridEvaluator=0.06300278504689534
1327299872.txt,0,85,85,1,N,Y,1.0,0,85,HybridEvaluator=0.0
1639382325.txt,0,57,57,1,Y,Y,1.0,0,57,HybridEvaluator=0.21047845482826233
141386568.txt,0,17,17,1,Y,Y,1.0,0,17,HybridEvaluator=0.24074579775333405
376989333.txt,0,108,108,1,Y,Y,1.0,0,108,HybridEvaluator=0.16725668058868365
1763448137.txt,0,86,86,1,Y,Y,1.0,0,86,HybridEvaluator=0.1414736807346344
1217297190.txt,0,88,88,1,N,Y,1.0,0,88,HybridEvaluator=0.0
549329040.txt,0,18,18,1,N,Y,1.0,0,18,HybridEvaluator=0.0
1197307810.txt,0,55,55,1,N,Y,1.0,0,55,HybridEvaluator=0.0
638890336.txt,0,103,103,1,Y,Y,1.0,0,103,HybridEvaluator=0.06018644943833351
336526612.txt,0,51,51,1,N,Y,1.0,0,51,HybridEvaluator=0.0
1433530772.txt,0,83,83,2,Y,Y,1.0,0,83,HybridEvaluator=0.13742717674800328
1295304438.txt,0,74,74,1,N,Y,1.0,0,74,HybridEvaluator=0.0
905133265.txt,0,81,81,2,Y,Y,1.0,0,81,HybridEvaluator=0.30074871083100635
1101294317.txt,0,98,98,1,Y,Y,1.0,0,98,HybridEvaluator=0.28530424407550264
917984261.txt,0,114,114,1,Y,Y,1.0,0,114,HybridEvaluator=0.3304643587836107
2056365119.txt,0,47,47,1,Y,Y,1.0,0,47,HybridEvaluator=0.09444668143987656
829153173.txt,0,70,70,1,Y,Y,1.0,0,70,HybridEvaluator=0.14986103773117065
977064266.txt,0,78,78,2,Y,Y,1.0,0,78,HybridEvaluator=0.06867362994293993
1538643031.txt,0,14,14,1,Y,Y,1.0,0,14,HybridEvaluator=0.24074579775333405
865151275.txt,0,82,82,1,N,Y,1.0,0,82,HybridEvaluator=0.0
99912870.txt,0,19,19,1,Y,Y,1.0,0,19,HybridEvaluator=0.24074579775333405
454983631.txt,0,74,74,1,Y,Y,1.0,0,74,HybridEvaluator=0.06878451364380973
156989652.txt,0,29,29,1,Y,Y,1.0,0,29,HybridEvaluator=0.24074579775333405
1723486702.txt,0,57,57,1,Y,Y,1.0,0,57,HybridEvaluator=0.26202635169029237
1827570849.txt,0,103,103,2,Y,Y,1.0,0,103,HybridEvaluator=0.08953627402132208
743755543.txt,0,98,98,1,Y,Y,1.0,0,98,HybridEvaluator=0.2579861283302307
280658528.txt,0,70,70,1,Y,Y,1.0,0,70,HybridEvaluator=0.09629831910133362
1461222666.txt,0,109,109,1,Y,Y,1.0,0,109,HybridEvaluator=0.09168634480900234
122300918.txt,0,58,58,1,Y,Y,1.0,0,58,HybridEvaluator=0.07877439260482788
568471981.txt,0,58,58,1,Y,Y,1.0,0,58,HybridEvaluator=0.159963587919871
154865153.txt,0,29,29,1,Y,Y,1.0,0,29,HybridEvaluator=0.3479750007390976
1896839694.txt,0,92,92,1,Y,Y,1.0,0,92,HybridEvaluator=0.14168616533279418
1289128238.txt,0,69,69,1,Y,Y,1.0,0,69,HybridEvaluator=0.14471774016107833
807836023.txt,0,95,95,2,Y,Y,1.0,0,95,HybridEvaluator=0.24862908199429512
1515668514.txt,0,62,62,1,N,Y,1.0,0,62,HybridEvaluator=0.0
484208840.txt,0,55,55,1,N,Y,1.0,0,55,HybridEvaluator=0.0
434081490.txt,0,39,39,1,N,Y,1.0,0,39,HybridEvaluator=0.0
1304430165.txt,0,75,75,1,Y,Y,1.0,0,75,HybridEvaluator=0.1650329828262329
588046867.txt,0,48,48,1,Y,Y,1.0,0,48,HybridEvaluator=0.20359231829643248
453544829.txt,0,67,67,1,Y,Y,1.0,0,67,HybridEvaluator=0.18853320181369781
666036092.txt,0,84,84,1,N,Y,1.0,0,84,HybridEvaluator=0.016906165257142856
192267690.txt,0,65,65,1,N,Y,1.0,0,65,HybridEvaluator=0.0
378030732.txt,0,63,63,2,N,Y,1.0,0,63,HybridEvaluator=0.0
440842105.txt,0,65,65,1,Y,Y,1.0,0,65,HybridEvaluator=0.17811779039246695
137898356.txt,0,46,46,1,Y,Y,1.0,0,46,HybridEvaluator=0.2961399555206299
813728667.txt,0,44,44,1,N,Y,1.0,0,44,HybridEvaluator=0.0
675246813.txt,0,87,87,1,Y,Y,1.0,0,87,HybridEvaluator=0.13840870062510172
154880001.txt,0,66,66,1,Y,Y,1.0,0,66,HybridEvaluator=0.2210089017947515
2098518127.txt,0,91,91,1,Y,Y,1.0,0,91,HybridEvaluator=0.16318925619125366
920269516.txt,0,64,64,1,N,Y,1.0,0,64,HybridEvaluator=0.0
1837273399.txt,0,91,91,1,Y,Y,1.0,0,91,HybridEvaluator=0.07046064436435699
1540070889.txt,0,29,29,1,N,Y,1.0,0,29,HybridEvaluator=0.0
2043097611.txt,0,120,120,2,Y,Y,1.0,0,120,HybridEvaluator=0.1827272673447927
369222185.txt,0,43,43,1,N,Y,1.0,0,43,HybridEvaluator=0.0
923367118.txt,0,108,108,1,Y,Y,1.0,0,108,HybridEvaluator=0.2484154457395727
1880226017.txt,0,85,85,2,Y,Y,1.0,0,85,HybridEvaluator=0.0543123015335628
560208101.txt,0,77,77,2,N,Y,1.0,0,77,HybridEvaluator=0.0
888768403.txt,0,82,82,4,Y,Y,1.0,0,82,HybridEvaluator=0.18529000878334045
1349529496.txt,0,58,58,2,Y,Y,1.0,0,58,HybridEvaluator=0.2646810829639435
2044812409.txt,0,93,93,1,Y,Y,1.0,0,93,HybridEvaluator=0.06018644943833351
1273073566.txt,0,124,124,1,Y,Y,1.0,0,124,HybridEvaluator=0.16598187759518623
1200068921.txt,0,72,72,1,Y,Y,1.0,0,72,HybridEvaluator=0.12163476943969727
279375634.txt,0,56,56,1,Y,Y,1.0,0,56,HybridEvaluator=0.3086014807224274
1114634343.txt,0,89,89,1,Y,Y,1.0,0,89,HybridEvaluator=0.14471774016107833
1545591581.txt,0,80,80,1,Y,Y,1.0,0,80,HybridEvaluator=0.1652519777417183
1220054661.txt,0,64,64,1,Y,Y,1.0,0,64,HybridEvaluator=0.11652676122529167
933673938.txt,0,91,91,2,Y,Y,1.0,0,91,HybridEvaluator=0.11030205339193344
1182298549.txt,0,61,61,1,Y,Y,1.0,0,61,HybridEvaluator=0.2159554898738861
73469031.txt,0,51,51,1,Y,Y,1.0,0,51,HybridEvaluator=0.1624269038438797
803688261.txt,0,119,119,1,N,Y,1.0,0,119,HybridEvaluator=0.0215169376
794934731.txt,0,25,25,1,Y,Y,1.0,0,25,HybridEvaluator=0.3093337118625641
751733266.txt,0,82,82,1,Y,Y,1.0,0,82,HybridEvaluator=0.09064483642578125
34755032.txt,0,80,80,1,Y,Y,1.0,0,80,HybridEvaluator=0.06827308535575867
10805352.txt,0,71,71,1,N,Y,1.0,0,71,HybridEvaluator=0.0
414721057.txt,0,58,58,1,N,Y,1.0,0,58,HybridEvaluator=0.0
965320884.txt,0,90,90,1,Y,Y,1.0,0,90,HybridEvaluator=0.18453096641061234
513313631.txt,0,20,20,1,Y,Y,1.0,0,20,HybridEvaluator=0.42485959827899933
228943563.txt,0,33,33,1,Y,Y,1.0,0,33,HybridEvaluator=0.25463996082544327
1379780066.txt,0,62,62,1,Y,Y,1.0,0,62,HybridEvaluator=0.09629831910133362
480282070.txt,0,75,75,2,Y,Y,1.0,0,75,HybridEvaluator=0.1451895572245121
1893128448.txt,0,105,105,1,Y,Y,1.0,0,105,HybridEvaluator=0.07353599670036282
517728904.txt,0,78,78,1,Y,Y,1.0,0,78,HybridEvaluator=0.11856871843338013
1571308986.txt,0,45,45,1,N,Y,1.0,0,45,HybridEvaluator=0.0
491650320.txt,0,98,98,1,N,Y,1.0,0,98,HybridEvaluator=0.0
1656241952.txt,0,66,66,1,Y,Y,1.0,0,66,HybridEvaluator=0.21207962036132813
1698049209.txt,0,69,69,2,Y,Y,1.0,0,69,HybridEvaluator=0.08635530869166057
1731030903.txt,0,55,55,2,Y,Y,1.0,0,55,HybridEvaluator=0.13979076345761618
959234183.txt,0,86,86,1,Y,Y,1.0,0,86,HybridEvaluator=0.16531976198988138
2143589787.txt,0,94,94,1,Y,Y,1.0,0,94,HybridEvaluator=0.1912046500614711
1887177571.txt,0,23,23,1,Y,Y,1.0,0,23,HybridEvaluator=0.1604971985022227
1843204707.txt,0,32,32,2,Y,Y,1.0,0,32,HybridEvaluator=0.09629831910133362
843331281.txt,0,21,21,1,N,Y,1.0,0,21,HybridEvaluator=0.0
426215623.txt,0,52,52,3,Y,Y,1.0,0,52,HybridEvaluator=0.1667746663093567
1250481554.txt,0,75,75,1,N,Y,1.0,0,75,HybridEvaluator=0.0
1557531270.txt,0,77,77,1,Y,Y,1.0,0,77,HybridEvaluator=0.21199516455332437
1023391406.txt,0,96,96,1,Y,Y,1.0,0,96,HybridEvaluator=0.11706671970231193
121735747.txt,0,47,47,1,Y,Y,1.0,0,47,HybridEvaluator=0.2561319410800934
2062963825.txt,0,74,74,2,Y,Y,1.0,0,74,HybridEvaluator=0.1860829336302621
1626888870.txt,0,142,142,1,Y,Y,1.0,0,142,HybridEvaluator=0.08754392645575783
143763042.txt,0,185,185,1,Y,Y,1.0,0,185,HybridEvaluator=0.06028822378108376
131310277.txt,0,157,157,1,Y,Y,1.0,0,157,HybridEvaluator=0.3598255068063736
1486467237.txt,0,135,135,1,Y,Y,1.0,0,135,HybridEvaluator=0.18012259223244406
1626433819.txt,0,210,210,1,Y,Y,1.0,0,210,HybridEvaluator=0.13398427070786045
1354644327.txt,0,217,217,1,Y,Y,1.0,0,217,HybridEvaluator=0.171197257543865
624369614.txt,0,222,222,1,Y,Y,1.0,0,222,HybridEvaluator=0.11846133858845842
1691243313.txt,0,138,138,1,Y,Y,1.0,0,138,HybridEvaluator=0.3210779279470444
1292351125.txt,0,157,157,1,Y,Y,1.0,0,157,HybridEvaluator=0.1474800189584856
518621148.txt,0,186,186,2,Y,Y,1.0,0,186,HybridEvaluator=0.07344478148039779
1957905146.txt,0,109,109,1,Y,Y,1.0,0,109,HybridEvaluator=0.09629831910133362
857972111.txt,0,92,92,1,N,Y,1.0,0,92,HybridEvaluator=0.0
2026674250.txt,0,224,224,1,Y,Y,1.0,0,224,HybridEvaluator=0.11954669169299059
1626181089.txt,0,187,187,2,Y,Y,1.0,0,187,HybridEvaluator=0.2331314322195555
1852971904.txt,0,217,217,2,Y,Y,1.0,0,217,HybridEvaluator=0.12265166938304901
841601852.txt,0,164,164,2,Y,Y,1.0,0,164,HybridEvaluator=0.12037289887666702
1850680587.txt,0,187,187,2,Y,Y,1.0,0,187,HybridEvaluator=0.07049712538719177
539694680.txt,0,151,151,1,Y,Y,1.0,0,151,HybridEvaluator=0.057522464381082154
1269196917.txt,0,194,194,1,Y,Y,1.0,0,194,HybridEvaluator=0.22195269679919086
351181593.txt,0,105,105,4,N,Y,1.0,0,105,HybridEvaluator=0.0
155941407.txt,0,186,186,1,Y,Y,1.0,0,186,HybridEvaluator=0.1889160658632006
716660611.txt,0,140,140,1,Y,Y,1.0,0,140,HybridEvaluator=0.1517120808549497
141334559.txt,0,145,145,1,Y,Y,1.0,0,145,HybridEvaluator=0.14600719626133257
1846698875.txt,0,168,168,1,Y,Y,1.0,0,168,HybridEvaluator=0.1644244969051032
1420201719.txt,0,186,186,3,Y,Y,1.0,0,186,HybridEvaluator=0.07417238131165504
209682355.txt,0,175,175,1,Y,Y,1.0,0,175,HybridEvaluator=0.1480226147324064
79740994.txt,0,181,181,1,Y,Y,1.0,0,181,HybridEvaluator=0.09433872997760773
1564163716.txt,0,153,153,1,Y,Y,1.0,0,153,HybridEvaluator=0.09633068443743686
989451803.txt,0,96,96,2,Y,Y,1.0,0,96,HybridEvaluator=0.2590719312429428
247344206.txt,0,113,113,1,Y,Y,1.0,0,113,HybridEvaluator=0.13268107548356056
609448480.txt,0,163,163,1,Y,Y,1.0,0,163,HybridEvaluator=0.2138906832412118
1314982199.txt,0,146,146,1,Y,Y,1.0,0,146,HybridEvaluator=0.08781046739646367
1382583609.txt,0,197,197,1,Y,Y,1.0,0,197,HybridEvaluator=0.23298151777970072
1875808409.txt,0,107,107,1,Y,Y,1.0,0,107,HybridEvaluator=0.10691852867603302
453969823.txt,0,97,97,1,Y,Y,1.0,0,97,HybridEvaluator=0.12037289887666702
2088104838.txt,0,140,140,1,Y,Y,1.0,0,140,HybridEvaluator=0.17637728580406734
1688849784.txt,0,181,181,1,Y,Y,1.0,0,181,HybridEvaluator=0.10054083863894145
981151777.txt,0,131,131,2,Y,Y,1.0,0,131,HybridEvaluator=0.17972474098205565
742409004.txt,0,119,119,3,Y,Y,1.0,0,119,HybridEvaluator=0.1904892712831497
1503147711.txt,0,124,124,2,Y,Y,1.0,0,124,HybridEvaluator=0.0730298486622897
503981832.txt,0,173,173,1,Y,Y,1.0,0,173,HybridEvaluator=0.09231685660779476
759000705.txt,0,171,171,1,Y,Y,1.0,0,171,HybridEvaluator=0.1404531034430737
761637210.txt,0,157,157,2,Y,Y,1.0,0,157,HybridEvaluator=0.08159578243891398
1901353195.txt,0,149,149,1,Y,Y,1.0,0,149,HybridEvaluator=0.18089601498720778
1664832226.txt,0,119,119,2,Y,Y,1.0,0,119,HybridEvaluator=0.1114169900066319
869026884.txt,0,148,148,1,Y,Y,1.0,0,148,HybridEvaluator=0.16724783268892537
1725236257.txt,0,162,162,1,N,Y,1.0,0,162,HybridEvaluator=0.038348405194995355
15003025.txt,0,129,129,1,Y,Y,1.0,0,129,HybridEvaluator=0.14213885366916656
593745240.txt,0,168,168,2,Y,Y,1.0,0,168,HybridEvaluator=0.14719715994101948
642936684.txt,0,171,171,2,Y,Y,1.0,0,171,HybridEvaluator=0.10532666616676309
1625280045.txt,0,124,124,3,Y,Y,1.0,0,124,HybridEvaluator=0.18700881898403168
830141874.txt,0,122,122,2,Y,Y,1.0,0,122,HybridEvaluator=0.054686774810155235
1463142463.txt,0,150,150,2,Y,Y,1.0,0,150,HybridEvaluator=0.2532860659635984
794361999.txt,0,86,86,1,Y,Y,1.0,0,86,HybridEvaluator=0.06878451364380973
1902334801.txt,0,182,182,1,Y,Y,1.0,0,182,HybridEvaluator=0.26509400768085695
1219803014.txt,0,196,196,2,Y,Y,1.0,0,196,HybridEvaluator=0.0876516052236377
186624419.txt,0,138,138,1,Y,Y,1.0,0,138,HybridEvaluator=0.1392183785823756
2126374616.txt,0,169,169,2,N,Y,1.0,0,169,HybridEvaluator=0.0
326196689.txt,0,133,133,2,Y,Y,1.0,0,133,HybridEvaluator=0.22533979876112695
866342641.txt,0,211,211,1,Y,Y,1.0,0,211,HybridEvaluator=0.1377214020804355
1677431324.txt,0,187,187,1,Y,Y,1.0,0,187,HybridEvaluator=0.15068289085692793
1058170530.txt,0,139,139,1,Y,Y,1.0,0,139,HybridEvaluator=0.09089850983895593
1591654261.txt,0,174,174,2,Y,Y,1.0,0,174,HybridEvaluator=0.1486799582293288
1300117783.txt,0,159,159,3,Y,Y,1.0,0,159,HybridEvaluator=0.04814915955066681
1502895802.txt,0,138,138,1,Y,Y,1.0,0,138,HybridEvaluator=0.20547598787230223
1098089677.txt,0,154,154,1,Y,Y,1.0,0,154,HybridEvaluator=0.1395198538097553
28124169.txt,0,208,208,1,Y,Y,1.0,0,208,HybridEvaluator=0.08347745638342523
1832695346.txt,0,125,125,1,Y,Y,1.0,0,125,HybridEvaluator=0.15388906747102737
755533611.txt,0,183,183,2,Y,Y,1.0,0,183,HybridEvaluator=0.059593447617122104
678196784.txt,0,115,115,1,Y,Y,1.0,0,115,HybridEvaluator=0.3008559833873402
1808130929.txt,0,180,180,1,Y,Y,1.0,0,180,HybridEvaluator=0.08073018754229826
1314324722.txt,0,135,135,1,Y,Y,1.0,0,135,HybridEvaluator=0.18843249678611756
32106622.txt,0,177,177,2,Y,Y,1.0,0,177,HybridEvaluator=0.16070261398951213
178591676.txt,0,159,159,1,Y,Y,1.0,0,159,HybridEvaluator=0.0721936325232188
758806225.txt,0,125,125,3,N,Y,1.0,0,125,HybridEvaluator=0.043771963227878914
1502516431.txt,0,147,147,1,Y,Y,1.0,0,147,HybridEvaluator=0.10934334993362427
1568891517.txt,0,152,152,2,Y,Y,1.0,0,152,HybridEvaluator=0.18667072852452596
1596085103.txt,0,118,118,1,Y,Y,1.0,0,118,HybridEvaluator=0.06878451364380973
233294772.txt,0,115,115,1,Y,Y,1.0,0,115,HybridEvaluator=0.06878451364380973
1272962840.txt,0,113,113,1,Y,Y,1.0,0,113,HybridEvaluator=0.12910134717822075
1116056160.txt,0,161,161,3,Y,Y,1.0,0,161,HybridEvaluator=0.09566280245780945
2065261348.txt,0,135,135,1,Y,Y,1.0,0,135,HybridEvaluator=0.08379298691458067
1390516796.txt,0,179,179,1,Y,Y,1.0,0,179,HybridEvaluator=0.14694489021326007
124435369.txt,0,201,201,1,Y,Y,1.0,0,201,HybridEvaluator=0.13398433736674242
1223577292.txt,0,165,165,1,Y,Y,1.0,0,165,HybridEvaluator=0.15723685117868277
1512288905.txt,0,138,138,1,Y,Y,1.0,0,138,HybridEvaluator=0.20186354480158603
2013740023.txt,0,120,120,1,Y,Y,1.0,0,120,HybridEvaluator=0.23898267988867125
983773724.txt,0,186,186,1,Y,Y,1.0,0,186,HybridEvaluator=0.06951179599537728
630145947.txt,0,143,143,1,Y,Y,1.0,0,143,HybridEvaluator=0.10867916213141547
1109143300.txt,0,210,210,2,N,Y,1.0,0,210,HybridEvaluator=0.028323035029804006
2137794265.txt,0,180,180,2,Y,Y,1.0,0,180,HybridEvaluator=0.0819973988192422
1046835991.txt,0,157,157,1,N,Y,1.0,0,157,HybridEvaluator=0.032099439700444536
767370779.txt,0,94,94,2,N,Y,1.0,0,94,HybridEvaluator=0.0
852256286.txt,0,148,148,2,Y,Y,1.0,0,148,HybridEvaluator=0.13856014013290405
1740794016.txt,0,104,104,3,N,Y,1.0,0,104,HybridEvaluator=0.041592190663019814
441525121.txt,0,154,154,1,N,Y,1.0,0,154,HybridEvaluator=0.043771963227878914
1492021090.txt,0,122,122,1,Y,Y,1.0,0,122,HybridEvaluator=0.3272721979601878
543656440.txt,0,190,190,2,Y,Y,1.0,0,190,HybridEvaluator=0.10513674873861019
1462648469.txt,0,222,222,1,Y,Y,1.0,0,222,HybridEvaluator=0.1362023424323754
507228093.txt,0,187,187,2,Y,Y,1.0,0,187,HybridEvaluator=0.1449034829934438
110904148.txt,0,184,184,2,Y,Y,1.0,0,184,HybridEvaluator=0.09314735847360947
211652762.txt,0,151,151,1,Y,Y,1.0,0,151,HybridEvaluator=0.1686936542391777
2061686004.txt,0,115,115,1,N,Y,1.0,0,115,HybridEvaluator=0.0
1847835119.txt,0,110,110,2,Y,Y,1.0,0,110,HybridEvaluator=0.09011052898444467
646092278.txt,0,124,124,2,Y,Y,1.0,0,124,HybridEvaluator=0.16852734817398918
38526840.txt,0,171,171,3,N,Y,1.0,0,171,HybridEvaluator=0.02860090136528015
1264987950.txt,0,143,143,1,Y,Y,1.0,0,143,HybridEvaluator=0.191911111275355
392766455.txt,0,134,134,1,Y,Y,1.0,0,134,HybridEvaluator=0.13485216976704387
1065428902.txt,0,152,152,2,Y,Y,1.0,0,152,HybridEvaluator=0.12038139253854752
355553558.txt,0,183,183,1,Y,Y,1.0,0,183,HybridEvaluator=0.19392933981705507
2104389498.txt,0,133,133,3,Y,Y,1.0,0,133,HybridEvaluator=0.3640178089792078
1736494668.txt,0,128,128,1,Y,Y,1.0,0,128,HybridEvaluator=0.11637529824218139
1873128838.txt,0,156,156,1,Y,Y,1.0,0,156,HybridEvaluator=0.2050282391390226
1463250390.txt,0,150,150,1,Y,Y,1.0,0,150,HybridEvaluator=0.1789807927003334
155417893.txt,0,209,209,2,Y,Y,1.0,0,209,HybridEvaluator=0.18358775415361547
1065916682.txt,0,186,186,2,Y,Y,1.0,0,186,HybridEvaluator=0.16072415379602203
1174292615.txt,0,169,169,1,Y,Y,1.0,0,169,HybridEvaluator=0.1090884939255804
1099436936.txt,0,156,156,1,Y,Y,1.0,0,156,HybridEvaluator=0.11344934051687067
2027016761.txt,0,159,159,1,Y,Y,1.0,0,159,HybridEvaluator=0.1551550583609422
1345577254.txt,0,162,162,1,Y,Y,1.0,0,162,HybridEvaluator=0.22824580207054967
1298694282.txt,0,207,207,3,Y,Y,1.0,0,207,HybridEvaluator=0.09634137815899319
1036118445.txt,0,137,137,3,Y,Y,1.0,0,137,HybridEvaluator=0.11863415057842548
1224600159.txt,0,113,113,3,Y,Y,1.0,0,113,HybridEvaluator=0.12203835447629292
838390155.txt,0,112,112,1,Y,Y,1.0,0,112,HybridEvaluator=0.3087697885930538
1250620086.txt,0,199,199,2,Y,Y,1.0,0,199,HybridEvaluator=0.10474502557425003
1699461517.txt,0,229,229,2,Y,Y,1.0,0,229,HybridEvaluator=0.10270754814147949
1129314177.txt,0,242,242,1,Y,Y,1.0,0,242,HybridEvaluator=0.10575407807373834
1316355274.txt,0,289,289,2,Y,Y,1.0,0,289,HybridEvaluator=0.2035555378347777
1226840095.txt,0,293,293,1,N,Y,1.0,0,293,HybridEvaluator=0.0
1392267231.txt,0,334,334,1,Y,Y,1.0,0,334,HybridEvaluator=0.1382292725239085
819224912.txt,0,220,220,2,Y,Y,1.0,0,220,HybridEvaluator=0.2034170389175415
1486062495.txt,0,244,244,3,Y,Y,1.0,0,244,HybridEvaluator=0.0635122603289946
1584947054.txt,0,283,283,3,Y,Y,1.0,0,283,HybridEvaluator=0.04926067739725113
38249504.txt,0,224,224,1,N,Y,1.0,0,224,HybridEvaluator=0.033324152905926004
819708798.txt,0,295,295,1,Y,Y,1.0,0,295,HybridEvaluator=0.1322672291337237
409599197.txt,0,219,219,2,Y,Y,1.0,0,219,HybridEvaluator=0.1095853245370253
1097483789.txt,0,246,246,1,Y,Y,1.0,0,246,HybridEvaluator=0.24890413086685528
1478470140.txt,0,246,246,2,Y,Y,1.0,0,246,HybridEvaluator=0.14271979530652365
875662466.txt,0,314,314,2,Y,Y,1.0,0,314,HybridEvaluator=0.07696002721786499
1388803170.txt,0,282,282,3,N,Y,1.0,0,282,HybridEvaluator=0.030938457875024705
500149618.txt,0,207,207,1,Y,Y,1.0,0,207,HybridEvaluator=0.10127124271295654
211889955.txt,0,337,337,2,Y,Y,1.0,0,337,HybridEvaluator=0.3155432268977165
1993861200.txt,0,299,299,3,Y,Y,1.0,0,299,HybridEvaluator=0.1592095146358274
1832941579.txt,0,337,337,3,Y,Y,1.0,0,337,HybridEvaluator=0.16702029727154255
947359820.txt,0,300,300,2,Y,Y,1.0,0,300,HybridEvaluator=0.07035384613734025
2006014169.txt,0,244,244,1,Y,Y,1.0,0,244,HybridEvaluator=0.050992235379203166
1263933835.txt,0,352,352,2,Y,Y,1.0,0,352,HybridEvaluator=0.24208775931789028
1748944326.txt,0,232,232,2,Y,Y,1.0,0,232,HybridEvaluator=0.11428076924137098
2087341794.txt,0,316,316,3,Y,Y,1.0,0,316,HybridEvaluator=0.18246687459893624
366491806.txt,0,371,371,1,N,Y,1.0,0,371,HybridEvaluator=0.030412004462310245
2130689711.txt,0,316,316,1,Y,Y,1.0,0,316,HybridEvaluator=0.21451700777748095
175966903.txt,0,203,203,2,Y,Y,1.0,0,203,HybridEvaluator=0.31222558447292875
329039346.txt,0,351,351,1,Y,Y,1.0,0,351,HybridEvaluator=0.08475192127752816
1854910526.txt,0,278,278,2,Y,Y,1.0,0,278,HybridEvaluator=0.12907109033893255
520176784.txt,0,324,324,1,Y,Y,1.0,0,324,HybridEvaluator=0.09584659295591454
659298650.txt,0,320,320,1,Y,Y,1.0,0,320,HybridEvaluator=0.2263809902028284
1014191483.txt,0,206,206,2,Y,Y,1.0,0,206,HybridEvaluator=0.25073242001235485
839384064.txt,0,319,319,3,Y,Y,1.0,0,319,HybridEvaluator=0.07774398855867509
577500121.txt,0,316,316,2,Y,Y,1.0,0,316,HybridEvaluator=0.06571711301803589
1586812807.txt,0,180,180,2,Y,Y,1.0,0,180,HybridEvaluator=0.11309944788614909
696054966.txt,0,253,253,3,Y,Y,1.0,0,253,HybridEvaluator=0.25302373231576525
2042841696.txt,0,259,259,1,N,Y,1.0,0,259,HybridEvaluator=0.04221238195896149
2006366740.txt,0,341,341,1,Y,Y,1.0,0,341,HybridEvaluator=0.12074945535951924
1806750546.txt,0,218,218,2,Y,Y,1.0,0,218,HybridEvaluator=0.0976058840751648
2069843516.txt,0,198,198,2,N,Y,1.0,0,198,HybridEvaluator=0.0
1562532971.txt,0,326,326,1,Y,Y,1.0,0,326,HybridEvaluator=0.14538161848720751
1048006143.txt,0,190,190,1,N,Y,1.0,0,190,HybridEvaluator=0.032099439700444536
1281010187.txt,0,375,375,2,Y,Y,1.0,0,375,HybridEvaluator=0.18617228310919937
1681650035.txt,0,191,191,4,Y,Y,1.0,0,191,HybridEvaluator=0.06104476836645377
1304110205.txt,0,243,243,2,Y,Y,1.0,0,243,HybridEvaluator=0.049173170363483946
895267863.txt,0,174,174,1,N,Y,1.0,0,174,HybridEvaluator=0.03703781503897447
403645113.txt,0,296,296,1,Y,Y,1.0,0,296,HybridEvaluator=0.1883750513232557
800712059.txt,0,269,269,4,Y,Y,1.0,0,269,HybridEvaluator=0.09879527067038149
1955854227.txt,0,365,365,2,Y,Y,1.0,0,365,HybridEvaluator=0.1709457126716978
1477406284.txt,0,271,271,1,Y,Y,1.0,0,271,HybridEvaluator=0.09210190035047985
1822878079.txt,0,180,180,3,Y,Y,1.0,0,180,HybridEvaluator=0.0540725120476314
1756316463.txt,0,351,351,3,Y,Y,1.0,0,351,HybridEvaluator=0.2309579998254776
836533049.txt,0,248,248,1,Y,Y,1.0,0,248,HybridEvaluator=0.09304763004837314
671079366.txt,0,366,366,1,Y,Y,1.0,0,366,HybridEvaluator=0.20352800135320984
1030641287.txt,0,240,240,2,Y,Y,1.0,0,240,HybridEvaluator=0.13573004703970573
1219872239.txt,0,301,301,4,Y,Y,1.0,0,301,HybridEvaluator=0.08104938786962758
1257626775.txt,0,224,224,2,Y,Y,1.0,0,224,HybridEvaluator=0.059955484591997586
87181722.txt,0,236,236,1,Y,Y,1.0,0,236,HybridEvaluator=0.31840258748458466
1432913550.txt,0,263,263,1,Y,Y,1.0,0,263,HybridEvaluator=0.18748352947089356
1472822304.txt,0,234,234,3,Y,Y,1.0,0,234,HybridEvaluator=0.21344414703986225
122761444.txt,0,381,381,1,Y,Y,1.0,0,381,HybridEvaluator=0.2994684982146698
298477729.txt,0,287,287,2,Y,Y,1.0,0,287,HybridEvaluator=0.11835039050682732
63125881.txt,0,292,292,1,N,Y,1.0,0,292,HybridEvaluator=0.0
862357696.txt,0,331,331,3,Y,Y,1.0,0,331,HybridEvaluator=0.19884334845277962
97502438.txt,0,270,270,2,Y,Y,1.0,0,270,HybridEvaluator=0.1640659195408551
1811794359.txt,0,264,264,1,Y,Y,1.0,0,264,HybridEvaluator=0.06614855402394344
974068668.txt,0,272,272,3,Y,Y,1.0,0,272,HybridEvaluator=0.1144987510310279
1489799086.txt,0,347,347,2,Y,Y,1.0,0,347,HybridEvaluator=0.08760212679161777
1708559978.txt,0,182,182,1,Y,Y,1.0,0,182,HybridEvaluator=0.21670268658180952
456672379.txt,0,274,274,1,Y,Y,1.0,0,274,HybridEvaluator=0.10208155001912798
1721811772.txt,0,283,283,1,Y,Y,1.0,0,283,HybridEvaluator=0.19919156685474965
1516615898.txt,0,375,375,1,Y,Y,1.0,0,375,HybridEvaluator=0.2994684982146698
1963033164.txt,0,211,211,2,Y,Y,1.0,0,211,HybridEvaluator=0.06847666187761625
1924349332.txt,0,230,230,1,Y,Y,1.0,0,230,HybridEvaluator=0.14110971502177172
1932269551.txt,0,280,280,1,Y,Y,1.0,0,280,HybridEvaluator=0.17988554491418118
851316027.txt,0,323,323,1,Y,Y,1.0,0,323,HybridEvaluator=0.1719676336492155
1142234257.txt,0,281,281,4,Y,Y,1.0,0,281,HybridEvaluator=0.1653542532162233
1920893132.txt,0,206,206,3,Y,Y,1.0,0,206,HybridEvaluator=0.12240544649270865
1889791907.txt,0,259,259,1,Y,Y,1.0,0,259,HybridEvaluator=0.12300381987612609
360017253.txt,0,251,251,3,Y,Y,1.0,0,251,HybridEvaluator=0.14997081671442306
1455207093.txt,0,325,325,2,Y,Y,1.0,0,325,HybridEvaluator=0.09405183379419714
1132389422.txt,0,199,199,2,Y,Y,1.0,0,199,HybridEvaluator=0.06310942035391379
622491985.txt,0,229,229,2,Y,Y,1.0,0,229,HybridEvaluator=0.16724350303411484
993188268.txt,0,288,288,1,N,Y,1.0,0,288,HybridEvaluator=0.03703781503897447
1596981888.txt,0,226,226,1,Y,Y,1.0,0,226,HybridEvaluator=0.22497927266008713
77971529.txt,0,187,187,1,Y,Y,1.0,0,187,HybridEvaluator=0.13563804906112142
461936248.txt,0,250,250,1,Y,Y,1.0,0,250,HybridEvaluator=0.10218411568184615
294514008.txt,0,246,246,2,Y,Y,1.0,0,246,HybridEvaluator=0.3026811829321249
313794795.txt,0,239,239,1,Y,Y,1.0,0,239,HybridEvaluator=0.09955337388449116
488910557.txt,0,214,214,1,Y,Y,1.0,0,214,HybridEvaluator=0.18825580542812514
920340728.txt,0,201,201,1,Y,Y,1.0,0,201,HybridEvaluator=0.08947250247001648
186199451.txt,0,226,226,2,Y,Y,1.0,0,226,HybridEvaluator=0.16268978516260782
1298719281.txt,0,318,318,1,Y,Y,1.0,0,318,HybridEvaluator=0.23775624284972596
324280408.txt,0,318,318,3,Y,Y,1.0,0,318,HybridEvaluator=0.07999860670108465
1162322014.txt,0,222,222,4,Y,Y,1.0,0,222,HybridEvaluator=0.23979747743813495
537902737.txt,0,201,201,1,Y,Y,1.0,0,201,HybridEvaluator=0.15795809692855384
1356772753.txt,0,229,229,2,N,Y,1.0,0,229,HybridEvaluator=0.0053792344
289824673.txt,0,280,280,2,Y,Y,1.0,0,280,HybridEvaluator=0.1323265709762017
1708844150.txt,0,204,204,2,Y,Y,1.0,0,204,HybridEvaluator=0.08300969179938822
1193936428.txt,0,323,323,2,Y,Y,1.0,0,323,HybridEvaluator=0.1844511981745331
2018898739.txt,0,202,202,2,Y,Y,1.0,0,202,HybridEvaluator=0.07280102722785052
80719229.txt,0,243,243,2,Y,Y,1.0,0,243,HybridEvaluator=0.26681803754821376
480757181.txt,0,255,255,1,Y,Y,1.0,0,255,HybridEvaluator=0.17422045136281167
1971440362.txt,0,248,248,2,Y,Y,1.0,0,248,HybridEvaluator=0.23542134726748748
1105647644.txt,0,233,233,2,Y,Y,1.0,0,233,HybridEvaluator=0.07830997507843367
1418900333.txt,0,354,354,1,Y,Y,1.0,0,354,HybridEvaluator=0.07840342751542681
962376142.txt,0,282,282,2,Y,Y,1.0,0,282,HybridEvaluator=0.18039064545866143
1878400630.txt,0,261,261,2,Y,Y,1.0,0,261,HybridEvaluator=0.08939529955387115
1695156582.txt,0,286,286,1,Y,Y,1.0,0,286,HybridEvaluator=0.21950211860540136
1118878382.txt,0,329,329,3,N,Y,1.0,0,329,HybridEvaluator=0.02264503389596939
60477372.txt,0,324,324,3,N,Y,1.0,0,324,HybridEvaluator=0.0
1042739018.txt,0,191,191,1,Y,Y,1.0,0,191,HybridEvaluator=0.1734503266008545
1841532666.txt,0,230,230,1,Y,Y,1.0,0,230,HybridEvaluator=0.20985954148428781
45241293.txt,0,195,195,1,Y,Y,1.0,0,195,HybridEvaluator=0.12469862488233817
1893896056.txt,0,250,250,1,N,Y,1.0,0,250,HybridEvaluator=0.03962562643492595
1394740663.txt,0,259,259,2,Y,Y,1.0,0,259,HybridEvaluator=0.07720661610364914
622414473.txt,0,236,236,3,Y,Y,1.0,0,236,HybridEvaluator=0.1573362836712285
995959125.txt,0,266,266,3,Y,Y,1.0,0,266,HybridEvaluator=0.28147746740153423
824203892.txt,0,344,344,3,Y,Y,1.0,0,344,HybridEvaluator=0.0502168787659652
335162724.txt,0,203,203,1,Y,Y,1.0,0,203,HybridEvaluator=0.18216995894908905
1822090385.txt,0,262,262,1,N,Y,1.0,0,262,HybridEvaluator=0.024716190993785858
2133032205.txt,0,302,302,2,Y,Y,1.0,0,302,HybridEvaluator=0.18057636510242114
1240018247.txt,0,272,272,1,Y,Y,1.0,0,272,HybridEvaluator=0.1535458889874545
375984490.txt,0,220,220,2,Y,Y,1.0,0,220,HybridEvaluator=0.1646818220615387
1583567790.txt,0,341,341,1,Y,Y,1.0,0,341,HybridEvaluator=0.12373761535551793
1510693563.txt,0,1596,1596,9,Y,Y,1.0,0,1596,HybridEvaluator=0.049021933416870396
259582515.txt,0,302,302,2,Y,Y,1.0,0,302,HybridEvaluator=0.20488416256385777
1399970592.txt,0,333,333,6,N,Y,1.0,0,333,HybridEvaluator=0.027775286563805172
1825918256.txt,0,471,471,4,Y,Y,1.0,0,471,HybridEvaluator=0.054807396496043485
462364750.txt,0,395,395,1,Y,Y,1.0,0,395,HybridEvaluator=0.1483899486064911
1433384518.txt,0,378,378,8,Y,Y,1.0,0,378,HybridEvaluator=0.117086421251297
412690939.txt,0,774,774,5,Y,Y,1.0,0,774,HybridEvaluator=0.15737225639162142
1824567832.txt,0,1225,1225,2,Y,Y,1.0,0,1225,HybridEvaluator=0.13214116766428213
1087818839.txt,0,397,397,1,N,Y,1.0,0,397,HybridEvaluator=0.03493587563934736
65399068.txt,0,386,386,2,Y,Y,1.0,0,386,HybridEvaluator=0.10320560948873769
277341046.txt,0,416,416,5,Y,Y,1.0,0,416,HybridEvaluator=0.14987293681865557
1071241040.txt,0,412,412,2,Y,Y,1.0,0,412,HybridEvaluator=0.1138235288466621
1911858324.txt,0,358,358,4,Y,Y,1.0,0,358,HybridEvaluator=0.12354021669233584
1628022971.txt,0,717,717,3,Y,Y,1.0,0,717,HybridEvaluator=0.06229546824436248
652649151.txt,0,511,511,2,Y,Y,1.0,0,511,HybridEvaluator=0.08944155546751889
982821239.txt,0,366,366,2,Y,Y,1.0,0,366,HybridEvaluator=0.10778921511438158
1800497706.txt,0,824,824,5,Y,Y,1.0,0,824,HybridEvaluator=0.09502824646113052
1592609448.txt,0,589,589,5,Y,Y,1.0,0,589,HybridEvaluator=0.08165238435432146
863899618.txt,0,629,629,2,Y,Y,1.0,0,629,HybridEvaluator=0.05680399988427551
52814086.txt,0,484,484,7,N,Y,1.0,0,484,HybridEvaluator=0.04416087354932512
1847242006.txt,0,390,390,4,Y,Y,1.0,0,390,HybridEvaluator=0.049129988308306095
1450814193.txt,0,321,321,7,Y,Y,1.0,0,321,HybridEvaluator=0.0875956742536454
566068503.txt,0,1069,1069,3,Y,Y,1.0,0,1069,HybridEvaluator=0.04598995727061892
739249516.txt,0,320,320,2,N,Y,1.0,0,320,HybridEvaluator=0.03703781503897447
2090548356.txt,0,413,413,5,Y,Y,1.0,0,413,HybridEvaluator=0.21747432316344964
953302879.txt,0,577,577,6,N,Y,1.0,0,577,HybridEvaluator=0.038933871686458586
1476027312.txt,0,332,332,5,Y,Y,1.0,0,332,HybridEvaluator=0.0967776154478391
1535282356.txt,0,310,310,4,N,Y,1.0,0,310,HybridEvaluator=0.040753600918094664
156439954.txt,0,560,560,4,Y,Y,1.0,0,560,HybridEvaluator=0.14483722671866417
878490248.txt,0,512,512,4,Y,Y,1.0,0,512,HybridEvaluator=0.10491923491160075
1597016585.txt,0,457,457,2,Y,Y,1.0,0,457,HybridEvaluator=0.07872055110767558
1732978956.txt,0,556,556,3,Y,Y,1.0,0,556,HybridEvaluator=0.1614828084842486
555813006.txt,0,423,423,3,Y,Y,1.0,0,423,HybridEvaluator=0.18550378779570262
929633922.txt,0,1200,1200,6,Y,Y,1.0,0,1200,HybridEvaluator=0.11608266055508042
1909180386.txt,0,378,378,1,Y,Y,1.0,0,378,HybridEvaluator=0.19902821926211872
497372931.txt,0,441,441,2,Y,Y,1.0,0,441,HybridEvaluator=0.18506369731663863
737051528.txt,0,805,805,11,Y,Y,1.0,0,805,HybridEvaluator=0.0826236808587699
1551809521.txt,0,748,748,12,Y,Y,1.0,0,748,HybridEvaluator=0.08093513662998493
1272019470.txt,0,405,405,4,Y,Y,1.0,0,405,HybridEvaluator=0.09945935606956482
930039940.txt,0,1130,1130,6,Y,Y,1.0,0,1130,HybridEvaluator=0.14719325381551196
585132129.txt,0,453,453,2,Y,Y,1.0,0,453,HybridEvaluator=0.1347396858036518
580331089.txt,0,752,752,1,Y,Y,1.0,0,752,HybridEvaluator=0.19134512251276245
1861487365.txt,0,600,600,2,Y,Y,1.0,0,600,HybridEvaluator=0.047631207580937744
1338708344.txt,0,1047,1047,6,N,Y,1.0,0,1047,HybridEvaluator=0.03262493126194552
2023642821.txt,0,804,804,4,Y,Y,1.0,0,804,HybridEvaluator=0.09331802139948552
1939575942.txt,0,348,348,6,Y,Y,1.0,0,348,HybridEvaluator=0.13520097575689616
6822249.txt,0,362,362,3,Y,Y,1.0,0,362,HybridEvaluator=0.14226731062734865
1785512944.txt,0,543,543,2,Y,Y,1.0,0,543,HybridEvaluator=0.09772100159307406
719471715.txt,0,425,425,2,N,Y,1.0,0,425,HybridEvaluator=0.00369822365
1463471849.txt,0,349,349,3,Y,Y,1.0,0,349,HybridEvaluator=0.10132783651351929
1024033339.txt,0,628,628,6,Y,Y,1.0,0,628,HybridEvaluator=0.04822310948819574
362516558.txt,0,540,540,2,Y,Y,1.0,0,540,HybridEvaluator=0.19972162455668413
18160526.txt,0,497,497,4,Y,Y,1.0,0,497,HybridEvaluator=0.08767441966350722
1062043074.txt,0,420,420,3,Y,Y,1.0,0,420,HybridEvaluator=0.1604020612329375
1350926432.txt,0,437,437,3,Y,Y,1.0,0,437,HybridEvaluator=0.09499916644023498
1635713703.txt,0,488,488,2,Y,Y,1.0,0,488,HybridEvaluator=0.1352375639572513
944437826.txt,0,387,387,6,N,Y,1.0,0,387,HybridEvaluator=0.026416715569817457
2079021714.txt,0,614,614,6,Y,Y,1.0,0,614,HybridEvaluator=0.06394155278141092
550173731.txt,0,592,592,3,Y,Y,1.0,0,592,HybridEvaluator=0.1299462442958697
140569197.txt,0,286,286,4,Y,Y,1.0,0,286,HybridEvaluator=0.15948411623636882
1306274632.txt,0,445,445,3,N,Y,1.0,0,445,HybridEvaluator=0.04490490309123335
696097012.txt,0,749,749,2,Y,Y,1.0,0,749,HybridEvaluator=0.10711274913039567
196193024.txt,0,347,347,1,Y,Y,1.0,0,347,HybridEvaluator=0.06341377498263108
186790925.txt,0,623,623,4,Y,Y,1.0,0,623,HybridEvaluator=0.24720368353210304
1945023410.txt,0,464,464,2,Y,Y,1.0,0,464,HybridEvaluator=0.20503968918472074
367726861.txt,0,309,309,2,N,Y,1.0,0,309,HybridEvaluator=0.020983800172172083
1709156718.txt,0,362,362,3,Y,Y,1.0,0,362,HybridEvaluator=0.07197357757550364
1780958619.txt,0,798,798,5,Y,Y,1.0,0,798,HybridEvaluator=0.18920321066547532
1647317116.txt,0,328,328,3,Y,Y,1.0,0,328,HybridEvaluator=0.05843763766670778
843182027.txt,0,718,718,8,N,Y,1.0,0,718,HybridEvaluator=0.03778972776609395
345409578.txt,0,327,327,3,Y,Y,1.0,0,327,HybridEvaluator=0.0536800911349635
54564853.txt,0,358,358,2,Y,Y,1.0,0,358,HybridEvaluator=0.11501295544507727
1484242946.txt,0,701,701,7,Y,Y,1.0,0,701,HybridEvaluator=0.08009636038294045
1309354643.txt,0,486,486,4,Y,Y,1.0,0,486,HybridEvaluator=0.13322986518912816
1459181022.txt,0,345,345,3,Y,Y,1.0,0,345,HybridEvaluator=0.08116333805559137
1748436525.txt,0,491,491,3,Y,Y,1.0,0,491,HybridEvaluator=0.06742310942436004
1471658689.txt,0,1245,1245,13,Y,Y,1.0,0,1245,HybridEvaluator=0.09161723189883762
29100167.txt,0,720,720,4,Y,Y,1.0,0,720,HybridEvaluator=0.12284645215476298
1238398481.txt,0,431,431,2,Y,Y,1.0,0,431,HybridEvaluator=0.10262170765166942
1436503075.txt,0,517,517,2,Y,Y,1.0,0,517,HybridEvaluator=0.15912457358526
1597011600.txt,0,1116,1116,8,Y,Y,1.0,0,1116,HybridEvaluator=0.12296516975488538
1933726730.txt,0,638,638,6,Y,Y,1.0,0,638,HybridEvaluator=0.20222315532028784
1905600974.txt,0,384,384,2,Y,Y,1.0,0,384,HybridEvaluator=0.09298851869454504
2045063586.txt,0,375,375,1,Y,Y,1.0,0,375,HybridEvaluator=0.20046228497981153
1520785036.txt,0,769,769,7,N,Y,1.0,0,769,HybridEvaluator=0.024688749714449513
662670000.txt,0,1220,1220,7,Y,Y,1.0,0,1220,HybridEvaluator=0.07357115850421225
773939303.txt,0,845,845,8,Y,Y,1.0,0,845,HybridEvaluator=0.13078968811321826
516164360.txt,0,550,550,6,Y,Y,1.0,0,550,HybridEvaluator=0.1580107360242993
1027291027.txt,0,454,454,3,Y,Y,1.0,0,454,HybridEvaluator=0.12284042837210685
1850385335.txt,0,701,701,3,Y,Y,1.0,0,701,HybridEvaluator=0.12463238878708964
1250754851.txt,0,431,431,1,Y,Y,1.0,0,431,HybridEvaluator=0.22414504163172094
1414405883.txt,0,354,354,2,Y,Y,1.0,0,354,HybridEvaluator=0.13433407070490996
1497375105.txt,0,542,542,7,Y,Y,1.0,0,542,HybridEvaluator=0.20099661699155483
1054199994.txt,0,523,523,1,Y,Y,1.0,0,523,HybridEvaluator=0.14942741725226166
852006344.txt,0,408,408,3,N,Y,1.0,0,408,HybridEvaluator=0.022443059659583375
1645520493.txt,0,489,489,2,Y,Y,1.0,0,489,HybridEvaluator=0.22413530996525913
1471737744.txt,0,319,319,2,Y,Y,1.0,0,319,HybridEvaluator=0.16991899132728577
1879183990.txt,0,527,527,1,Y,Y,1.0,0,527,HybridEvaluator=0.07357047055218671
1757552503.txt,0,629,629,5,Y,Y,1.0,0,629,HybridEvaluator=0.08934811271034766
1692097500.txt,0,372,372,2,Y,Y,1.0,0,372,HybridEvaluator=0.07627192450344769
463834281.txt,0,335,335,2,Y,Y,1.0,0,335,HybridEvaluator=0.2576566542281595
1592930593.txt,0,467,467,1,Y,Y,1.0,0,467,HybridEvaluator=0.16870874440952807
1534462483.txt,0,648,648,3,Y,Y,1.0,0,648,HybridEvaluator=0.12606099629849848
967967595.txt,0,471,471,3,Y,Y,1.0,0,471,HybridEvaluator=0.16078742025373982
1212432240.txt,0,480,480,7,N,Y,1.0,0,480,HybridEvaluator=0.044291059850836687
762974073.txt,0,560,560,2,Y,Y,1.0,0,560,HybridEvaluator=0.1053084490385174
1311464648.txt,0,453,453,5,N,Y,1.0,0,453,HybridEvaluator=0.04500691193769819
1112748125.txt,0,312,312,2,Y,Y,1.0,0,312,HybridEvaluator=0.08902087190362142
1103810103.txt,0,356,356,3,Y,Y,1.0,0,356,HybridEvaluator=0.07012812495231628
852036886.txt,0,424,424,3,Y,Y,1.0,0,424,HybridEvaluator=0.15330551641967546
1934590070.txt,0,378,378,5,Y,Y,1.0,0,378,HybridEvaluator=0.19187288917601109
1181126333.txt,0,363,363,1,Y,Y,1.0,0,363,HybridEvaluator=0.10200768749665313
824324066.txt,0,474,474,5,Y,Y,1.0,0,474,HybridEvaluator=0.09207461987222944
1018317422.txt,0,377,377,6,Y,Y,1.0,0,377,HybridEvaluator=0.06612903804614625
494746774.txt,0,324,324,3,Y,Y,1.0,0,324,HybridEvaluator=0.10260870701550209
1112888229.txt,0,352,352,4,N,Y,1.0,0,352,HybridEvaluator=0.042535504809132325
796216436.txt,0,363,363,3,Y,Y,1.0,0,363,HybridEvaluator=0.12669108099091725
1633540428.txt,0,319,319,3,Y,Y,1.0,0,319,HybridEvaluator=0.12105575799942017
495977470.txt,0,418,418,2,Y,Y,1.0,0,418,HybridEvaluator=0.06092033920616939
933971512.txt,0,358,358,1,Y,Y,1.0,0,358,HybridEvaluator=0.1350158934682738
1598822536.txt,0,368,368,2,Y,Y,1.0,0,368,HybridEvaluator=0.15324493705025694
1588459415.txt,0,790,790,3,Y,Y,1.0,0,790,HybridEvaluator=0.1481090657381037
175421695.txt,0,519,519,7,Y,Y,1.0,0,519,HybridEvaluator=0.08655498738428452
227791190.txt,0,490,490,3,Y,Y,1.0,0,490,HybridEvaluator=0.1270701115692004
1974134206.txt,0,428,428,5,Y,Y,1.0,0,428,HybridEvaluator=0.09943092197739403
