GLOVER.txt-1,0,1089,1089,4,Y,Y,1.0,0,1089,HeatEvaluator=2.3152734616033383E-4
GLOVER.txt-2,0,912,912,2,Y,N,-,-1,-1,HeatEvaluator=1.151168391872703E-4
GLOVER.txt-3,0,1923,1923,9,Y,Y,1.0,0,1923,HeatEvaluator=1.296429678267888E-4
GLOVER.txt-4,0,1530,1530,15,N,N,-,-1,-1,HeatEvaluator=6.678308032377251E-5
GLOVER.txt-5,0,1263,1263,8,Y,Y,1.0,0,1263,HeatEvaluator=2.1826715056332314E-4
GLOVER.txt-6,0,721,721,6,N,N,-,-1,-1,HeatEvaluator=8.845767450144788E-5
GLOVER.txt-7,0,767,767,5,Y,Y,1.0,0,767,HeatEvaluator=1.3970321637491324E-4
GLOVER.txt-8,0,949,949,3,N,N,-,-1,-1,HeatEvaluator=4.4714130212313966E-5
GRONOW.txt-9,0,1099,1099,4,Y,Y,1.0,0,1099,HeatEvaluator=1.3856622342527024E-4
GRONOW.txt-10,0,832,832,5,N,N,-,-1,-1,HeatEvaluator=9.391274942605118E-5
GRONOW.txt-11,0,899,899,4,Y,Y,1.0,0,899,HeatEvaluator=2.550127280838875E-4
GRONOW.txt-12,0,906,906,4,N,N,-,-1,-1,HeatEvaluator=6.49260673479198E-5
GRONOW.txt-13,0,1025,1025,6,Y,Y,1.0,0,1025,HeatEvaluator=3.1550104087343304E-4
GRONOW.txt-14,0,1128,1128,9,N,N,-,-1,-1,HeatEvaluator=1.0425022804033461E-4
MASONB.txt-15,0,83,83,1,Y,Y,1.0,0,83,HeatEvaluator=2.5687479520783554E-4
MASONB.txt-16,0,122,122,1,Y,N,-,-1,-1,HeatEvaluator=2.890043794097539E-4
MASONB.txt-17,0,225,225,2,N,Y,1.0,0,225,HeatEvaluator=1.0918954939607716E-4
MASONB.txt-18,0,245,245,2,Y,N,-,-1,-1,HeatEvaluator=4.10039868807001E-4
MASONB.txt-19,0,148,148,1,Y,Y,1.0,0,148,HeatEvaluator=1.1848170346834695E-4
MASONB.txt-20,0,218,218,1,Y,N,-,-1,-1,HeatEvaluator=1.2210383249908132E-4
MASONB.txt-21,0,125,125,1,Y,Y,1.0,0,125,HeatEvaluator=3.57209148788064E-4
MASONB.txt-22,0,192,192,1,Y,N,-,-1,-1,HeatEvaluator=3.3467113513982666E-4
MASONB.txt-23,0,434,434,4,Y,Y,1.0,0,434,HeatEvaluator=1.8353215827917875E-4
MASONB.txt-24,0,290,290,1,Y,N,-,-1,-1,HeatEvaluator=1.63286670210166E-4
MASONB.txt-25,0,1171,1171,9,Y,Y,1.0,0,1171,HeatEvaluator=4.1261609583044865E-4
MASONB.txt-26,0,1016,1016,8,Y,N,-,-1,-1,HeatEvaluator=1.3606910028853833E-4
MASONB.txt-27,0,88,88,1,Y,Y,1.0,0,88,HeatEvaluator=1.5771208027643192E-4
MASONB.txt-28,0,164,164,2,Y,N,-,-1,-1,HeatEvaluator=1.9208654934112563E-4
MASONB.txt-29,0,710,710,4,Y,Y,1.0,0,710,HeatEvaluator=5.061407019069155E-4
MASONB.txt-30,0,499,499,5,Y,N,-,-1,-1,HeatEvaluator=3.7845127878747826E-4
MASONB.txt-31,0,133,133,1,N,Y,1.0,0,133,HeatEvaluator=7.740672764943657E-5
MASONB.txt-32,0,205,205,3,Y,N,-,-1,-1,HeatEvaluator=1.247833733879663E-4
MASONB.txt-33,0,622,622,5,Y,Y,1.0,0,622,HeatEvaluator=2.955585250901794E-4
MASONB.txt-34,0,530,530,4,Y,N,-,-1,-1,HeatEvaluator=3.617344098869613E-4
MASONB.txt-35,0,744,744,6,Y,Y,1.0,0,744,HeatEvaluator=1.9094108823397893E-4
MASONB.txt-36,0,489,489,2,Y,N,-,-1,-1,HeatEvaluator=4.326462471421978E-4
MASONB.txt-37,0,197,197,2,Y,Y,1.0,0,197,HeatEvaluator=4.1400099751137345E-4
MASONB.txt-38,0,380,380,2,Y,N,-,-1,-1,HeatEvaluator=3.2198779057530144E-4
MASONB.txt-39,0,450,450,3,Y,Y,1.0,0,450,HeatEvaluator=1.6883460882144695E-4
MASONB.txt-40,0,454,454,2,Y,N,-,-1,-1,HeatEvaluator=4.549179909160772E-4
MASONB.txt-41,0,775,775,5,Y,Y,1.0,0,775,HeatEvaluator=1.5954959225095885E-4
MASONB.txt-42,0,775,775,7,Y,N,-,-1,-1,HeatEvaluator=2.728756462684905E-4
MASONB.txt-43,0,627,627,2,Y,Y,1.0,0,627,HeatEvaluator=1.495543710929788E-4
MASONB.txt-44,0,504,504,3,N,N,-,-1,-1,HeatEvaluator=7.385252901827429E-5
MASONB.txt-45,0,1039,1039,7,Y,Y,1.0,0,1039,HeatEvaluator=3.9068121988349567E-4
MASONB.txt-46,0,808,808,9,N,N,-,-1,-1,HeatEvaluator=7.562016210473274E-5
MASONB.txt-47,0,175,175,1,Y,Y,1.0,0,175,HeatEvaluator=5.116727720133195E-4
MASONB.txt-48,0,459,459,2,Y,N,-,-1,-1,HeatEvaluator=4.549179909160772E-4
MASONB.txt-49,0,173,173,2,Y,Y,1.0,0,173,HeatEvaluator=2.524666874375009E-4
MASONB.txt-50,0,202,202,2,Y,N,-,-1,-1,HeatEvaluator=2.6383254661855714E-4
MASONB.txt-51,0,264,264,2,Y,Y,1.0,0,264,HeatEvaluator=3.1776784908684537E-4
MASONB.txt-52,0,304,304,4,Y,N,-,-1,-1,HeatEvaluator=5.394950800045611E-4
MASONB.txt-53,0,514,514,4,Y,Y,1.0,0,514,HeatEvaluator=2.464144674248356E-4
MASONB.txt-54,0,272,272,2,Y,N,-,-1,-1,HeatEvaluator=1.3572109949805178E-4
MASONB.txt-55,0,328,328,1,Y,Y,1.0,0,328,HeatEvaluator=4.5338990969826155E-4
MASONB.txt-56,0,250,250,3,N,N,-,-1,-1,HeatEvaluator=6.368995943576615E-5
MASONB.txt-57,0,1097,1097,7,Y,Y,1.0,0,1097,HeatEvaluator=2.3070878630803267E-4
MASONB.txt-58,0,928,928,4,Y,N,-,-1,-1,HeatEvaluator=2.460156572106885E-4
MASONB.txt-59,0,101,101,1,Y,Y,1.0,0,101,HeatEvaluator=4.847586301860853E-4
MASONB.txt-60,0,188,188,1,Y,N,-,-1,-1,HeatEvaluator=1.1518882364471251E-4
MASONB.txt-61,0,499,499,3,Y,Y,1.0,0,499,HeatEvaluator=2.0472639565353933E-4
MASONB.txt-62,0,540,540,5,Y,N,-,-1,-1,HeatEvaluator=2.024734282302287E-4
MASONB.txt-63,0,238,238,2,Y,Y,1.0,0,238,HeatEvaluator=3.024269486560706E-4
MASONB.txt-64,0,228,228,1,Y,N,-,-1,-1,HeatEvaluator=2.604697982896551E-4
MASONB.txt-65,0,1012,1012,6,Y,Y,1.0,0,1012,HeatEvaluator=2.9309662503457435E-4
MASONB.txt-66,0,889,889,6,Y,N,-,-1,-1,HeatEvaluator=2.879513665439452E-4
MASONB.txt-67,0,673,673,4,Y,Y,1.0,0,673,HeatEvaluator=2.819024260602454E-4
MASONB.txt-68,0,532,532,3,N,N,-,-1,-1,HeatEvaluator=7.32369271756699E-5
MASONB.txt-69,0,1231,1231,7,Y,Y,1.0,0,1231,HeatEvaluator=2.2609576389468817E-4
MASONB.txt-70,0,1264,1264,15,N,N,-,-1,-1,HeatEvaluator=9.449013226240227E-5
MASONB.txt-71,0,522,522,3,Y,Y,1.0,0,522,HeatEvaluator=4.210374966680777E-4
MASONB.txt-72,0,796,796,4,N,N,-,-1,-1,HeatEvaluator=6.52218450414321E-5
MASONB.txt-73,0,96,96,1,Y,Y,1.0,0,96,HeatEvaluator=1.9197766521242014E-4
MASONB.txt-74,0,143,143,1,N,N,-,-1,-1,HeatEvaluator=6.946176065515459E-5
MASONB.txt-75,0,825,825,7,Y,Y,1.0,0,825,HeatEvaluator=3.3642392586316616E-4
MASONB.txt-76,0,849,849,5,N,N,-,-1,-1,HeatEvaluator=7.532671917352447E-5
MASONB.txt-77,0,230,230,2,Y,Y,1.0,0,230,HeatEvaluator=1.904902176508612E-4
MASONB.txt-78,0,345,345,2,N,N,-,-1,-1,HeatEvaluator=7.369887442794024E-5
MASONB.txt-79,0,1168,1168,5,Y,Y,1.0,0,1168,HeatEvaluator=1.609530156069421E-4
MASONB.txt-80,0,967,967,5,Y,N,-,-1,-1,HeatEvaluator=1.2802850353950735E-4
MASONB.txt-81,0,601,601,2,Y,Y,1.0,0,601,HeatEvaluator=2.0223053108411814E-4
MASONB.txt-82,0,500,500,3,N,N,-,-1,-1,HeatEvaluator=7.48648656981228E-5
MASONB.txt-83,0,669,669,4,Y,Y,1.0,0,669,HeatEvaluator=1.550870563652589E-4
MASONB.txt-84,0,633,633,5,N,N,-,-1,-1,HeatEvaluator=9.433684137123883E-5
MASONB.txt-85,0,920,920,7,Y,Y,1.0,0,920,HeatEvaluator=2.502301931130881E-4
MASONB.txt-86,0,869,869,2,Y,N,-,-1,-1,HeatEvaluator=1.953048430121516E-4
MASONB.txt-87,0,311,311,3,Y,Y,1.0,0,311,HeatEvaluator=3.505254992230426E-4
MASONB.txt-88,0,461,461,1,Y,N,-,-1,-1,HeatEvaluator=1.55696288769004E-4
MASONB.txt-89,0,164,164,1,Y,Y,1.0,0,164,HeatEvaluator=2.1347863109825942E-4
MASONB.txt-90,0,118,118,1,N,N,-,-1,-1,HeatEvaluator=9.559928364905402E-5
MASONB.txt-91,0,236,236,1,Y,Y,1.0,0,236,HeatEvaluator=3.6387262401074694E-4
MASONB.txt-92,0,301,301,2,N,N,-,-1,-1,HeatEvaluator=1.0207316684405106E-4
MASONB.txt-93,0,846,846,5,Y,Y,1.0,0,846,HeatEvaluator=2.5277098635664294E-4
MASONB.txt-94,0,1065,1065,6,Y,N,-,-1,-1,HeatEvaluator=1.7894776810459365E-4
MASONB.txt-95,0,917,917,6,Y,Y,1.0,0,917,HeatEvaluator=2.1905540887972246E-4
MASONB.txt-96,0,832,832,6,Y,N,-,-1,-1,HeatEvaluator=1.1996251354083713E-4
MASONB.txt-97,0,354,354,2,Y,Y,1.0,0,354,HeatEvaluator=2.0699210087171902E-4
MASONB.txt-98,0,199,199,1,Y,N,-,-1,-1,HeatEvaluator=1.4620298455564557E-4
MASONB.txt-99,0,370,370,3,Y,Y,1.0,0,370,HeatEvaluator=1.2861928166795207E-4
MASONB.txt-100,0,452,452,2,Y,N,-,-1,-1,HeatEvaluator=1.1553903196031011E-4
MASONB.txt-101,0,579,579,4,Y,Y,1.0,0,579,HeatEvaluator=1.85102679120471E-4
MASONB.txt-102,0,634,634,5,Y,N,-,-1,-1,HeatEvaluator=1.1717643536765656E-4
MASONB.txt-103,0,376,376,3,Y,Y,1.0,0,376,HeatEvaluator=1.8335400141053837E-4
MASONB.txt-104,0,296,296,1,N,N,-,-1,-1,HeatEvaluator=8.313527369592165E-5
MASONB.txt-105,0,629,629,5,Y,Y,1.0,0,629,HeatEvaluator=1.1861389000111841E-4
MASONB.txt-106,0,506,506,4,N,N,-,-1,-1,HeatEvaluator=7.494616107687102E-5
MASONB.txt-107,0,1347,1347,11,Y,Y,1.0,0,1347,HeatEvaluator=3.339715331420974E-4
MASONB.txt-108,0,1103,1103,6,Y,N,-,-1,-1,HeatEvaluator=1.285405340855121E-4
MASONB.txt-109,0,1298,1298,8,Y,Y,1.0,0,1298,HeatEvaluator=1.619420943726021E-4
MASONB.txt-110,0,1016,1016,6,Y,N,-,-1,-1,HeatEvaluator=1.2563042978416884E-4
MASONB.txt-111,0,290,290,2,Y,Y,1.0,0,290,HeatEvaluator=1.7980395802287398E-4
MASONB.txt-112,0,97,97,1,Y,N,-,-1,-1,HeatEvaluator=1.794762688769472E-4
MASONB.txt-113,0,305,305,2,Y,Y,1.0,0,305,HeatEvaluator=2.5160167675045245E-4
MASONB.txt-114,0,283,283,2,N,N,-,-1,-1,HeatEvaluator=9.047850974514403E-5
MASONB.txt-115,0,873,873,5,Y,Y,1.0,0,873,HeatEvaluator=2.041998311647906E-4
MASONB.txt-116,0,726,726,7,Y,N,-,-1,-1,HeatEvaluator=4.916001544304282E-4
MASONB.txt-117,0,1306,1306,7,Y,Y,1.0,0,1306,HeatEvaluator=1.898505557195188E-4
MASONB.txt-118,0,1208,1208,10,N,N,-,-1,-1,HeatEvaluator=1.0030696164133203E-4
MASONB.txt-119,0,1570,1570,10,Y,Y,1.0,0,1570,HeatEvaluator=3.4341123843167117E-4
MASONB.txt-120,0,1184,1184,5,Y,N,-,-1,-1,HeatEvaluator=1.8863728707442068E-4
MASONB.txt-121,0,705,705,4,N,Y,1.0,0,705,HeatEvaluator=1.0768250773259553E-4
MASONB.txt-122,0,570,570,6,N,N,-,-1,-1,HeatEvaluator=9.188805225547765E-5
MASONB.txt-123,0,391,391,3,Y,Y,1.0,0,391,HeatEvaluator=2.7864127929286986E-4
MASONB.txt-124,0,241,241,2,N,N,-,-1,-1,HeatEvaluator=9.84554697351469E-5
MASONB.txt-125,0,1073,1073,8,Y,Y,1.0,0,1073,HeatEvaluator=1.8380121559237204E-4
MASONB.txt-126,0,563,563,3,N,N,-,-1,-1,HeatEvaluator=1.0891480210572602E-4
MASONB.txt-127,0,262,262,2,Y,Y,1.0,0,262,HeatEvaluator=3.183331002926308E-4
GRONOW.txt-128,0,218,218,1,N,N,-,-1,-1,HeatEvaluator=7.048131175814575E-5
MASONB.txt-129,0,319,319,4,Y,Y,1.0,0,319,HeatEvaluator=1.7913057107262997E-4
MASONB.txt-130,0,403,403,2,N,N,-,-1,-1,HeatEvaluator=9.810219559386398E-5
MASONB.txt-131,0,111,111,1,Y,Y,1.0,0,111,HeatEvaluator=2.0246816304998023E-4
MASONB.txt-132,0,139,139,1,Y,N,-,-1,-1,HeatEvaluator=1.3585138855340135E-4
MASONB.txt-133,0,298,298,2,Y,Y,1.0,0,298,HeatEvaluator=1.9339638677528053E-4
MASONB.txt-134,0,190,190,3,N,N,-,-1,-1,HeatEvaluator=8.246262887638418E-5
MASONB.txt-135,0,460,460,4,Y,Y,1.0,0,460,HeatEvaluator=1.7679800676534134E-4
MASONB.txt-136,0,491,491,7,N,N,-,-1,-1,HeatEvaluator=7.117283019209114E-5
MASONB.txt-137,0,1746,1746,12,Y,Y,1.0,0,1746,HeatEvaluator=4.2993850185716036E-4
GRONOW.txt-138,0,1937,1937,10,N,N,-,-1,-1,HeatEvaluator=9.534443869911837E-5
MASONB.txt-139,0,243,243,2,Y,Y,1.0,0,243,HeatEvaluator=4.2330956549022997E-4
MASONB.txt-140,0,273,273,3,N,N,-,-1,-1,HeatEvaluator=9.363775758273375E-5
MASONB.txt-141,0,1650,1650,14,Y,Y,1.0,0,1650,HeatEvaluator=1.8739362321786428E-4
GRONOW.txt-142,0,1349,1349,7,N,N,-,-1,-1,HeatEvaluator=8.323885377100397E-5
MASONB.txt-143,0,1237,1237,9,Y,Y,1.0,0,1237,HeatEvaluator=2.5499628840957656E-4
MASONB.txt-144,0,1020,1020,10,N,N,-,-1,-1,HeatEvaluator=9.492974991560663E-5
MASONB.txt-145,0,120,120,1,N,Y,1.0,0,120,HeatEvaluator=7.178003866548654E-5
MASONB.txt-146,0,142,142,1,N,N,-,-1,-1,HeatEvaluator=8.538117764895433E-5
MASONB.txt-147,0,1123,1123,8,Y,Y,1.0,0,1123,HeatEvaluator=5.120878305096572E-4
MASONB.txt-148,0,552,552,2,Y,N,-,-1,-1,HeatEvaluator=1.1399078754856388E-4
MASONB.txt-149,0,268,268,2,Y,Y,1.0,0,268,HeatEvaluator=4.7698579864674246E-4
MASONB.txt-150,0,492,492,3,N,N,-,-1,-1,HeatEvaluator=8.9389486671148E-5
MASONB.txt-151,0,804,804,5,Y,Y,1.0,0,804,HeatEvaluator=5.025074443323616E-4
MASONB.txt-152,0,919,919,6,N,N,-,-1,-1,HeatEvaluator=9.662039705187179E-5
MASONB.txt-153,0,2158,2158,13,Y,Y,1.0,0,2158,HeatEvaluator=3.09027066847931E-4
GRONOW.txt-154,0,1900,1900,6,N,N,-,-1,-1,HeatEvaluator=7.474601076045388E-5
MASONB.txt-155,0,303,303,1,Y,Y,1.0,0,303,HeatEvaluator=1.498064886693561E-4
GRONOW.txt-156,0,647,647,4,N,N,-,-1,-1,HeatEvaluator=1.0264384483076116E-4
MASONB.txt-157,0,732,732,4,Y,Y,1.0,0,732,HeatEvaluator=3.58156904494918E-4
GRONOW.txt-158,0,865,865,5,N,N,-,-1,-1,HeatEvaluator=7.903499714716016E-5
MASONB.txt-159,0,225,225,1,Y,Y,1.0,0,225,HeatEvaluator=2.604697982896551E-4
GRONOW.txt-160,0,284,284,1,N,N,-,-1,-1,HeatEvaluator=1.0180292241787141E-4
MASONB.txt-161,0,201,201,1,Y,Y,1.0,0,201,HeatEvaluator=2.829714465091295E-4
GRONOW.txt-162,0,214,214,1,N,N,-,-1,-1,HeatEvaluator=7.385662054285746E-5
MASONB.txt-163,0,1207,1207,12,Y,Y,1.0,0,1207,HeatEvaluator=4.492904087260022E-4
GRONOW.txt-164,0,1043,1043,5,N,N,-,-1,-1,HeatEvaluator=7.053722080696136E-5
MASONB.txt-165,0,437,437,4,Y,Y,1.0,0,437,HeatEvaluator=3.85401593631577E-4
GRONOW.txt-166,0,409,409,1,N,N,-,-1,-1,HeatEvaluator=8.240264297238467E-5
MASONB.txt-167,0,281,281,3,Y,Y,1.0,0,281,HeatEvaluator=2.8005288893148797E-4
GRONOW.txt-168,0,333,333,1,N,N,-,-1,-1,HeatEvaluator=1.0832505690945025E-4
MASONB.txt-169,0,140,140,2,Y,Y,1.0,0,140,HeatEvaluator=4.696261422011895E-4
GRONOW.txt-170,0,232,232,2,N,N,-,-1,-1,HeatEvaluator=7.735667512027552E-5
MASONB.txt-171,0,165,165,2,Y,Y,1.0,0,165,HeatEvaluator=1.4223755942689077E-4
GRONOW.txt-172,0,145,145,1,N,N,-,-1,-1,HeatEvaluator=7.707217293351932E-5
MASONB.txt-173,0,354,354,1,Y,Y,1.0,0,354,HeatEvaluator=2.2900835606814573E-4
GRONOW.txt-174,0,379,379,1,N,N,-,-1,-1,HeatEvaluator=9.29382058988982E-5
MASONB.txt-175,0,2949,2949,20,Y,Y,1.0,0,2949,HeatEvaluator=2.3667631305244755E-4
GRONOW.txt-176,0,2918,2918,22,N,N,-,-1,-1,HeatEvaluator=8.460671550412965E-5
MASONB.txt-177,0,3413,3413,22,Y,Y,1.0,0,3413,HeatEvaluator=2.867356692478502E-4
GRONOW.txt-178,0,1901,1901,13,N,N,-,-1,-1,HeatEvaluator=8.175453558405646E-5
MASONB.txt-179,0,75,75,1,Y,Y,1.0,0,75,HeatEvaluator=3.211234132954924E-4
GRONOW.txt-180,0,138,138,1,N,N,-,-1,-1,HeatEvaluator=7.782159441043045E-5
MASONB.txt-181,0,674,674,5,Y,Y,1.0,0,674,HeatEvaluator=5.443923334248564E-4
GRONOW.txt-182,0,778,778,7,N,N,-,-1,-1,HeatEvaluator=5.893268445670812E-5
MASONB.txt-183,0,334,334,2,Y,Y,1.0,0,334,HeatEvaluator=7.270879916163978E-4
GRONOW.txt-184,0,214,214,2,N,N,-,-1,-1,HeatEvaluator=9.543532747918447E-5
MASONB.txt-185,0,153,153,1,Y,Y,1.0,0,153,HeatEvaluator=4.1008950030760105E-4
GRONOW.txt-186,0,159,159,1,N,N,-,-1,-1,HeatEvaluator=1.0314256036204375E-4
MASONB.txt-187,0,271,271,3,Y,Y,1.0,0,271,HeatEvaluator=1.3894172897829766E-4
GRONOW.txt-188,0,338,338,3,N,N,-,-1,-1,HeatEvaluator=7.572967059447698E-5
MASONB.txt-189,0,583,583,5,Y,Y,1.0,0,583,HeatEvaluator=4.8579272923829196E-4
GRONOW.txt-190,0,709,709,4,N,N,-,-1,-1,HeatEvaluator=8.436471181588448E-5
MASONB.txt-191,0,1986,1986,11,Y,Y,1.0,0,1986,HeatEvaluator=3.6356689163142343E-4
GRONOW.txt-192,0,2255,2255,14,N,N,-,-1,-1,HeatEvaluator=7.945088800098231E-5
MASONB.txt-193,0,2164,2164,15,Y,Y,1.0,0,2164,HeatEvaluator=2.3847957921633951E-4
GRONOW.txt-194,0,2101,2101,14,N,N,-,-1,-1,HeatEvaluator=8.67593233850918E-5
MASONB.txt-195,0,541,541,2,Y,Y,1.0,0,541,HeatEvaluator=1.3447148357310224E-4
GRONOW.txt-196,0,596,596,3,N,N,-,-1,-1,HeatEvaluator=6.182181494411404E-5
MASONB.txt-197,0,339,339,3,Y,Y,1.0,0,339,HeatEvaluator=2.644279738796763E-4
GRONOW.txt-198,0,286,286,2,N,N,-,-1,-1,HeatEvaluator=8.999534602979897E-5
MASONB.txt-199,0,904,904,6,Y,Y,1.0,0,904,HeatEvaluator=5.722552659441504E-4
GRONOW.txt-200,0,958,958,6,N,N,-,-1,-1,HeatEvaluator=7.068121847642983E-5
MASONB.txt-201,0,308,308,2,Y,Y,1.0,0,308,HeatEvaluator=4.76189130715081E-4
GRONOW.txt-202,0,817,817,5,N,N,-,-1,-1,HeatEvaluator=1.0428908414116805E-4
MASONB.txt-203,0,2054,2054,13,Y,Y,1.0,0,2054,HeatEvaluator=3.413127138406018E-4
GRONOW.txt-204,0,1786,1786,12,N,N,-,-1,-1,HeatEvaluator=8.492817558385077E-5
MASONB.txt-205,0,309,309,2,Y,Y,1.0,0,309,HeatEvaluator=3.040846465815388E-4
GRONOW.txt-206,0,348,348,3,N,N,-,-1,-1,HeatEvaluator=9.137275027653593E-5
MASONB.txt-207,0,3534,3534,21,Y,Y,1.0,0,3534,HeatEvaluator=2.174235005066489E-4
GRONOW.txt-208,0,3543,3543,23,N,N,-,-1,-1,HeatEvaluator=7.842572459064085E-5
MASONB.txt-209,0,2390,2390,17,Y,Y,1.0,0,2390,HeatEvaluator=2.496865687975377E-4
GRONOW.txt-210,0,2103,2103,21,N,N,-,-1,-1,HeatEvaluator=9.443877410429704E-5
MASONB.txt-211,0,2159,2159,15,Y,Y,1.0,0,2159,HeatEvaluator=2.817275521759641E-4
GRONOW.txt-212,0,1929,1929,11,N,N,-,-1,-1,HeatEvaluator=9.269189885243817E-5
MASONB.txt-213,0,1458,1458,8,Y,Y,1.0,0,1458,HeatEvaluator=2.1927828167879948E-4
GRONOW.txt-214,0,1325,1325,9,N,N,-,-1,-1,HeatEvaluator=6.455652228459892E-5
MASONB.txt-215,0,101,101,2,Y,Y,1.0,0,101,HeatEvaluator=2.2561440755593663E-4
GRONOW.txt-216,0,113,113,1,Y,N,-,-1,-1,HeatEvaluator=1.156848089183812E-4
MASONB.txt-217,0,245,245,2,N,Y,1.0,0,245,HeatEvaluator=8.090821926120372E-5
GRONOW.txt-218,0,224,224,1,N,N,-,-1,-1,HeatEvaluator=4.367545799621028E-5
MASONB.txt-219,0,2768,2768,21,Y,Y,1.0,0,2768,HeatEvaluator=2.0098463447759703E-4
GRONOW.txt-220,0,2315,2315,15,N,N,-,-1,-1,HeatEvaluator=8.826745960410625E-5
MASONB.txt-221,0,211,211,1,Y,Y,1.0,0,211,HeatEvaluator=2.6557618922084814E-4
GRONOW.txt-222,0,378,378,2,N,N,-,-1,-1,HeatEvaluator=1.0097519853219382E-4
MEMMUS.txt-223,0,392,392,2,Y,Y,1.0,0,392,HeatEvaluator=5.023663441938268E-4
GRONOW.txt-224,0,468,468,3,N,N,-,-1,-1,HeatEvaluator=8.150936356707709E-5
MEMMUS.txt-225,0,483,483,7,N,Y,1.0,0,483,HeatEvaluator=1.0733211163022832E-4
MEMMUS.txt-226,0,367,367,2,N,N,-,-1,-1,HeatEvaluator=7.29104920139954E-5
MEMMUS.txt-227,0,797,797,5,Y,Y,1.0,0,797,HeatEvaluator=2.105240179730562E-4
MEMMUS.txt-228,0,954,954,10,Y,N,-,-1,-1,HeatEvaluator=1.2018096148911389E-4
MEMMUS.txt-229,0,1015,1015,7,Y,Y,1.0,0,1015,HeatEvaluator=2.0445710349949818E-4
MEMMUS.txt-230,0,1155,1155,4,N,N,-,-1,-1,HeatEvaluator=7.809740572914248E-5
MEMMUS.txt-231,0,586,586,4,Y,Y,1.0,0,586,HeatEvaluator=1.981414057919544E-4
MEMMUS.txt-232,0,405,405,3,Y,N,-,-1,-1,HeatEvaluator=1.2665629221719763E-4
MEMMUS.txt-233,0,622,622,6,Y,Y,1.0,0,622,HeatEvaluator=1.9753087078884862E-4
MEMMUS.txt-234,0,877,877,7,Y,N,-,-1,-1,HeatEvaluator=1.1373821124087478E-4
MEMMUS.txt-235,0,704,704,8,Y,Y,1.0,0,704,HeatEvaluator=2.8700368682904994E-4
MEMMUS.txt-236,0,816,816,5,N,N,-,-1,-1,HeatEvaluator=8.188572537804346E-5
MEMMUS.txt-237,0,652,652,4,Y,Y,1.0,0,652,HeatEvaluator=2.712889570939508E-4
MEMMUS.txt-238,0,555,555,4,Y,N,-,-1,-1,HeatEvaluator=1.138144681947798E-4
MEMMUS.txt-239,0,398,398,3,Y,Y,1.0,0,398,HeatEvaluator=2.678433025709086E-4
MEMMUS.txt-240,0,101,101,1,N,N,-,-1,-1,HeatEvaluator=9.324396169042734E-5
MEMMUS.txt-241,0,398,398,3,Y,Y,1.0,0,398,HeatEvaluator=5.327487516803514E-4
MEMMUS.txt-242,0,172,172,1,Y,N,-,-1,-1,HeatEvaluator=2.638287971522011E-4
MEMMUS.txt-243,0,2109,2109,13,Y,Y,1.0,0,2109,HeatEvaluator=1.7895041612210632E-4
GRONOW.txt-244,0,2168,2168,9,N,N,-,-1,-1,HeatEvaluator=8.84781777067756E-5
MEMMUS.txt-245,0,824,824,7,Y,Y,1.0,0,824,HeatEvaluator=3.207488200145274E-4
MEMMUS.txt-246,0,836,836,7,Y,N,-,-1,-1,HeatEvaluator=1.1284959186686614E-4
MEMMUS.txt-247,0,607,607,4,Y,Y,1.0,0,607,HeatEvaluator=2.5104420674672013E-4
MEMMUS.txt-248,0,423,423,3,Y,N,-,-1,-1,HeatEvaluator=1.236333907940527E-4
MEMMUS.txt-249,0,567,567,5,Y,Y,1.0,0,567,HeatEvaluator=3.574139933651287E-4
MEMMUS.txt-250,0,789,789,5,Y,N,-,-1,-1,HeatEvaluator=1.1553922232369764E-4
MEMMUS.txt-251,0,591,591,3,Y,Y,1.0,0,591,HeatEvaluator=3.9393680323584546E-4
MEMMUS.txt-252,0,930,930,6,N,N,-,-1,-1,HeatEvaluator=9.201894221670266E-5
MEMMUS.txt-253,0,369,369,3,Y,Y,1.0,0,369,HeatEvaluator=2.553209756376037E-4
MEMMUS.txt-254,0,386,386,2,Y,N,-,-1,-1,HeatEvaluator=4.216837157648551E-4
MEMMUS.txt-255,0,580,580,2,Y,Y,1.0,0,580,HeatEvaluator=4.068277885949764E-4
MEMMUS.txt-256,0,762,762,11,N,N,-,-1,-1,HeatEvaluator=8.333155080519352E-5
MEMMUS.txt-257,0,696,696,6,Y,Y,1.0,0,696,HeatEvaluator=2.0485732867986929E-4
GRONOW.txt-258,0,673,673,3,Y,N,-,-1,-1,HeatEvaluator=1.4984909395572546E-4
MEMMUS.txt-259,0,741,741,6,Y,Y,1.0,0,741,HeatEvaluator=3.436578398065021E-4
GRONOW.txt-260,0,726,726,4,N,N,-,-1,-1,HeatEvaluator=9.868581695932737E-5
MEMMUS.txt-261,0,482,482,3,Y,Y,1.0,0,482,HeatEvaluator=4.636193803742007E-4
MEMMUS.txt-262,0,583,583,3,Y,N,-,-1,-1,HeatEvaluator=1.1703507831580818E-4
MEMMUS.txt-263,0,718,718,5,Y,Y,1.0,0,718,HeatEvaluator=3.374039017134447E-4
GRONOW.txt-264,0,802,802,5,N,N,-,-1,-1,HeatEvaluator=8.80546732717781E-5
MEMMUS.txt-265,0,591,591,3,Y,Y,1.0,0,591,HeatEvaluator=2.801655495469298E-4
MEMMUS.txt-266,0,452,452,3,N,N,-,-1,-1,HeatEvaluator=8.815855488083357E-5
MEMMUS.txt-267,0,1264,1264,8,Y,Y,1.0,0,1264,HeatEvaluator=3.234663783136373E-4
GRONOW.txt-268,0,1230,1230,8,N,N,-,-1,-1,HeatEvaluator=9.493445845466198E-5
MEMMUS.txt-269,0,632,632,4,Y,Y,1.0,0,632,HeatEvaluator=3.7014690835233277E-4
MEMMUS.txt-270,0,450,450,2,N,N,-,-1,-1,HeatEvaluator=9.002637570436396E-5
MEMMUS.txt-271,0,1057,1057,11,Y,Y,1.0,0,1057,HeatEvaluator=3.21519486745285E-4
MEMMUS.txt-272,0,1054,1054,6,Y,N,-,-1,-1,HeatEvaluator=1.4025404098328407E-4
MEMMUS.txt-273,0,579,579,4,Y,Y,1.0,0,579,HeatEvaluator=3.184708456683507E-4
GRONOW.txt-274,0,573,573,3,N,N,-,-1,-1,HeatEvaluator=7.659703138966715E-5
MEMMUS.txt-275,0,994,994,6,Y,Y,1.0,0,994,HeatEvaluator=2.581511178855589E-4
GRONOW.txt-276,0,1025,1025,5,Y,N,-,-1,-1,HeatEvaluator=1.2529278151839735E-4
MEMMUS.txt-277,0,431,431,2,Y,Y,1.0,0,431,HeatEvaluator=1.5012825359250168E-4
MEMMUS.txt-278,0,291,291,3,N,N,-,-1,-1,HeatEvaluator=7.378245370193462E-5
MEMMUS.txt-279,0,726,726,6,Y,Y,1.0,0,726,HeatEvaluator=1.715123775768979E-4
GRONOW.txt-280,0,1135,1135,5,N,N,-,-1,-1,HeatEvaluator=8.481329430117049E-5
MEMMUS.txt-281,0,522,522,5,Y,Y,1.0,0,522,HeatEvaluator=4.602387213409304E-4
GLOVER.txt-282,0,542,542,3,N,N,-,-1,-1,HeatEvaluator=6.819187728267136E-5
MEMMUS.txt-283,0,747,747,6,Y,Y,1.0,0,747,HeatEvaluator=4.6562429153333094E-4
GRONOW.txt-284,0,860,860,6,N,N,-,-1,-1,HeatEvaluator=1.109654182302954E-4
MEMMUS.txt-285,0,1166,1166,6,Y,Y,1.0,0,1166,HeatEvaluator=1.813301674398041E-4
GRONOW.txt-286,0,1250,1250,11,N,N,-,-1,-1,HeatEvaluator=9.091747570358451E-5
MEMMUS.txt-287,0,892,892,6,Y,Y,1.0,0,892,HeatEvaluator=4.4154937991462733E-4
GRONOW.txt-288,0,1145,1145,5,N,N,-,-1,-1,HeatEvaluator=9.139082012350327E-5
MEMMUS.txt-289,0,881,881,5,Y,Y,1.0,0,881,HeatEvaluator=3.169396562378278E-4
GRONOW.txt-290,0,706,706,3,Y,N,-,-1,-1,HeatEvaluator=1.3445031358020248E-4
MEMMUS.txt-291,0,687,687,6,Y,Y,1.0,0,687,HeatEvaluator=1.6621837556866898E-4
GRONOW.txt-292,0,660,660,4,N,N,-,-1,-1,HeatEvaluator=8.159621620553526E-5
MEMMUS.txt-293,0,902,902,7,Y,Y,1.0,0,902,HeatEvaluator=3.1230357655082785E-4
GRONOW.txt-294,0,800,800,5,N,N,-,-1,-1,HeatEvaluator=9.514208256300017E-5
MEMMUS.txt-295,0,755,755,5,Y,Y,1.0,0,755,HeatEvaluator=3.148171564317254E-4
GRONOW.txt-296,0,955,955,6,N,N,-,-1,-1,HeatEvaluator=1.0000856295882644E-4
MEMMUS.txt-297,0,577,577,6,Y,Y,1.0,0,577,HeatEvaluator=4.43919640203899E-4
GRONOW.txt-298,0,482,482,5,N,N,-,-1,-1,HeatEvaluator=5.660608318268855E-5
MEMMUS.txt-299,0,688,688,6,Y,Y,1.0,0,688,HeatEvaluator=3.6314591722110136E-4
GRONOW.txt-300,0,880,880,5,N,N,-,-1,-1,HeatEvaluator=7.066176145618976E-5
MEMMUS.txt-301,0,1240,1240,9,Y,Y,1.0,0,1240,HeatEvaluator=2.8286068975148603E-4
GLOVER.txt-302,0,1279,1279,8,Y,N,-,-1,-1,HeatEvaluator=1.141349739031051E-4
MEMMUS.txt-303,0,1451,1451,9,Y,Y,1.0,0,1451,HeatEvaluator=3.0323541358153464E-4
MEMMUS.txt-304,0,1214,1214,14,N,N,-,-1,-1,HeatEvaluator=6.855357929385733E-5
MEMMUS.txt-305,0,1436,1436,10,Y,Y,1.0,0,1436,HeatEvaluator=2.4328871909332246E-4
GRONOW.txt-306,0,1640,1640,10,N,N,-,-1,-1,HeatEvaluator=9.78317279916433E-5
MEMMUS.txt-307,0,334,334,2,Y,Y,1.0,0,334,HeatEvaluator=3.7348270037674674E-4
MEMMUS.txt-308,0,286,286,3,N,N,-,-1,-1,HeatEvaluator=9.055429036340467E-5
MEMMUS.txt-309,0,478,478,4,Y,Y,1.0,0,478,HeatEvaluator=1.381243265543992E-4
GRONOW.txt-310,0,680,680,3,N,N,-,-1,-1,HeatEvaluator=7.879404116502807E-5
MEMMUS.txt-311,0,915,915,6,Y,Y,1.0,0,915,HeatEvaluator=3.813114085902546E-4
GRONOW.txt-312,0,793,793,4,N,N,-,-1,-1,HeatEvaluator=8.995412150130033E-5
MEMMUS.txt-313,0,1213,1213,7,Y,Y,1.0,0,1213,HeatEvaluator=4.657611032716414E-4
GRONOW.txt-314,0,1213,1213,7,N,N,-,-1,-1,HeatEvaluator=8.62596819396601E-5
MEMMUS.txt-315,0,710,710,5,Y,Y,1.0,0,710,HeatEvaluator=4.009564054131242E-4
GRONOW.txt-316,0,1113,1113,5,N,N,-,-1,-1,HeatEvaluator=8.751455820779752E-5
MEMMUS.txt-317,0,1345,1345,8,Y,Y,1.0,0,1345,HeatEvaluator=2.3505121453951355E-4
GRONOW.txt-318,0,1292,1292,8,N,N,-,-1,-1,HeatEvaluator=6.884954313782098E-5
MEMMUS.txt-319,0,1846,1846,12,Y,Y,1.0,0,1846,HeatEvaluator=1.3250186497738812E-4
GRONOW.txt-320,0,1936,1936,9,N,N,-,-1,-1,HeatEvaluator=9.295690617208516E-5
MEMMUS.txt-321,0,966,966,7,Y,Y,1.0,0,966,HeatEvaluator=3.084741739711455E-4
GRONOW.txt-322,0,1132,1132,5,N,N,-,-1,-1,HeatEvaluator=8.836157389264711E-5
MEMMUS.txt-323,0,551,551,5,Y,Y,1.0,0,551,HeatEvaluator=2.3438774977728428E-4
GRONOW.txt-324,0,595,595,4,N,N,-,-1,-1,HeatEvaluator=7.919396141012835E-5
MEMMUS.txt-325,0,854,854,5,Y,Y,1.0,0,854,HeatEvaluator=2.4087181574964153E-4
GRONOW.txt-326,0,977,977,5,N,N,-,-1,-1,HeatEvaluator=7.70486408025529E-5
MEMMUS.txt-327,0,341,341,2,Y,Y,1.0,0,341,HeatEvaluator=3.738357948192082E-4
GRONOW.txt-328,0,315,315,2,N,N,-,-1,-1,HeatEvaluator=8.38114528427942E-5
MEMMUS.txt-329,0,477,477,3,Y,Y,1.0,0,477,HeatEvaluator=4.075381977577855E-4
GRONOW.txt-330,0,569,569,3,N,N,-,-1,-1,HeatEvaluator=8.743445294051345E-5
MEMMUS.txt-331,0,806,806,4,Y,Y,1.0,0,806,HeatEvaluator=4.3885489703379503E-4
GRONOW.txt-332,0,1080,1080,5,N,N,-,-1,-1,HeatEvaluator=7.453753140061925E-5
MEMMUS.txt-333,0,1403,1403,9,Y,Y,1.0,0,1403,HeatEvaluator=5.722683059092074E-4
GRONOW.txt-334,0,1451,1451,4,N,N,-,-1,-1,HeatEvaluator=7.72147064443082E-5
MEMMUS.txt-335,0,821,821,7,Y,Y,1.0,0,821,HeatEvaluator=3.511552460394371E-4
GRONOW.txt-336,0,834,834,4,N,N,-,-1,-1,HeatEvaluator=9.080734491708206E-5
MEMMUS.txt-337,0,376,376,4,Y,Y,1.0,0,376,HeatEvaluator=2.2935828947989026E-4
MEMMUS.txt-338,0,264,264,1,N,N,-,-1,-1,HeatEvaluator=7.873563523072857E-5
MULIFE.txt-339,0,425,425,4,Y,Y,1.0,0,425,HeatEvaluator=2.2200184766714144E-4
GRONOW.txt-340,0,417,417,3,Y,N,-,-1,-1,HeatEvaluator=1.180892505468789E-4
MULIFE.txt-341,0,683,683,6,Y,Y,1.0,0,683,HeatEvaluator=1.456926289639781E-4
GRONOW.txt-342,0,886,886,5,Y,N,-,-1,-1,HeatEvaluator=1.2516085411892438E-4
MULIFE.txt-343,0,387,387,4,Y,Y,1.0,0,387,HeatEvaluator=3.538483466093007E-4
GRONOW.txt-344,0,397,397,4,Y,N,-,-1,-1,HeatEvaluator=1.5020009375101223E-4
MULIFE.txt-345,0,626,626,5,N,Y,1.0,0,626,HeatEvaluator=9.291419476484775E-5
GRONOW.txt-346,0,730,730,2,N,N,-,-1,-1,HeatEvaluator=6.66884125537936E-5
MULIFE.txt-347,0,660,660,5,Y,Y,1.0,0,660,HeatEvaluator=2.576869455215345E-4
GRONOW.txt-348,0,837,837,3,Y,N,-,-1,-1,HeatEvaluator=1.2047618737642776E-4
MULIFE.txt-349,0,1253,1253,6,Y,Y,1.0,0,1253,HeatEvaluator=2.156807714341077E-4
GRONOW.txt-350,0,1405,1405,4,N,N,-,-1,-1,HeatEvaluator=1.0615684567487602E-4
MULIFE.txt-351,0,653,653,5,Y,Y,1.0,0,653,HeatEvaluator=2.27490070085219E-4
GRONOW.txt-352,0,687,687,5,N,N,-,-1,-1,HeatEvaluator=1.0396118159340332E-4
MULIFE.txt-353,0,676,676,5,Y,Y,1.0,0,676,HeatEvaluator=3.274932972377773E-4
GRONOW.txt-354,0,532,532,4,N,N,-,-1,-1,HeatEvaluator=8.621430576929617E-5
MULIFE.txt-355,0,269,269,4,Y,Y,1.0,0,269,HeatEvaluator=2.1271070403898086E-4
GRONOW.txt-356,0,288,288,2,Y,N,-,-1,-1,HeatEvaluator=1.1428963179333702E-4
MULIFE.txt-357,0,282,282,2,Y,Y,1.0,0,282,HeatEvaluator=4.942903963069281E-4
GRONOW.txt-358,0,262,262,1,N,N,-,-1,-1,HeatEvaluator=4.766142611116062E-5
MULIFE.txt-359,0,840,840,6,Y,Y,1.0,0,840,HeatEvaluator=1.3461467699905848E-4
GRONOW.txt-360,0,1134,1134,7,N,N,-,-1,-1,HeatEvaluator=9.962239827571012E-5
MULIFE.txt-361,0,486,486,3,Y,Y,1.0,0,486,HeatEvaluator=2.4951075155308847E-4
GRONOW.txt-362,0,729,729,7,N,N,-,-1,-1,HeatEvaluator=1.0644126964650366E-4
MULIFE.txt-363,0,664,664,4,Y,Y,1.0,0,664,HeatEvaluator=2.0875188748103695E-4
GRONOW.txt-364,0,563,563,1,N,N,-,-1,-1,HeatEvaluator=6.866856397476095E-5
MULIFE.txt-365,0,523,523,4,Y,Y,1.0,0,523,HeatEvaluator=3.3589485828005417E-4
MULIFE.txt-366,0,473,473,3,N,N,-,-1,-1,HeatEvaluator=1.0104317957266986E-4
MULIFE.txt-367,0,1204,1204,12,Y,Y,1.0,0,1204,HeatEvaluator=3.136974788052009E-4
MULIFE.txt-368,0,650,650,4,Y,N,-,-1,-1,HeatEvaluator=3.6499533984384226E-4
MULIFE.txt-369,0,744,744,8,Y,Y,1.0,0,744,HeatEvaluator=2.249817889307529E-4
MULIFE.txt-370,0,769,769,4,N,N,-,-1,-1,HeatEvaluator=1.0081804691233485E-4
MULIFE.txt-371,0,1947,1947,16,Y,Y,1.0,0,1947,HeatEvaluator=2.5189594428089667E-4
MULIFE.txt-372,0,1188,1188,10,Y,N,-,-1,-1,HeatEvaluator=1.7962780777082375E-4
MULIFE.txt-373,0,2138,2138,17,Y,Y,1.0,0,2138,HeatEvaluator=2.190978483176618E-4
GRONOW.txt-374,0,2258,2258,11,N,N,-,-1,-1,HeatEvaluator=8.867517907176921E-5
MULIFE.txt-375,0,866,866,6,Y,Y,1.0,0,866,HeatEvaluator=3.1803797529083325E-4
GRONOW.txt-376,0,1041,1041,6,N,N,-,-1,-1,HeatEvaluator=9.00747370765713E-5
MULIFE.txt-377,0,2918,2918,28,Y,Y,1.0,0,2918,HeatEvaluator=2.3968600546608117E-4
GRONOW.txt-378,0,3008,3008,14,N,N,-,-1,-1,HeatEvaluator=1.0140029189612989E-4
MULIFE.txt-379,0,533,533,7,Y,Y,1.0,0,533,HeatEvaluator=4.241504463635764E-4
GRONOW.txt-380,0,573,573,5,Y,N,-,-1,-1,HeatEvaluator=2.459594196205063E-4
MULIFE.txt-381,0,1433,1433,9,Y,Y,1.0,0,1433,HeatEvaluator=1.8928524922722406E-4
GRONOW.txt-382,0,1453,1453,6,N,N,-,-1,-1,HeatEvaluator=8.036547862016751E-5
MULIFE.txt-383,0,1336,1336,8,Y,Y,1.0,0,1336,HeatEvaluator=1.4551762331833467E-4
GRONOW.txt-384,0,1720,1720,11,N,N,-,-1,-1,HeatEvaluator=1.0376876104236876E-4
MULIFE.txt-385,0,1273,1273,6,Y,Y,1.0,0,1273,HeatEvaluator=1.6010510893573368E-4
MULIFE.txt-386,0,1153,1153,5,Y,N,-,-1,-1,HeatEvaluator=1.507063059608848E-4
MULIFE.txt-387,0,768,768,5,Y,Y,1.0,0,768,HeatEvaluator=2.3808010137303158E-4
GRONOW.txt-388,0,725,725,2,Y,N,-,-1,-1,HeatEvaluator=1.1304245693550752E-4
MULIFE.txt-389,0,473,473,4,Y,Y,1.0,0,473,HeatEvaluator=1.2923903141905457E-4
GRONOW.txt-390,0,499,499,6,Y,N,-,-1,-1,HeatEvaluator=1.2246523211648092E-4
MUSING.txt-391,0,347,347,1,Y,Y,1.0,0,347,HeatEvaluator=2.5809806491882125E-4
MUSING.txt-392,0,360,360,2,Y,N,-,-1,-1,HeatEvaluator=1.2012843113192449E-4
MUSING.txt-393,0,658,658,3,Y,Y,1.0,0,658,HeatEvaluator=3.450643110235135E-4
MUSING.txt-394,0,822,822,2,N,N,-,-1,-1,HeatEvaluator=9.655818467608748E-5
MUSING.txt-395,0,558,558,3,Y,Y,1.0,0,558,HeatEvaluator=3.540956831819801E-4
MUSING.txt-396,0,540,540,2,N,N,-,-1,-1,HeatEvaluator=8.916198449348997E-5
MUSING.txt-397,0,392,392,3,Y,Y,1.0,0,392,HeatEvaluator=2.1052334072262983E-4
MEMMUS.txt-398,0,378,378,3,N,N,-,-1,-1,HeatEvaluator=8.768374151438602E-5
MUSING.txt-399,0,996,996,4,Y,Y,1.0,0,996,HeatEvaluator=2.1025286331080397E-4
GRONOW.txt-400,0,835,835,3,N,N,-,-1,-1,HeatEvaluator=7.097390508609288E-5
MUSING.txt-401,0,573,573,2,Y,Y,1.0,0,573,HeatEvaluator=3.142841823845159E-4
MUSING.txt-402,0,744,744,2,N,N,-,-1,-1,HeatEvaluator=1.1141404363795917E-4
MUSING.txt-403,0,423,423,2,Y,Y,1.0,0,423,HeatEvaluator=2.7065982149555824E-4
MUSING.txt-404,0,357,357,1,N,N,-,-1,-1,HeatEvaluator=7.71933113428593E-5
MUSING.txt-405,0,621,621,5,Y,Y,1.0,0,621,HeatEvaluator=2.8139916313758297E-4
MUSING.txt-406,0,357,357,2,Y,N,-,-1,-1,HeatEvaluator=1.2603882570467299E-4
MUSING.txt-407,0,340,340,1,Y,Y,1.0,0,340,HeatEvaluator=2.6194875340981665E-4
MUSING.txt-408,0,487,487,4,N,N,-,-1,-1,HeatEvaluator=1.070147831226048E-4
MUSING.txt-409,0,568,568,2,Y,Y,1.0,0,568,HeatEvaluator=4.334929970693789E-4
MUSING.txt-410,0,362,362,2,N,N,-,-1,-1,HeatEvaluator=9.135037464077467E-5
MUSING.txt-411,0,466,466,2,Y,Y,1.0,0,466,HeatEvaluator=2.0960139400205978E-4
MUSING.txt-412,0,517,517,4,N,N,-,-1,-1,HeatEvaluator=8.038074517820315E-5
MUSING.txt-413,0,608,608,5,Y,Y,1.0,0,608,HeatEvaluator=6.622027030939468E-4
MUSING.txt-414,0,420,420,2,N,N,-,-1,-1,HeatEvaluator=9.15272086893204E-5
MUSING.txt-415,0,487,487,3,Y,Y,1.0,0,487,HeatEvaluator=1.9221375089141708E-4
MUSING.txt-416,0,451,451,1,N,N,-,-1,-1,HeatEvaluator=5.4661475178961904E-5
MUSING.txt-417,0,478,478,2,Y,Y,1.0,0,478,HeatEvaluator=6.513132541348777E-4
MUSING.txt-418,0,553,553,2,N,N,-,-1,-1,HeatEvaluator=6.640673799750267E-5
MUSING.txt-419,0,515,515,1,Y,Y,1.0,0,515,HeatEvaluator=4.2250203185882813E-4
MUSING.txt-420,0,585,585,4,N,N,-,-1,-1,HeatEvaluator=1.0450425721528443E-4
MUSING.txt-421,0,406,406,2,Y,Y,1.0,0,406,HeatEvaluator=2.9310018563988906E-4
MUSING.txt-422,0,451,451,2,Y,N,-,-1,-1,HeatEvaluator=3.4742189372511897E-4
MUSING.txt-423,0,470,470,2,Y,Y,1.0,0,470,HeatEvaluator=2.5814571098092907E-4
GRONOW.txt-424,0,455,455,4,N,N,-,-1,-1,HeatEvaluator=8.025080205926624E-5
MUSING.txt-425,0,971,971,6,Y,Y,1.0,0,971,HeatEvaluator=2.4419734779455187E-4
MUSING.txt-426,0,552,552,3,Y,N,-,-1,-1,HeatEvaluator=1.8777768845789036E-4
MUSING.txt-427,0,938,938,5,Y,Y,1.0,0,938,HeatEvaluator=3.0093907384162684E-4
MUSING.txt-428,0,940,940,4,Y,N,-,-1,-1,HeatEvaluator=3.250458732203784E-4
MUSREM.txt-429,0,159,159,1,Y,Y,1.0,0,159,HeatEvaluator=2.9995992267898544E-4
MUSING.txt-430,0,259,259,2,Y,N,-,-1,-1,HeatEvaluator=1.3784357807227612E-4
MUSREM.txt-431,0,322,322,2,Y,Y,1.0,0,322,HeatEvaluator=4.641324965150645E-4
MUSREM.txt-432,0,291,291,2,Y,N,-,-1,-1,HeatEvaluator=2.3510253699004678E-4
MUSREM.txt-433,0,318,318,3,Y,Y,1.0,0,318,HeatEvaluator=2.8217657706623744E-4
MUSREM.txt-434,0,400,400,1,Y,N,-,-1,-1,HeatEvaluator=5.500382403016171E-4
MUSREM.txt-435,0,392,392,2,Y,Y,1.0,0,392,HeatEvaluator=2.593361692495637E-4
MUSING.txt-436,0,466,466,2,Y,N,-,-1,-1,HeatEvaluator=1.1330566736509548E-4
MUSREM.txt-437,0,529,529,7,Y,Y,1.0,0,529,HeatEvaluator=2.009330212998046E-4
MUSING.txt-438,0,422,422,4,Y,N,-,-1,-1,HeatEvaluator=1.324565207116923E-4
MUSREM.txt-439,0,561,561,3,Y,Y,1.0,0,561,HeatEvaluator=3.1184003353256477E-4
MUSING.txt-440,0,401,401,1,Y,N,-,-1,-1,HeatEvaluator=2.727166973485796E-4
MUSREM.txt-441,0,397,397,1,Y,Y,1.0,0,397,HeatEvaluator=2.387882016573796E-4
MUSING.txt-442,0,683,683,3,Y,N,-,-1,-1,HeatEvaluator=1.518055024876872E-4
MUSREM.txt-443,0,379,379,3,Y,Y,1.0,0,379,HeatEvaluator=2.839775797938639E-4
MUSING.txt-444,0,553,553,2,Y,N,-,-1,-1,HeatEvaluator=2.354639906725692E-4
MUSREM.txt-445,0,248,248,1,Y,Y,1.0,0,248,HeatEvaluator=2.3846807105362E-4
GRONOW.txt-446,0,236,236,2,N,N,-,-1,-1,HeatEvaluator=8.049532044509996E-5
MUSREM.txt-447,0,311,311,2,Y,Y,1.0,0,311,HeatEvaluator=4.0619802605813165E-4
GRONOW.txt-448,0,299,299,2,N,N,-,-1,-1,HeatEvaluator=6.962724017968068E-5
MUSREM.txt-449,0,197,197,1,Y,Y,1.0,0,197,HeatEvaluator=5.678270844531936E-4
GRONOW.txt-450,0,269,269,2,N,N,-,-1,-1,HeatEvaluator=6.0037105891745576E-5
MUSREM.txt-451,0,190,190,1,Y,Y,1.0,0,190,HeatEvaluator=3.691141027161075E-4
MEMMUS.txt-452,0,226,226,1,Y,N,-,-1,-1,HeatEvaluator=3.551583237381156E-4
MUSREM.txt-453,0,190,190,1,Y,Y,1.0,0,190,HeatEvaluator=3.8628945899068585E-4
GRONOW.txt-454,0,277,277,1,Y,N,-,-1,-1,HeatEvaluator=1.1404995669416611E-4
MUSREM.txt-455,0,190,190,2,Y,Y,1.0,0,190,HeatEvaluator=4.554898823063143E-4
MEMMUS.txt-456,0,139,139,2,Y,N,-,-1,-1,HeatEvaluator=3.3560791159762885E-4
MUSREM.txt-457,0,526,526,2,Y,Y,1.0,0,526,HeatEvaluator=2.225267814934169E-4
GRONOW.txt-458,0,536,536,3,N,N,-,-1,-1,HeatEvaluator=9.752569625004777E-5
MUSREM.txt-459,0,347,347,2,Y,Y,1.0,0,347,HeatEvaluator=3.967042461033381E-4
GRONOW.txt-460,0,509,509,2,N,N,-,-1,-1,HeatEvaluator=7.216819098117355E-5
MUSREM.txt-461,0,382,382,3,Y,Y,1.0,0,382,HeatEvaluator=2.770303043868406E-4
GRONOW.txt-462,0,351,351,1,N,N,-,-1,-1,HeatEvaluator=9.096220751114401E-5
MUSREM.txt-463,0,553,553,3,Y,Y,1.0,0,553,HeatEvaluator=2.6198329828988506E-4
GRONOW.txt-464,0,599,599,3,N,N,-,-1,-1,HeatEvaluator=8.331241479014959E-5
MUSREM.txt-465,0,118,118,1,Y,Y,1.0,0,118,HeatEvaluator=5.044298503637245E-4
GRONOW.txt-466,0,361,361,2,N,N,-,-1,-1,HeatEvaluator=6.438189766764866E-5
MUSREM.txt-467,0,553,553,2,Y,Y,1.0,0,553,HeatEvaluator=3.255918690590051E-4
GRONOW.txt-468,0,658,658,4,N,N,-,-1,-1,HeatEvaluator=9.092545563117577E-5
MUSREM.txt-469,0,320,320,4,Y,Y,1.0,0,320,HeatEvaluator=5.443905700552224E-4
GRONOW.txt-470,0,583,583,2,N,N,-,-1,-1,HeatEvaluator=5.781865744282198E-5
MUSREM.txt-471,0,1688,1688,11,Y,Y,1.0,0,1688,HeatEvaluator=2.3673638228244138E-4
GRONOW.txt-472,0,1412,1412,14,Y,N,-,-1,-1,HeatEvaluator=1.1653845689833576E-4
MUSREM.txt-473,0,527,527,3,Y,Y,1.0,0,527,HeatEvaluator=3.217695356347004E-4
GRONOW.txt-474,0,534,534,4,N,N,-,-1,-1,HeatEvaluator=9.772528201831791E-5
MUSREM.txt-475,0,333,333,2,Y,Y,1.0,0,333,HeatEvaluator=2.805585569056798E-4
REMKEL1.txt-476,0,389,389,2,N,N,-,-1,-1,HeatEvaluator=9.321267906622475E-5
MUSREM.txt-477,0,229,229,2,Y,Y,1.0,0,229,HeatEvaluator=4.1016018177568426E-4
REMKEL1.txt-478,0,415,415,2,N,N,-,-1,-1,HeatEvaluator=6.687524209762657E-5
MUSREM.txt-479,0,229,229,2,Y,Y,1.0,0,229,HeatEvaluator=4.1830694158101635E-4
REMKEL1.txt-480,0,217,217,1,N,N,-,-1,-1,HeatEvaluator=4.656914970267916E-5
MUSREM.txt-481,0,1235,1235,5,Y,Y,1.0,0,1235,HeatEvaluator=3.527321793767222E-4
REMKEL1.txt-482,0,1209,1209,6,N,N,-,-1,-1,HeatEvaluator=9.27179454743711E-5
MUSREM.txt-483,0,267,267,2,Y,Y,1.0,0,267,HeatEvaluator=5.698734239775258E-4
REMKEL1.txt-484,0,325,325,2,N,N,-,-1,-1,HeatEvaluator=7.905130369273527E-5
MUSREM.txt-485,0,531,531,3,Y,Y,1.0,0,531,HeatEvaluator=3.785733489189879E-4
REMKEL1.txt-486,0,548,548,4,N,N,-,-1,-1,HeatEvaluator=9.230945049816159E-5
MUSREM.txt-487,0,563,563,5,Y,Y,1.0,0,563,HeatEvaluator=2.4731926162694897E-4
REMKEL1.txt-488,0,410,410,3,Y,N,-,-1,-1,HeatEvaluator=1.169259730278833E-4
MUSREM.txt-489,0,1069,1069,7,Y,Y,1.0,0,1069,HeatEvaluator=1.8956550314160378E-4
REMKEL1.txt-490,0,1181,1181,9,N,N,-,-1,-1,HeatEvaluator=7.422055271074058E-5
MUSREM.txt-491,0,343,343,1,Y,Y,1.0,0,343,HeatEvaluator=3.245267570902397E-4
REMKEL1.txt-492,0,268,268,2,Y,N,-,-1,-1,HeatEvaluator=3.260254550208033E-4
OUSELEY.txt-493,0,2313,2313,14,Y,Y,1.0,0,2313,HeatEvaluator=2.4942586220822024E-4
OUSLEY.txt-494,0,2259,2259,18,Y,N,-,-1,-1,HeatEvaluator=1.8926355312487835E-4
PILGRIM.txt-495,0,766,766,6,Y,Y,1.0,0,766,HeatEvaluator=3.627338500850029E-4
OUSLEY.txt-496,0,1277,1277,6,Y,N,-,-1,-1,HeatEvaluator=2.623240207623564E-4
PILGRIM.txt-497,0,659,659,4,Y,Y,1.0,0,659,HeatEvaluator=1.9226424738401048E-4
OUSLEY.txt-498,0,750,750,4,Y,N,-,-1,-1,HeatEvaluator=1.504728238161334E-4
PILGRIM.txt-499,0,940,940,4,N,Y,1.0,0,940,HeatEvaluator=9.185576185434452E-5
OUSLEY.txt-500,0,601,601,4,N,N,-,-1,-1,HeatEvaluator=8.406991483955463E-5
PILGRIM.txt-501,0,962,962,9,Y,Y,1.0,0,962,HeatEvaluator=2.7712967551214013E-4
PILGRIM.txt-502,0,660,660,6,Y,N,-,-1,-1,HeatEvaluator=2.1275804201956422E-4
PILGRIM.txt-503,0,1470,1470,14,Y,Y,1.0,0,1470,HeatEvaluator=3.089106807387091E-4
PILGRIM.txt-504,0,1324,1324,9,Y,N,-,-1,-1,HeatEvaluator=1.5195107126625903E-4
PILGRIM.txt-505,0,406,406,3,N,Y,1.0,0,406,HeatEvaluator=1.0507506691857305E-4
PILGRIM.txt-506,0,262,262,1,N,N,-,-1,-1,HeatEvaluator=5.257962563765445E-5
PILGRIM.txt-507,0,861,861,4,Y,Y,1.0,0,861,HeatEvaluator=2.3862032729667998E-4
PILGRIM.txt-508,0,679,679,3,N,N,-,-1,-1,HeatEvaluator=8.67298518995837E-5
PILGRIM.txt-509,0,1981,1981,12,Y,Y,1.0,0,1981,HeatEvaluator=1.927400435851477E-4
PILGRIM.txt-510,0,2094,2094,17,N,N,-,-1,-1,HeatEvaluator=8.125401439464935E-5
PILGRIM.txt-511,0,2501,2501,14,Y,Y,1.0,0,2501,HeatEvaluator=2.289213346444467E-4
PILGRIM.txt-512,0,2650,2650,19,N,N,-,-1,-1,HeatEvaluator=9.173806488308988E-5
PILGRIM.txt-513,0,554,554,4,Y,Y,1.0,0,554,HeatEvaluator=2.9503789603969546E-4
PILGRIM.txt-514,0,520,520,3,N,N,-,-1,-1,HeatEvaluator=9.912455442463933E-5
PILGRIM.txt-515,0,1796,1796,19,Y,Y,1.0,0,1796,HeatEvaluator=1.9276641388629896E-4
PILGRIM.txt-516,0,1399,1399,12,N,N,-,-1,-1,HeatEvaluator=9.539166685703804E-5
PILGRIM.txt-517,0,1653,1653,12,Y,Y,1.0,0,1653,HeatEvaluator=3.289512621235889E-4
PILGRIM.txt-518,0,788,788,7,Y,N,-,-1,-1,HeatEvaluator=1.4631013196608219E-4
PILGRIM.txt-519,0,1507,1507,9,Y,Y,1.0,0,1507,HeatEvaluator=2.005406529399695E-4
PILGRIM.txt-520,0,813,813,7,N,N,-,-1,-1,HeatEvaluator=1.0329715225600764E-4
PILGRIM.txt-521,0,1354,1354,8,Y,Y,1.0,0,1354,HeatEvaluator=1.4379223778110924E-4
PILGRIM.txt-522,0,936,936,8,N,N,-,-1,-1,HeatEvaluator=1.0105647827367166E-4
RECMUS.txt-523,0,228,228,1,N,Y,1.0,0,228,HeatEvaluator=1.066641272864178E-4
PILGRIM.txt-524,0,243,243,1,N,N,-,-1,-1,HeatEvaluator=1.0627826468941753E-4
RECMUS.txt-525,0,157,157,1,Y,Y,1.0,0,157,HeatEvaluator=4.453326622222646E-4
PILGRIM.txt-526,0,228,228,2,N,N,-,-1,-1,HeatEvaluator=8.240802574576742E-5
RECMUS.txt-527,0,231,231,1,Y,Y,1.0,0,231,HeatEvaluator=3.022331016057086E-4
PILGRIM.txt-528,0,296,296,2,Y,N,-,-1,-1,HeatEvaluator=1.223922549744959E-4
RECMUS.txt-529,0,339,339,1,Y,Y,1.0,0,339,HeatEvaluator=2.4624956205253194E-4
PILGRIM.txt-530,0,316,316,2,N,N,-,-1,-1,HeatEvaluator=8.001328966769807E-5
RECMUS.txt-531,0,228,228,2,Y,Y,1.0,0,228,HeatEvaluator=9.627706196737875E-4
PILGRIM.txt-532,0,298,298,2,N,N,-,-1,-1,HeatEvaluator=6.996544824514536E-5
RECMUS.txt-533,0,128,128,2,Y,Y,1.0,0,128,HeatEvaluator=9.16539344205581E-4
PILGRIM.txt-534,0,258,258,1,N,N,-,-1,-1,HeatEvaluator=8.997519607683774E-5
RECMUS.txt-535,0,126,126,1,Y,Y,1.0,0,126,HeatEvaluator=1.381180785659639E-4
PILGRIM.txt-536,0,240,240,2,N,N,-,-1,-1,HeatEvaluator=6.687463630064317E-5
RECMUS.txt-537,0,98,98,1,Y,Y,1.0,0,98,HeatEvaluator=3.370203961066186E-4
PILGRIM.txt-538,0,133,133,2,N,N,-,-1,-1,HeatEvaluator=5.840512948560594E-5
RECMUS.txt-539,0,318,318,3,Y,Y,1.0,0,318,HeatEvaluator=1.8384848737929607E-4
PILGRIM.txt-540,0,441,441,2,N,N,-,-1,-1,HeatEvaluator=6.020992289280309E-5
RECMUS.txt-541,0,386,386,2,N,Y,1.0,0,386,HeatEvaluator=1.0364243909207385E-4
PILGRIM.txt-542,0,373,373,3,N,N,-,-1,-1,HeatEvaluator=8.141502871907663E-5
RECMUS.txt-543,0,140,140,2,Y,Y,1.0,0,140,HeatEvaluator=5.815469574976368E-4
PILGRIM.txt-544,0,147,147,1,N,N,-,-1,-1,HeatEvaluator=1.0456112912917966E-4
RECMUS.txt-545,0,349,349,2,Y,Y,1.0,0,349,HeatEvaluator=1.7567316075874933E-4
PILGRIM.txt-546,0,477,477,5,Y,N,-,-1,-1,HeatEvaluator=1.1991617106282002E-4
RECMUS.txt-547,0,331,331,2,Y,Y,1.0,0,331,HeatEvaluator=3.668647784151519E-4
PILGRIM.txt-548,0,216,216,2,Y,N,-,-1,-1,HeatEvaluator=1.1753919749669168E-4
RECMUS.txt-549,0,706,706,2,Y,Y,1.0,0,706,HeatEvaluator=2.6355783687743403E-4
PILGRIM.txt-550,0,651,651,6,Y,N,-,-1,-1,HeatEvaluator=1.1669038816268253E-4
RECMUS.txt-551,0,265,265,4,Y,Y,1.0,0,265,HeatEvaluator=3.799604483939287E-4
PILGRIM.txt-552,0,249,249,2,N,N,-,-1,-1,HeatEvaluator=9.461575498604566E-5
RECMUS.txt-553,0,391,391,3,Y,Y,1.0,0,391,HeatEvaluator=3.947297398629044E-4
PILGRIM.txt-554,0,360,360,2,Y,N,-,-1,-1,HeatEvaluator=1.2481455576204159E-4
RECMUS.txt-555,0,350,350,2,Y,Y,1.0,0,350,HeatEvaluator=1.9376486241515011E-4
PILGRIM.txt-556,0,288,288,4,N,N,-,-1,-1,HeatEvaluator=8.757873230743395E-5
RECMUS.txt-557,0,491,491,5,Y,Y,1.0,0,491,HeatEvaluator=1.1776104764481488E-4
PILGRIM.txt-558,0,338,338,4,Y,N,-,-1,-1,HeatEvaluator=1.3107776255422214E-4
RECMUS.txt-559,0,358,358,2,Y,Y,1.0,0,358,HeatEvaluator=3.908209749336198E-4
PILGRIM.txt-560,0,214,214,2,N,N,-,-1,-1,HeatEvaluator=1.0159127772121268E-4
RECMUS.txt-561,0,125,125,1,Y,Y,1.0,0,125,HeatEvaluator=2.653776231955305E-4
PILGRIM.txt-562,0,106,106,1,N,N,-,-1,-1,HeatEvaluator=4.7811919557214764E-5
RECMUS.txt-563,0,258,258,2,Y,Y,1.0,0,258,HeatEvaluator=5.685305263569923E-4
PILGRIM.txt-564,0,227,227,1,N,N,-,-1,-1,HeatEvaluator=8.013787366724656E-5
RECMUS.txt-565,0,341,341,5,Y,Y,1.0,0,341,HeatEvaluator=3.8652823914227464E-4
PILGRIM.txt-566,0,342,342,2,N,N,-,-1,-1,HeatEvaluator=1.1100794309932773E-4
RECMUS.txt-567,0,168,168,1,Y,Y,1.0,0,168,HeatEvaluator=2.965714087719528E-4
PILGRIM.txt-568,0,177,177,1,Y,N,-,-1,-1,HeatEvaluator=1.1895330958007398E-4
RECMUS.txt-569,0,704,704,6,Y,Y,1.0,0,704,HeatEvaluator=3.9669496650379633E-4
PILGRIM.txt-570,0,1193,1193,12,N,N,-,-1,-1,HeatEvaluator=5.378293338715977E-5
RECMUS.txt-571,0,164,164,2,Y,Y,1.0,0,164,HeatEvaluator=2.5553690563160584E-4
PILGRIM.txt-572,0,328,328,2,N,N,-,-1,-1,HeatEvaluator=9.820123039637741E-5
RECMUS.txt-573,0,510,510,3,Y,Y,1.0,0,510,HeatEvaluator=2.468102065301049E-4
PILGRIM.txt-574,0,447,447,2,N,N,-,-1,-1,HeatEvaluator=7.414055970446408E-5
RECMUS.txt-575,0,280,280,3,Y,Y,1.0,0,280,HeatEvaluator=3.2572186380274397E-4
RECMUS.txt-576,0,312,312,1,Y,N,-,-1,-1,HeatEvaluator=2.446508374844219E-4
RECMUS.txt-577,0,491,491,2,Y,Y,1.0,0,491,HeatEvaluator=6.821453297814648E-4
RECMUS.txt-578,0,457,457,3,Y,N,-,-1,-1,HeatEvaluator=1.9928715496055616E-4
RECMUS.txt-579,0,348,348,3,Y,Y,1.0,0,348,HeatEvaluator=2.1214830057935955E-4
RECMUS.txt-580,0,296,296,2,N,N,-,-1,-1,HeatEvaluator=1.023271595220472E-4
RECMUS.txt-581,0,435,435,4,Y,Y,1.0,0,435,HeatEvaluator=2.6665021707361646E-4
RECMUS.txt-582,0,449,449,3,Y,N,-,-1,-1,HeatEvaluator=1.4875873737239776E-4
RECMUS.txt-583,0,445,445,3,Y,Y,1.0,0,445,HeatEvaluator=3.8042594476106587E-4
PILGRIM.txt-584,0,455,455,4,N,N,-,-1,-1,HeatEvaluator=8.865569925146799E-5
RECMUS.txt-585,0,250,250,2,Y,Y,1.0,0,250,HeatEvaluator=3.701507090326767E-4
PILGRIM.txt-586,0,220,220,2,Y,N,-,-1,-1,HeatEvaluator=1.3227118620788662E-4
RECMUS.txt-587,0,262,262,3,Y,Y,1.0,0,262,HeatEvaluator=3.340047542135406E-4
PILGRIM.txt-588,0,296,296,4,N,N,-,-1,-1,HeatEvaluator=6.571038017956462E-5
RECMUS.txt-589,0,269,269,3,Y,Y,1.0,0,269,HeatEvaluator=6.979147238720684E-4
PILGRIM.txt-590,0,231,231,3,N,N,-,-1,-1,HeatEvaluator=9.684205537087739E-5
RECMUS.txt-591,0,401,401,2,Y,Y,1.0,0,401,HeatEvaluator=3.40056106595825E-4
PILGRIM.txt-592,0,374,374,2,N,N,-,-1,-1,HeatEvaluator=8.825233438283267E-5
RECMUS.txt-593,0,231,231,2,Y,Y,1.0,0,231,HeatEvaluator=6.032519253115784E-4
PILGRIM.txt-594,0,206,206,2,N,N,-,-1,-1,HeatEvaluator=9.804293376315936E-5
RECMUS.txt-595,0,742,742,10,Y,Y,1.0,0,742,HeatEvaluator=2.2453140142526888E-4
PILGRIM.txt-596,0,678,678,5,Y,N,-,-1,-1,HeatEvaluator=1.1472393240515767E-4
RECMUS.txt-597,0,357,357,1,Y,Y,1.0,0,357,HeatEvaluator=4.87897976501164E-4
PILGRIM.txt-598,0,325,325,2,N,N,-,-1,-1,HeatEvaluator=9.147500768983643E-5
RECMUS.txt-599,0,419,419,2,Y,Y,1.0,0,419,HeatEvaluator=3.3889440090704195E-4
PILGRIM.txt-600,0,392,392,4,N,N,-,-1,-1,HeatEvaluator=9.121840202548574E-5
RECMUS.txt-601,0,279,279,3,Y,Y,1.0,0,279,HeatEvaluator=5.973604767203026E-4
PILGRIM.txt-602,0,176,176,2,Y,N,-,-1,-1,HeatEvaluator=1.4269391301009483E-4
RECMUS.txt-603,0,199,199,2,Y,Y,1.0,0,199,HeatEvaluator=3.754001915441862E-4
RECMUS.txt-604,0,460,460,3,N,N,-,-1,-1,HeatEvaluator=6.424310102134784E-5
RECMUS.txt-605,0,146,146,1,Y,Y,1.0,0,146,HeatEvaluator=4.063885375024743E-4
RECMUS.txt-606,0,283,283,1,Y,N,-,-1,-1,HeatEvaluator=1.391509136684669E-4
RECMUS.txt-607,0,265,265,4,Y,Y,1.0,0,265,HeatEvaluator=5.097975457892407E-4
RECMUS.txt-608,0,234,234,1,Y,N,-,-1,-1,HeatEvaluator=1.1371341701392494E-4
RECMUS.txt-609,0,492,492,2,Y,Y,1.0,0,492,HeatEvaluator=3.437311112133638E-4
RECMUS.txt-610,0,299,299,2,Y,N,-,-1,-1,HeatEvaluator=1.663558128467175E-4
RECMUS.txt-611,0,306,306,3,Y,Y,1.0,0,306,HeatEvaluator=2.4614909652041653E-4
RECMUS.txt-612,0,314,314,2,Y,N,-,-1,-1,HeatEvaluator=1.1785864905293658E-4
RECMUS.txt-613,0,162,162,3,Y,Y,1.0,0,162,HeatEvaluator=7.331618716678528E-4
RECMUS.txt-614,0,174,174,1,Y,N,-,-1,-1,HeatEvaluator=1.172362354721792E-4
RECMUS.txt-615,0,200,200,1,Y,Y,1.0,0,200,HeatEvaluator=8.141033337676377E-4
RECMUS.txt-616,0,115,115,1,Y,N,-,-1,-1,HeatEvaluator=1.2199848990517016E-4
RECMUS.txt-617,0,111,111,1,Y,Y,1.0,0,111,HeatEvaluator=1.3787200372397117E-4
RECMUS.txt-618,0,144,144,1,Y,N,-,-1,-1,HeatEvaluator=2.1223378790381775E-4
RECMUS.txt-619,0,222,222,3,Y,Y,1.0,0,222,HeatEvaluator=3.6178616536421923E-4
RECMUS.txt-620,0,190,190,3,Y,N,-,-1,-1,HeatEvaluator=1.4028231248088604E-4
RECOLL.txt-621,0,904,904,6,Y,Y,1.0,0,904,HeatEvaluator=2.7756453538243625E-4
RECMUS.txt-622,0,832,832,5,Y,N,-,-1,-1,HeatEvaluator=1.2317222163504908E-4
RECOLL.txt-623,0,537,537,3,Y,Y,1.0,0,537,HeatEvaluator=2.6429680049222103E-4
RECMUS.txt-624,0,435,435,5,N,N,-,-1,-1,HeatEvaluator=1.0551018315203866E-4
RECOLL.txt-625,0,179,179,1,Y,Y,1.0,0,179,HeatEvaluator=2.9318340578665154E-4
RECMUS.txt-626,0,261,261,3,N,N,-,-1,-1,HeatEvaluator=5.998785959650216E-5
RECOLL.txt-627,0,312,312,4,Y,Y,1.0,0,312,HeatEvaluator=2.536899291688053E-4
RECMUS.txt-628,0,399,399,4,Y,N,-,-1,-1,HeatEvaluator=1.5526818432660963E-4
RECOLL.txt-629,0,372,372,4,Y,Y,1.0,0,372,HeatEvaluator=3.2949076378384416E-4
RECMUS.txt-630,0,197,197,2,Y,N,-,-1,-1,HeatEvaluator=1.1521711253223988E-4
RECOLL.txt-631,0,647,647,7,Y,Y,1.0,0,647,HeatEvaluator=3.307795647180486E-4
RECOLL.txt-632,0,508,508,3,Y,N,-,-1,-1,HeatEvaluator=2.3314548603249353E-4
RECOLL.txt-633,0,602,602,4,Y,Y,1.0,0,602,HeatEvaluator=3.7649240293740314E-4
RECOLL.txt-634,0,494,494,4,Y,N,-,-1,-1,HeatEvaluator=2.1910244127614655E-4
RECOLL.txt-635,0,1212,1212,15,Y,Y,1.0,0,1212,HeatEvaluator=4.752699952701753E-4
RECOLL.txt-636,0,1260,1260,9,Y,N,-,-1,-1,HeatEvaluator=2.7828236402797023E-4
RECOLL.txt-637,0,279,279,2,Y,Y,1.0,0,279,HeatEvaluator=4.575235142681145E-4
RECOLL.txt-638,0,320,320,2,Y,N,-,-1,-1,HeatEvaluator=1.5015250391003088E-4
RECOLL.txt-639,0,491,491,5,Y,Y,1.0,0,491,HeatEvaluator=3.393758158906383E-4
RECOLL.txt-640,0,516,516,4,Y,N,-,-1,-1,HeatEvaluator=1.2400559571268472E-4
RECOLL.txt-641,0,664,664,7,Y,Y,1.0,0,664,HeatEvaluator=4.4620293012622244E-4
RECOLL.txt-642,0,561,561,4,Y,N,-,-1,-1,HeatEvaluator=1.5338463459074346E-4
RECOLL.txt-643,0,1004,1004,8,Y,Y,1.0,0,1004,HeatEvaluator=2.998393128117636E-4
RECOLL.txt-644,0,687,687,6,Y,N,-,-1,-1,HeatEvaluator=2.3987302723193753E-4
RECOLL.txt-645,0,824,824,8,Y,Y,1.0,0,824,HeatEvaluator=3.1589569080502566E-4
RECOLL.txt-646,0,679,679,4,Y,N,-,-1,-1,HeatEvaluator=1.340055797420479E-4
RECOLL.txt-647,0,447,447,3,Y,Y,1.0,0,447,HeatEvaluator=4.148370716066408E-4
RECOLL.txt-648,0,570,570,2,N,N,-,-1,-1,HeatEvaluator=1.0436448646057501E-4
RECOLL.txt-649,0,598,598,3,Y,Y,1.0,0,598,HeatEvaluator=2.1917685727958802E-4
RECOLL.txt-650,0,521,521,3,N,N,-,-1,-1,HeatEvaluator=9.738219432669675E-5
RECOLL.txt-651,0,506,506,4,Y,Y,1.0,0,506,HeatEvaluator=4.218701327442364E-4
RECOLL.txt-652,0,675,675,4,N,N,-,-1,-1,HeatEvaluator=9.42263465945827E-5
RECOLL.txt-653,0,328,328,4,Y,Y,1.0,0,328,HeatEvaluator=5.071685118588445E-4
RECOLL.txt-654,0,321,321,3,N,N,-,-1,-1,HeatEvaluator=8.542394042380653E-5
RECOLL.txt-655,0,1001,1001,7,Y,Y,1.0,0,1001,HeatEvaluator=3.2423579218628426E-4
RECOLL.txt-656,0,754,754,7,Y,N,-,-1,-1,HeatEvaluator=1.2745290471943935E-4
RECOLL.txt-657,0,604,604,4,Y,Y,1.0,0,604,HeatEvaluator=3.9084256451689826E-4
RECOLL.txt-658,0,692,692,6,N,N,-,-1,-1,HeatEvaluator=7.68474725101843E-5
RECOLL.txt-659,0,989,989,7,Y,Y,1.0,0,989,HeatEvaluator=4.5756638042837914E-4
RECOLL.txt-660,0,1047,1047,9,N,N,-,-1,-1,HeatEvaluator=1.0909196187716394E-4
RECOLL.txt-661,0,208,208,2,Y,Y,1.0,0,208,HeatEvaluator=6.175146221494234E-4
RECOLL.txt-662,0,224,224,3,Y,N,-,-1,-1,HeatEvaluator=1.5797979406105436E-4
RECOLL.txt-663,0,512,512,5,Y,Y,1.0,0,512,HeatEvaluator=3.7993706172668014E-4
RECOLL.txt-664,0,502,502,4,N,N,-,-1,-1,HeatEvaluator=1.029330584335603E-4
RECOLL.txt-665,0,493,493,4,Y,Y,1.0,0,493,HeatEvaluator=2.761838663388525E-4
RECOLL.txt-666,0,362,362,5,N,N,-,-1,-1,HeatEvaluator=9.001318816735704E-5
REMKEL1.txt-667,0,1028,1028,7,Y,Y,1.0,0,1028,HeatEvaluator=2.136386758046692E-4
RECOLL.txt-668,0,1269,1269,11,N,N,-,-1,-1,HeatEvaluator=8.01973097890705E-5
REMKEL1.txt-669,0,646,646,1,Y,Y,1.0,0,646,HeatEvaluator=2.1333856956263627E-4
REMKEL1.txt-670,0,318,318,2,N,N,-,-1,-1,HeatEvaluator=9.157464528707926E-5
REMKEL1.txt-671,0,563,563,3,Y,Y,1.0,0,563,HeatEvaluator=1.3288801212329494E-4
REMKEL1.txt-672,0,542,542,3,N,N,-,-1,-1,HeatEvaluator=8.266513612147715E-5
REMKEL1.txt-673,0,546,546,4,Y,Y,1.0,0,546,HeatEvaluator=2.461176051470675E-4
REMKEL1.txt-674,0,406,406,2,Y,N,-,-1,-1,HeatEvaluator=1.1599747234500066E-4
REMKEL1.txt-675,0,564,564,3,Y,Y,1.0,0,564,HeatEvaluator=2.4290674476436236E-4
REMKEL1.txt-676,0,503,503,10,N,N,-,-1,-1,HeatEvaluator=1.0993576712937211E-4
REMKEL1.txt-677,0,399,399,1,Y,Y,1.0,0,399,HeatEvaluator=1.2287901403718732E-4
REMKEL1.txt-678,0,607,607,10,N,N,-,-1,-1,HeatEvaluator=6.708965603018683E-5
REMKEL1.txt-679,0,462,462,4,N,Y,1.0,0,462,HeatEvaluator=1.0022956296800864E-4
REMKEL1.txt-680,0,481,481,2,Y,N,-,-1,-1,HeatEvaluator=1.8867641504748955E-4
REMKEL1.txt-681,0,1000,1000,7,Y,Y,1.0,0,1000,HeatEvaluator=2.79180617742226E-4
REMKEL1.txt-682,0,826,826,3,N,N,-,-1,-1,HeatEvaluator=8.614827493199375E-5
REMKEL1.txt-683,0,852,852,4,Y,Y,1.0,0,852,HeatEvaluator=1.7047881554775178E-4
REMKEL1.txt-684,0,819,819,5,N,N,-,-1,-1,HeatEvaluator=7.119496566138817E-5
REMKEL1.txt-685,0,862,862,8,Y,Y,1.0,0,862,HeatEvaluator=2.79911596616245E-4
REMKEL1.txt-686,0,835,835,5,N,N,-,-1,-1,HeatEvaluator=9.32845795439114E-5
REMKEL1.txt-687,0,446,446,2,Y,Y,1.0,0,446,HeatEvaluator=4.195348614078672E-4
REMKEL1.txt-688,0,325,325,3,Y,N,-,-1,-1,HeatEvaluator=1.1956966427730056E-4
REMKEL1.txt-689,0,433,433,3,Y,Y,1.0,0,433,HeatEvaluator=1.1224174291294023E-4
REMKEL1.txt-690,0,443,443,4,N,N,-,-1,-1,HeatEvaluator=7.300625292108495E-5
REMKEL1.txt-691,0,1002,1002,5,Y,Y,1.0,0,1002,HeatEvaluator=1.7291557958206224E-4
REMKEL1.txt-692,0,997,997,8,N,N,-,-1,-1,HeatEvaluator=1.0267562980467777E-4
REMKEL1.txt-693,0,665,665,6,Y,Y,1.0,0,665,HeatEvaluator=2.929138658085374E-4
REMKEL1.txt-694,0,790,790,3,N,N,-,-1,-1,HeatEvaluator=8.607527951528229E-5
REMKEL1.txt-695,0,909,909,6,Y,Y,1.0,0,909,HeatEvaluator=3.238329450370981E-4
REMKEL1.txt-696,0,676,676,4,N,N,-,-1,-1,HeatEvaluator=9.969728425494761E-5
REMKEL1.txt-697,0,1285,1285,10,Y,Y,1.0,0,1285,HeatEvaluator=1.794306599940589E-4
REMKEL1.txt-698,0,1245,1245,7,N,N,-,-1,-1,HeatEvaluator=8.152122477215596E-5
REMKEL1.txt-699,0,553,553,1,Y,Y,1.0,0,553,HeatEvaluator=2.89083230792957E-4
REMKEL1.txt-700,0,549,549,1,N,N,-,-1,-1,HeatEvaluator=7.820601197639553E-5
REMKEL1.txt-701,0,1172,1172,6,Y,Y,1.0,0,1172,HeatEvaluator=2.853109004453017E-4
REMKEL1.txt-702,0,1034,1034,9,N,N,-,-1,-1,HeatEvaluator=8.137422837727806E-5
REMKEL1.txt-703,0,527,527,3,Y,Y,1.0,0,527,HeatEvaluator=2.940035166324439E-4
REMKEL1.txt-704,0,308,308,3,N,N,-,-1,-1,HeatEvaluator=1.0308971015848114E-4
REMKEL1.txt-705,0,953,953,6,Y,Y,1.0,0,953,HeatEvaluator=1.8251319080535565E-4
REMKEL1.txt-706,0,920,920,7,N,N,-,-1,-1,HeatEvaluator=1.1161922920363424E-4
REMKEL1.txt-707,0,573,573,4,Y,Y,1.0,0,573,HeatEvaluator=1.7918404553919027E-4
REMKEL1.txt-708,0,540,540,2,N,N,-,-1,-1,HeatEvaluator=6.452060546023143E-5
REMKEL1.txt-709,0,1833,1833,11,Y,Y,1.0,0,1833,HeatEvaluator=3.957860845916224E-4
REMKEL1.txt-710,0,1405,1405,9,N,N,-,-1,-1,HeatEvaluator=9.757760677381632E-5
REMKEL1.txt-711,0,2384,2384,12,Y,Y,1.0,0,2384,HeatEvaluator=3.3403287758875655E-4
REMKEL1.txt-712,0,1742,1742,12,Y,N,-,-1,-1,HeatEvaluator=1.3950483023167314E-4
REMKEL1.txt-713,0,841,841,8,Y,Y,1.0,0,841,HeatEvaluator=2.2828849856994067E-4
REMKEL1.txt-714,0,904,904,6,N,N,-,-1,-1,HeatEvaluator=5.9680868984879054E-5
REMKEL1.txt-715,0,1556,1556,9,Y,Y,1.0,0,1556,HeatEvaluator=2.2898737276253186E-4
REMKEL1.txt-716,0,692,692,3,N,N,-,-1,-1,HeatEvaluator=8.381417976883551E-5
REMKEL1.txt-717,0,5668,5668,33,Y,Y,1.0,0,5668,HeatEvaluator=2.5262638978956216E-4
GRONOW.txt-718,0,5304,5304,22,N,N,-,-1,-1,HeatEvaluator=7.69204200667508E-5
REMKEL1.txt-719,0,2042,2042,16,Y,Y,1.0,0,2042,HeatEvaluator=2.5445471609574996E-4
REMKEL1.txt-720,0,2204,2204,15,N,N,-,-1,-1,HeatEvaluator=9.073715494379205E-5
REMKEL1.txt-721,0,3558,3558,18,Y,Y,1.0,0,3558,HeatEvaluator=1.4088119186012662E-4
REMKEL1.txt-722,0,3532,3532,21,N,N,-,-1,-1,HeatEvaluator=1.0170599090215571E-4
REMKEL1.txt-723,0,3445,3445,21,Y,Y,1.0,0,3445,HeatEvaluator=3.028052616929269E-4
GRONOW.txt-724,0,3797,3797,18,N,N,-,-1,-1,HeatEvaluator=8.742730420248261E-5
REMKEL1.txt-725,0,1183,1183,8,Y,Y,1.0,0,1183,HeatEvaluator=1.7869319154617796E-4
REMKEL1.txt-726,0,1317,1317,7,Y,N,-,-1,-1,HeatEvaluator=1.5830670266303327E-4
REMKEL1.txt-727,0,1259,1259,7,Y,Y,1.0,0,1259,HeatEvaluator=3.180952747939609E-4
REMKEL1.txt-728,0,1355,1355,7,Y,N,-,-1,-1,HeatEvaluator=1.2542642643907997E-4
REMKEL2.txt-729,0,190,190,2,N,Y,1.0,0,190,HeatEvaluator=1.0208729499660883E-4
REMKEL1.txt-730,0,539,539,4,N,N,-,-1,-1,HeatEvaluator=7.311626303516014E-5
REMKEL2.txt-731,0,761,761,4,Y,Y,1.0,0,761,HeatEvaluator=3.650255042912959E-4
REMKEL1.txt-732,0,580,580,4,N,N,-,-1,-1,HeatEvaluator=1.0441894223779448E-4
REMKEL2.txt-733,0,288,288,1,Y,Y,1.0,0,288,HeatEvaluator=1.517392982654341E-4
REMKEL1.txt-734,0,191,191,1,Y,N,-,-1,-1,HeatEvaluator=1.8942386018872998E-4
REMKEL2.txt-735,0,189,189,2,Y,Y,1.0,0,189,HeatEvaluator=5.49922965068904E-4
REMKEL1.txt-736,0,285,285,2,N,N,-,-1,-1,HeatEvaluator=5.825461178396323E-5
REMKEL2.txt-737,0,760,760,5,Y,Y,1.0,0,760,HeatEvaluator=3.52350919957458E-4
REMKEL1.txt-738,0,529,529,3,Y,N,-,-1,-1,HeatEvaluator=1.1645824465456256E-4
REMKEL2.txt-739,0,253,253,3,Y,Y,1.0,0,253,HeatEvaluator=2.9875265499745406E-4
REMKEL1.txt-740,0,477,477,5,N,N,-,-1,-1,HeatEvaluator=9.801681595203636E-5
REMKEL2.txt-741,0,377,377,2,N,Y,1.0,0,377,HeatEvaluator=9.425331154466647E-5
REMKEL1.txt-742,0,394,394,3,N,N,-,-1,-1,HeatEvaluator=1.0285699383902226E-4
REMKEL2.txt-743,0,637,637,5,Y,Y,1.0,0,637,HeatEvaluator=1.2217196581777612E-4
REMKEL1.txt-744,0,971,971,7,N,N,-,-1,-1,HeatEvaluator=7.716696800509321E-5
REMKEL2.txt-745,0,523,523,3,Y,Y,1.0,0,523,HeatEvaluator=2.873571524676196E-4
REMKEL1.txt-746,0,392,392,3,N,N,-,-1,-1,HeatEvaluator=1.0902693413074819E-4
REMKEL2.txt-747,0,922,922,6,Y,Y,1.0,0,922,HeatEvaluator=1.4689434606010397E-4
REMKEL1.txt-748,0,1046,1046,5,N,N,-,-1,-1,HeatEvaluator=9.378879921128319E-5
REMKEL2.txt-749,0,633,633,4,N,Y,1.0,0,633,HeatEvaluator=9.571509303703733E-5
REMKEL1.txt-750,0,575,575,4,N,N,-,-1,-1,HeatEvaluator=9.329042855727236E-5
REMKEL2.txt-751,0,344,344,2,Y,Y,1.0,0,344,HeatEvaluator=1.7641326042983868E-4
REMKEL2.txt-752,0,188,188,1,N,N,-,-1,-1,HeatEvaluator=7.689215481714182E-5
REMKEL2.txt-753,0,1021,1021,5,Y,Y,1.0,0,1021,HeatEvaluator=4.2320770869243106E-4
REMKEL2.txt-754,0,464,464,3,N,N,-,-1,-1,HeatEvaluator=7.626900507189395E-5
REMKEL2.txt-755,0,504,504,3,Y,Y,1.0,0,504,HeatEvaluator=1.973321841132547E-4
REMKEL2.txt-756,0,674,674,5,Y,N,-,-1,-1,HeatEvaluator=1.3286452119314215E-4
REMKEL2.txt-757,0,348,348,2,Y,Y,1.0,0,348,HeatEvaluator=6.334896955192741E-4
REMKEL2.txt-758,0,484,484,3,Y,N,-,-1,-1,HeatEvaluator=1.2558887521666603E-4
REMKEL2.txt-759,0,706,706,5,Y,Y,1.0,0,706,HeatEvaluator=1.514160743587211E-4
REMKEL2.txt-760,0,761,761,2,N,N,-,-1,-1,HeatEvaluator=8.532635620151551E-5
REMKEL2.txt-761,0,1026,1026,7,Y,Y,1.0,0,1026,HeatEvaluator=4.169549189394511E-4
REMKEL2.txt-762,0,727,727,5,N,N,-,-1,-1,HeatEvaluator=7.080036833376881E-5
REMKEL2.txt-763,0,455,455,5,Y,Y,1.0,0,455,HeatEvaluator=2.1581557096201164E-4
REMKEL2.txt-764,0,467,467,3,N,N,-,-1,-1,HeatEvaluator=6.884660353483285E-5
REMKEL2.txt-765,0,635,635,6,Y,Y,1.0,0,635,HeatEvaluator=4.1682865542635853E-4
REMKEL2.txt-766,0,400,400,3,Y,N,-,-1,-1,HeatEvaluator=2.3239007907953122E-4
REMKEL2.txt-767,0,566,566,4,Y,Y,1.0,0,566,HeatEvaluator=2.2477232201563978E-4
REMKEL2.txt-768,0,529,529,6,Y,N,-,-1,-1,HeatEvaluator=1.8566952927732343E-4
REMKEL2.txt-769,0,388,388,3,Y,Y,1.0,0,388,HeatEvaluator=1.8574698273864313E-4
REMKEL2.txt-770,0,403,403,3,Y,N,-,-1,-1,HeatEvaluator=1.9064162894867322E-4
REMKEL2.txt-771,0,226,226,3,Y,Y,1.0,0,226,HeatEvaluator=4.096003094369753E-4
REMKEL2.txt-772,0,318,318,2,Y,N,-,-1,-1,HeatEvaluator=2.716424482029042E-4
REMKEL2.txt-773,0,525,525,2,Y,Y,1.0,0,525,HeatEvaluator=2.652940155116953E-4
REMKEL2.txt-774,0,374,374,2,Y,N,-,-1,-1,HeatEvaluator=1.6136031793091552E-4
REMKEL2.txt-775,0,540,540,3,Y,Y,1.0,0,540,HeatEvaluator=1.3771006299192402E-4
REMKEL2.txt-776,0,612,612,2,N,N,-,-1,-1,HeatEvaluator=7.868513633291478E-5
REMKEL2.txt-777,0,558,558,2,Y,Y,1.0,0,558,HeatEvaluator=2.0035877972638747E-4
REMKEL2.txt-778,0,568,568,3,N,N,-,-1,-1,HeatEvaluator=9.353616377980623E-5
REMKEL2.txt-779,0,345,345,2,N,Y,1.0,0,345,HeatEvaluator=7.58711706027368E-5
REMKEL2.txt-780,0,282,282,2,Y,N,-,-1,-1,HeatEvaluator=1.1677529738491912E-4
REMKEL2.txt-781,0,448,448,2,Y,Y,1.0,0,448,HeatEvaluator=1.3002123671041602E-4
REMKEL2.txt-782,0,395,395,3,Y,N,-,-1,-1,HeatEvaluator=1.3644586570338215E-4
REMKEL2.txt-783,0,748,748,6,Y,Y,1.0,0,748,HeatEvaluator=1.3243638838890436E-4
REMKEL2.txt-784,0,282,282,3,N,N,-,-1,-1,HeatEvaluator=6.365197787151193E-5
REMKEL2.txt-785,0,691,691,3,Y,Y,1.0,0,691,HeatEvaluator=2.981570658946597E-4
REMKEL2.txt-786,0,442,442,2,Y,N,-,-1,-1,HeatEvaluator=1.277004628201138E-4
REMKEL2.txt-787,0,310,310,2,Y,Y,1.0,0,310,HeatEvaluator=3.2049642018827955E-4
REMKEL2.txt-788,0,610,610,3,Y,N,-,-1,-1,HeatEvaluator=2.3603058166417576E-4
REMKEL2.txt-789,0,147,147,2,Y,Y,1.0,0,147,HeatEvaluator=6.355881941708468E-4
REMKEL2.txt-790,0,488,488,2,N,N,-,-1,-1,HeatEvaluator=9.399926639944332E-5
REMKEL2.txt-791,0,175,175,2,Y,Y,1.0,0,175,HeatEvaluator=5.897539679458297E-4
REMKEL2.txt-792,0,799,799,3,Y,N,-,-1,-1,HeatEvaluator=1.7799444827830597E-4
REMKEL2.txt-793,0,546,546,2,Y,Y,1.0,0,546,HeatEvaluator=1.914004086107727E-4
REMKEL2.txt-794,0,458,458,2,Y,N,-,-1,-1,HeatEvaluator=1.80708229421511E-4
REMKEL2.txt-795,0,936,936,7,Y,Y,1.0,0,936,HeatEvaluator=2.1060486425855497E-4
REMKEL2.txt-796,0,631,631,3,N,N,-,-1,-1,HeatEvaluator=9.609511864917827E-5
REMKEL2.txt-797,0,476,476,2,Y,Y,1.0,0,476,HeatEvaluator=2.830738809982961E-4
REMKEL2.txt-798,0,530,530,1,N,N,-,-1,-1,HeatEvaluator=1.1182931428837103E-4
REMKEL2.txt-799,0,695,695,5,Y,Y,1.0,0,695,HeatEvaluator=1.6469881106279355E-4
REMKEL2.txt-800,0,787,787,2,N,N,-,-1,-1,HeatEvaluator=6.0140308871095465E-5
REMKEL2.txt-801,0,194,194,2,Y,Y,1.0,0,194,HeatEvaluator=3.8785190904414295E-4
REMKEL2.txt-802,0,262,262,1,N,N,-,-1,-1,HeatEvaluator=1.1050673078750012E-4
REMKEL2.txt-803,0,193,193,1,Y,Y,1.0,0,193,HeatEvaluator=2.538208172082712E-4
REMKEL2.txt-804,0,308,308,2,N,N,-,-1,-1,HeatEvaluator=6.834307929363223E-5
REMKEL2.txt-805,0,330,330,4,Y,Y,1.0,0,330,HeatEvaluator=2.7907194839107903E-4
REMKEL2.txt-806,0,497,497,4,N,N,-,-1,-1,HeatEvaluator=8.08314129367034E-5
REMKEL2.txt-807,0,1358,1358,6,Y,Y,1.0,0,1358,HeatEvaluator=3.0276168758558344E-4
REMKEL2.txt-808,0,1335,1335,7,N,N,-,-1,-1,HeatEvaluator=8.569200952380592E-5
REMKEL2.txt-809,0,397,397,3,Y,Y,1.0,0,397,HeatEvaluator=2.1216665842924747E-4
REMKEL2.txt-810,0,201,201,1,N,N,-,-1,-1,HeatEvaluator=8.572149717705327E-5
REMKEL2.txt-811,0,792,792,3,Y,Y,1.0,0,792,HeatEvaluator=1.4826903746899148E-4
REMKEL2.txt-812,0,451,451,1,N,N,-,-1,-1,HeatEvaluator=7.31706363487335E-5
REMKEL2.txt-813,0,226,226,2,Y,Y,1.0,0,226,HeatEvaluator=3.000262598548841E-4
REMKEL2.txt-814,0,387,387,1,N,N,-,-1,-1,HeatEvaluator=6.408556950373679E-5
REMKEL2.txt-815,0,1334,1334,10,Y,Y,1.0,0,1334,HeatEvaluator=3.1626155203131473E-4
REMKEL2.txt-816,0,779,779,4,Y,N,-,-1,-1,HeatEvaluator=1.6285285286161874E-4
REMKEL2.txt-817,0,1431,1431,11,Y,Y,1.0,0,1431,HeatEvaluator=1.8912725811578662E-4
REMKEL2.txt-818,0,862,862,3,N,N,-,-1,-1,HeatEvaluator=1.0090398185333271E-4
REMKEL2.txt-819,0,481,481,2,Y,Y,1.0,0,481,HeatEvaluator=2.059708960287468E-4
REMKEL2.txt-820,0,603,603,3,N,N,-,-1,-1,HeatEvaluator=9.530093816021005E-5
REMKEL2.txt-821,0,175,175,2,Y,Y,1.0,0,175,HeatEvaluator=3.6360870773205847E-4
REMKEL2.txt-822,0,93,93,1,N,N,-,-1,-1,HeatEvaluator=7.630294807622403E-5
REMKEL2.txt-823,0,252,252,1,N,Y,1.0,0,252,HeatEvaluator=7.82330127522135E-5
REMKEL2.txt-824,0,432,432,1,N,N,-,-1,-1,HeatEvaluator=8.014080623154764E-5
REMKEL2.txt-825,0,311,311,2,Y,Y,1.0,0,311,HeatEvaluator=3.522444623109636E-4
REMKEL2.txt-826,0,450,450,3,N,N,-,-1,-1,HeatEvaluator=1.0123226799154861E-4
REOPER.txt-827,0,648,648,2,Y,Y,1.0,0,648,HeatEvaluator=1.6155637717749758E-4
REMKEL2.txt-828,0,844,844,5,N,N,-,-1,-1,HeatEvaluator=1.0177248473799333E-4
REOPER.txt-829,0,879,879,6,Y,Y,1.0,0,879,HeatEvaluator=1.7742671815190264E-4
REOPER.txt-830,0,605,605,2,Y,N,-,-1,-1,HeatEvaluator=2.0502201413422015E-4
REOPER.txt-831,0,1091,1091,7,Y,Y,1.0,0,1091,HeatEvaluator=3.5275196487268186E-4
REOPER.txt-832,0,1039,1039,6,Y,N,-,-1,-1,HeatEvaluator=2.0008855922252426E-4
REOPER.txt-833,0,906,906,4,Y,Y,1.0,0,906,HeatEvaluator=2.2124828010021853E-4
REOPER.txt-834,0,1029,1029,7,Y,N,-,-1,-1,HeatEvaluator=1.3751751501380887E-4
REOPER.txt-835,0,833,833,7,Y,Y,1.0,0,833,HeatEvaluator=1.495007694663427E-4
REOPER.txt-836,0,474,474,2,Y,N,-,-1,-1,HeatEvaluator=1.1716363591601213E-4
REOPER.txt-837,0,723,723,5,Y,Y,1.0,0,723,HeatEvaluator=1.6279908295295447E-4
REOPER.txt-838,0,609,609,4,Y,N,-,-1,-1,HeatEvaluator=1.2004315662209907E-4
REOPER.txt-839,0,1580,1580,8,Y,Y,1.0,0,1580,HeatEvaluator=1.1438583828067132E-4
REOPER.txt-840,0,2056,2056,9,Y,N,-,-1,-1,HeatEvaluator=1.2840487309061298E-4
REOPER.txt-841,0,815,815,5,Y,Y,1.0,0,815,HeatEvaluator=2.4852295668727285E-4
REOPER.txt-842,0,687,687,3,Y,N,-,-1,-1,HeatEvaluator=1.591130324666477E-4
REOPER.txt-843,0,490,490,4,Y,Y,1.0,0,490,HeatEvaluator=3.2200441138594823E-4
REOPER.txt-844,0,469,469,2,N,N,-,-1,-1,HeatEvaluator=1.1153671225207429E-4
REOPER.txt-845,0,771,771,6,Y,Y,1.0,0,771,HeatEvaluator=2.287938996868336E-4
REOPER.txt-846,0,509,509,3,N,N,-,-1,-1,HeatEvaluator=9.10686216722884E-5
REOPER.txt-847,0,431,431,3,Y,Y,1.0,0,431,HeatEvaluator=3.0961447733735583E-4
REOPER.txt-848,0,232,232,1,Y,N,-,-1,-1,HeatEvaluator=1.732088632238284E-4
REOPER.txt-849,0,609,609,4,Y,Y,1.0,0,609,HeatEvaluator=2.3803856841581397E-4
REOPER.txt-850,0,769,769,4,N,N,-,-1,-1,HeatEvaluator=7.834562790146446E-5
REOPER.txt-851,0,460,460,4,Y,Y,1.0,0,460,HeatEvaluator=2.1362043963290577E-4
REOPER.txt-852,0,270,270,2,N,N,-,-1,-1,HeatEvaluator=9.743271321656446E-5
REOPER.txt-853,0,723,723,4,Y,Y,1.0,0,723,HeatEvaluator=1.8011252924976618E-4
REOPER.txt-854,0,697,697,2,Y,N,-,-1,-1,HeatEvaluator=1.258786084552583E-4
REOPER.txt-855,0,508,508,4,N,Y,1.0,0,508,HeatEvaluator=1.0545440155063561E-4
REOPER.txt-856,0,180,180,1,N,N,-,-1,-1,HeatEvaluator=6.546496404196809E-5
REOPER.txt-857,0,796,796,4,Y,Y,1.0,0,796,HeatEvaluator=1.2681062445085007E-4
REOPER.txt-858,0,501,501,1,N,N,-,-1,-1,HeatEvaluator=7.494961700086E-5
REOPER.txt-859,0,758,758,5,Y,Y,1.0,0,758,HeatEvaluator=3.591376763455302E-4
REOPER.txt-860,0,411,411,2,N,N,-,-1,-1,HeatEvaluator=8.881889895424113E-5
REOPER.txt-861,0,591,591,5,Y,Y,1.0,0,591,HeatEvaluator=1.7173293045655207E-4
REOPER.txt-862,0,899,899,4,N,N,-,-1,-1,HeatEvaluator=7.301778165957642E-5
REOPER.txt-863,0,945,945,6,Y,Y,1.0,0,945,HeatEvaluator=1.5197053574957182E-4
REOPER.txt-864,0,525,525,2,N,N,-,-1,-1,HeatEvaluator=7.968328793214817E-5
REOPER.txt-865,0,436,436,2,Y,Y,1.0,0,436,HeatEvaluator=2.0113967415896005E-4
REOPER.txt-866,0,320,320,1,Y,N,-,-1,-1,HeatEvaluator=1.1791816922997123E-4
REOPER.txt-867,0,1574,1574,8,Y,Y,1.0,0,1574,HeatEvaluator=1.599018388115483E-4
REOPER.txt-868,0,1403,1403,11,Y,N,-,-1,-1,HeatEvaluator=1.3507248751830372E-4
REOPER.txt-869,0,691,691,4,Y,Y,1.0,0,691,HeatEvaluator=1.525945783342039E-4
REOPER.txt-870,0,280,280,2,Y,N,-,-1,-1,HeatEvaluator=1.4539946979245894E-4
REOPER.txt-871,0,471,471,2,Y,Y,1.0,0,471,HeatEvaluator=1.8061231159224658E-4
REOPER.txt-872,0,387,387,1,N,N,-,-1,-1,HeatEvaluator=1.0557632794948795E-4
REOPER.txt-873,0,2015,2015,15,Y,Y,1.0,0,2015,HeatEvaluator=2.2735125954697315E-4
REOPER.txt-874,0,1789,1789,12,Y,N,-,-1,-1,HeatEvaluator=1.3234213797494403E-4
REOPER.txt-875,0,650,650,3,Y,Y,1.0,0,650,HeatEvaluator=1.9019054938835677E-4
REOPER.txt-876,0,238,238,3,N,N,-,-1,-1,HeatEvaluator=9.930949567173426E-5
REOPER.txt-877,0,1528,1528,10,Y,Y,1.0,0,1528,HeatEvaluator=2.573929109790859E-4
REOPER.txt-878,0,283,283,1,Y,N,-,-1,-1,HeatEvaluator=1.3478880883043055E-4
REOPER.txt-879,0,1037,1037,6,N,Y,1.0,0,1037,HeatEvaluator=1.019726118140922E-4
REOPER.txt-880,0,477,477,2,N,N,-,-1,-1,HeatEvaluator=9.653138522943107E-5
REOPER.txt-881,0,2310,2310,15,Y,Y,1.0,0,2310,HeatEvaluator=1.7967029675220212E-4
REOPER.txt-882,0,1231,1231,5,N,N,-,-1,-1,HeatEvaluator=9.320148299771788E-5
REOPER.txt-883,0,1101,1101,8,Y,Y,1.0,0,1101,HeatEvaluator=1.4721681442651644E-4
REOPER.txt-884,0,1882,1882,13,Y,N,-,-1,-1,HeatEvaluator=1.252584329502608E-4
REOPER.txt-885,0,2049,2049,11,Y,Y,1.0,0,2049,HeatEvaluator=2.818852170450615E-4
REOPER.txt-886,0,1664,1664,12,N,N,-,-1,-1,HeatEvaluator=9.67885023340323E-5
REOPER.txt-887,0,3621,3621,30,Y,Y,1.0,0,3621,HeatEvaluator=1.5057720420652215E-4
REOPER.txt-888,0,3537,3537,14,Y,N,-,-1,-1,HeatEvaluator=1.508020055530866E-4
THIRTY.txt-889,0,588,588,4,N,Y,1.0,0,588,HeatEvaluator=9.133293343587257E-5
THIRTY.txt-890,0,631,631,4,Y,N,-,-1,-1,HeatEvaluator=2.2003781821142325E-4
THIRTY.txt-891,0,956,956,5,Y,Y,1.0,0,956,HeatEvaluator=3.868859953271947E-4
THIRTY.txt-892,0,530,530,4,Y,N,-,-1,-1,HeatEvaluator=1.3772379152928078E-4
THIRTY.txt-893,0,470,470,2,Y,Y,1.0,0,470,HeatEvaluator=2.4384964179533818E-4
THIRTY.txt-894,0,330,330,2,N,N,-,-1,-1,HeatEvaluator=9.385007071264595E-5
THIRTY.txt-895,0,233,233,1,Y,Y,1.0,0,233,HeatEvaluator=6.888032522551358E-4
THIRTY.txt-896,0,264,264,1,Y,N,-,-1,-1,HeatEvaluator=1.1698761987498074E-4
THIRTY.txt-897,0,863,863,5,Y,Y,1.0,0,863,HeatEvaluator=1.805868493906083E-4
THIRTY.txt-898,0,1038,1038,12,N,N,-,-1,-1,HeatEvaluator=9.733516783883201E-5
THIRTY.txt-899,0,580,580,4,Y,Y,1.0,0,580,HeatEvaluator=3.9433263307097314E-4
THIRTY.txt-900,0,655,655,5,N,N,-,-1,-1,HeatEvaluator=9.679115710514496E-5
THIRTY.txt-901,0,1079,1079,7,Y,Y,1.0,0,1079,HeatEvaluator=3.635292710480755E-4
THIRTY.txt-902,0,719,719,8,N,N,-,-1,-1,HeatEvaluator=9.222608099209798E-5
THIRTY.txt-903,0,1541,1541,11,Y,Y,1.0,0,1541,HeatEvaluator=1.73941047359814E-4
GLOVER.txt-904,0,870,870,8,N,N,-,-1,-1,HeatEvaluator=6.366812939937445E-5
THIRTY.txt-905,0,684,684,5,Y,Y,1.0,0,684,HeatEvaluator=2.3850772219923374E-4
THIRTY.txt-906,0,688,688,4,Y,N,-,-1,-1,HeatEvaluator=2.2246816624453815E-4
THIRTY.txt-907,0,361,361,2,Y,Y,1.0,0,361,HeatEvaluator=2.5704025544040656E-4
GLOVER.txt-908,0,440,440,4,N,N,-,-1,-1,HeatEvaluator=7.328937667233468E-5
THIRTY.txt-909,0,375,375,1,N,Y,1.0,0,375,HeatEvaluator=5.261729621631184E-5
GLOVER.txt-910,0,344,344,2,N,N,-,-1,-1,HeatEvaluator=9.551983647600508E-5
THIRTY.txt-911,0,728,728,5,Y,Y,1.0,0,728,HeatEvaluator=1.7576423849698168E-4
GLOVER.txt-912,0,611,611,3,Y,N,-,-1,-1,HeatEvaluator=1.1584078841235614E-4
THIRTY.txt-913,0,436,436,1,Y,Y,1.0,0,436,HeatEvaluator=4.7041289077047384E-4
GLOVER.txt-914,0,562,562,5,N,N,-,-1,-1,HeatEvaluator=8.07850838748269E-5
THIRTY.txt-915,0,580,580,5,N,Y,1.0,0,580,HeatEvaluator=1.1085758007681185E-4
GLOVER.txt-916,0,522,522,2,N,N,-,-1,-1,HeatEvaluator=1.0455847412753287E-4
THIRTY.txt-917,0,1105,1105,7,Y,Y,1.0,0,1105,HeatEvaluator=1.423768715230356E-4
GLOVER.txt-918,0,832,832,4,N,N,-,-1,-1,HeatEvaluator=8.298673943712696E-5
THIRTY.txt-919,0,929,929,4,Y,Y,1.0,0,929,HeatEvaluator=1.579642458238433E-4
GLOVER.txt-920,0,476,476,2,N,N,-,-1,-1,HeatEvaluator=8.90382033799499E-5
THIRTY.txt-921,0,646,646,3,Y,Y,1.0,0,646,HeatEvaluator=2.1888833173832605E-4
GLOVER.txt-922,0,540,540,4,N,N,-,-1,-1,HeatEvaluator=1.0233242417217684E-4
THIRTY.txt-923,0,387,387,1,Y,Y,1.0,0,387,HeatEvaluator=2.87322209724567E-4
GLOVER.txt-924,0,255,255,2,N,N,-,-1,-1,HeatEvaluator=7.472275242924798E-5
THIRTY.txt-925,0,446,446,4,Y,Y,1.0,0,446,HeatEvaluator=2.0584832343739038E-4
GLOVER.txt-926,0,605,605,5,N,N,-,-1,-1,HeatEvaluator=1.0432346666625262E-4
THIRTY.txt-927,0,654,654,3,Y,Y,1.0,0,654,HeatEvaluator=2.0630957508144512E-4
TWOMEN.txt-928,0,519,519,8,Y,N,-,-1,-1,HeatEvaluator=1.1423215139593038E-4
THIRTY.txt-929,0,397,397,2,Y,Y,1.0,0,397,HeatEvaluator=1.5823516245024163E-4
TWOMEN.txt-930,0,447,447,3,N,N,-,-1,-1,HeatEvaluator=6.332111033476715E-5
THIRTY.txt-931,0,1034,1034,6,Y,Y,1.0,0,1034,HeatEvaluator=2.5567516266613525E-4
TWOMEN.txt-932,0,673,673,4,N,N,-,-1,-1,HeatEvaluator=8.624245995092353E-5
THIRTY.txt-933,0,585,585,3,Y,Y,1.0,0,585,HeatEvaluator=2.6773604843803106E-4
TWOMEN.txt-934,0,658,658,4,Y,N,-,-1,-1,HeatEvaluator=1.665271789153904E-4
THIRTY.txt-935,0,413,413,2,Y,Y,1.0,0,413,HeatEvaluator=3.7315876113237534E-4
WESLEY.txt-936,0,319,319,2,Y,N,-,-1,-1,HeatEvaluator=1.2542888058861222E-4
THIRTY.txt-937,0,1177,1177,5,Y,Y,1.0,0,1177,HeatEvaluator=2.689277382376847E-4
WESLEY.txt-938,0,754,754,2,Y,N,-,-1,-1,HeatEvaluator=1.257148668722301E-4
THIRTY.txt-939,0,2843,2843,19,Y,Y,1.0,0,2843,HeatEvaluator=1.565935729370318E-4
WESLEY.txt-940,0,1342,1342,10,N,N,-,-1,-1,HeatEvaluator=1.0287766497867129E-4
THIRTY.txt-941,0,481,481,4,N,Y,1.0,0,481,HeatEvaluator=1.0599932688856315E-4
WESLEY.txt-942,0,353,353,4,Y,N,-,-1,-1,HeatEvaluator=1.1570960344865514E-4
THIRTY.txt-943,0,439,439,3,Y,Y,1.0,0,439,HeatEvaluator=1.6564684692684696E-4
WESLEY.txt-944,0,505,505,6,Y,N,-,-1,-1,HeatEvaluator=1.1498557602476086E-4
THIRTY.txt-945,0,575,575,3,Y,Y,1.0,0,575,HeatEvaluator=2.488116594163449E-4
WESLEY.txt-946,0,625,625,9,Y,N,-,-1,-1,HeatEvaluator=1.3082558757690388E-4
THIRTY.txt-947,0,929,929,6,Y,Y,1.0,0,929,HeatEvaluator=3.9912265929847163E-4
WESLEY.txt-948,0,526,526,4,N,N,-,-1,-1,HeatEvaluator=9.278002464229666E-5
THIRTY.txt-949,0,769,769,5,Y,Y,1.0,0,769,HeatEvaluator=3.334687014347265E-4
WESLEY.txt-950,0,469,469,3,N,N,-,-1,-1,HeatEvaluator=9.353971368341179E-5
THIRTY.txt-951,0,1285,1285,8,Y,Y,1.0,0,1285,HeatEvaluator=2.567851217301444E-4
WESLEY.txt-952,0,1739,1739,11,N,N,-,-1,-1,HeatEvaluator=9.624565784214362E-5
THIRTY.txt-953,0,959,959,6,Y,Y,1.0,0,959,HeatEvaluator=3.028749981049196E-4
WESLEY.txt-954,0,333,333,1,N,N,-,-1,-1,HeatEvaluator=9.861299983736515E-5
THIRTY.txt-955,0,534,534,4,Y,Y,1.0,0,534,HeatEvaluator=1.9495846764761251E-4
WESLEY.txt-956,0,439,439,2,Y,N,-,-1,-1,HeatEvaluator=1.497453798761424E-4
THIRTY.txt-957,0,442,442,4,Y,Y,1.0,0,442,HeatEvaluator=1.4960643587108347E-4
WESLEY.txt-958,0,359,359,1,Y,N,-,-1,-1,HeatEvaluator=1.3089230273212398E-4
THIRTY.txt-959,0,546,546,3,Y,Y,1.0,0,546,HeatEvaluator=2.658049103527515E-4
WESLEY.txt-960,0,750,750,4,Y,N,-,-1,-1,HeatEvaluator=1.4054922092415404E-4
THIRTY.txt-961,0,1611,1611,11,Y,Y,1.0,0,1611,HeatEvaluator=1.619074686634629E-4
WESLEY.txt-962,0,629,629,4,Y,N,-,-1,-1,HeatEvaluator=1.2698096746520968E-4
THIRTY.txt-963,0,2153,2153,15,Y,Y,1.0,0,2153,HeatEvaluator=1.6812201014393025E-4
WESLEY.txt-964,0,2059,2059,12,Y,N,-,-1,-1,HeatEvaluator=1.3581111090641435E-4
THIRTY.txt-965,0,1013,1013,7,Y,Y,1.0,0,1013,HeatEvaluator=2.4087059009389493E-4
WESLEY.txt-966,0,1234,1234,10,N,N,-,-1,-1,HeatEvaluator=9.66139850266101E-5
THIRTY.txt-967,0,654,654,4,Y,Y,1.0,0,654,HeatEvaluator=2.2981562300205166E-4
WESLEY.txt-968,0,499,499,3,N,N,-,-1,-1,HeatEvaluator=9.33598440116744E-5
THIRTY.txt-969,0,380,380,5,Y,Y,1.0,0,380,HeatEvaluator=3.7297196458868127E-4
WESLEY.txt-970,0,359,359,4,Y,N,-,-1,-1,HeatEvaluator=1.517678948798776E-4
THIRTY.txt-971,0,1132,1132,7,Y,Y,1.0,0,1132,HeatEvaluator=2.0008688215333986E-4
WESLEY.txt-972,0,1096,1096,10,Y,N,-,-1,-1,HeatEvaluator=1.2312166394872734E-4
THIRTY.txt-973,0,1046,1046,8,Y,Y,1.0,0,1046,HeatEvaluator=3.920895105701403E-4
WESLEY.txt-974,0,767,767,8,N,N,-,-1,-1,HeatEvaluator=8.655699673826128E-5
THIRTY.txt-975,0,855,855,7,Y,Y,1.0,0,855,HeatEvaluator=3.352796079522382E-4
WESLEY.txt-976,0,1406,1406,12,N,N,-,-1,-1,HeatEvaluator=1.0675386972399488E-4
THIRTY.txt-977,0,2357,2357,13,Y,Y,1.0,0,2357,HeatEvaluator=2.4788303914379623E-4
WESLEY.txt-978,0,740,740,7,Y,N,-,-1,-1,HeatEvaluator=1.2189747002122755E-4
THIRTY.txt-979,0,749,749,5,Y,Y,1.0,0,749,HeatEvaluator=3.452147268970262E-4
WESLEY.txt-980,0,399,399,3,N,N,-,-1,-1,HeatEvaluator=7.637071428275506E-5
TWOMEN.txt-981,0,307,307,3,Y,Y,1.0,0,307,HeatEvaluator=1.1660202711381387E-4
WESLEY.txt-982,0,114,114,1,N,N,-,-1,-1,HeatEvaluator=1.0416215121658709E-4
TWOMEN.txt-983,0,361,361,5,Y,Y,1.0,0,361,HeatEvaluator=2.5713741837691704E-4
WESLEY.txt-984,0,352,352,6,N,N,-,-1,-1,HeatEvaluator=7.89139944888962E-5
TWOMEN.txt-985,0,366,366,3,N,Y,1.0,0,366,HeatEvaluator=1.0511917826738853E-4
WESLEY.txt-986,0,305,305,3,N,N,-,-1,-1,HeatEvaluator=9.31954794396428E-5
WESLEY.txt-987,0,2412,2412,29,Y,Y,1.0,0,2412,HeatEvaluator=1.2938127219779783E-4
WESLEY.txt-988,0,1605,1605,16,N,N,-,-1,-1,HeatEvaluator=8.975688692550533E-5
WESLEY.txt-989,0,981,981,6,N,Y,1.0,0,981,HeatEvaluator=9.646346359544993E-5
WESLEY.txt-990,0,516,516,4,N,N,-,-1,-1,HeatEvaluator=1.0735777524362084E-4
WESLEY.txt-991,0,507,507,3,Y,Y,1.0,0,507,HeatEvaluator=1.2241662062495234E-4
WESLEY.txt-992,0,649,649,6,N,N,-,-1,-1,HeatEvaluator=1.053598442672728E-4
WESLEY.txt-993,0,417,417,4,Y,Y,1.0,0,417,HeatEvaluator=1.5458621923809433E-4
WESLEY.txt-994,0,794,794,14,N,N,-,-1,-1,HeatEvaluator=6.876486221556305E-5
WESLEY.txt-995,0,624,624,10,Y,Y,1.0,0,624,HeatEvaluator=1.2975013280268135E-4
WESLEY.txt-996,0,364,364,4,N,N,-,-1,-1,HeatEvaluator=1.0191999455734495E-4
WESLEY.txt-997,0,249,249,3,Y,Y,1.0,0,249,HeatEvaluator=2.3353426785953832E-4
WESLEY.txt-998,0,175,175,3,N,N,-,-1,-1,HeatEvaluator=4.723691290562471E-5
WESLEY.txt-999,0,2507,2507,22,N,Y,1.0,0,2507,HeatEvaluator=8.796067101789455E-5
WESLEY.txt-1000,0,2550,2550,27,N,N,-,-1,-1,HeatEvaluator=1.105088853607672E-4
