GLOVER.txt-1,0,1089,1089,4,Y,Y,1.0,0,1089,HeatEntityEvaluator=0.9619608533230987
GLOVER.txt-2,0,912,912,2,N,N,-,-1,-1,HeatEntityEvaluator=0.3786914985377586
GLOVER.txt-3,0,1923,1923,9,Y,Y,1.0,0,1923,HeatEntityEvaluator=0.805370687922552
GLOVER.txt-4,0,1530,1530,15,N,N,-,-1,-1,HeatEntityEvaluator=0.29468182858193803
GLOVER.txt-5,0,1263,1263,8,Y,Y,1.0,0,1263,HeatEntityEvaluator=1.3866668801680002
GLOVER.txt-6,0,721,721,6,N,N,-,-1,-1,HeatEntityEvaluator=0.3833775655750001
GLOVER.txt-7,0,767,767,5,Y,Y,1.0,0,767,HeatEntityEvaluator=0.9669370024530768
GLOVER.txt-8,0,949,949,3,N,N,-,-1,-1,HeatEntityEvaluator=0.10404539531899998
GRONOW.txt-9,0,1099,1099,4,Y,Y,1.0,0,1099,HeatEntityEvaluator=0.5750338797662651
GRONOW.txt-10,0,832,832,5,N,N,-,-1,-1,HeatEntityEvaluator=0.20761776946907692
GRONOW.txt-11,0,899,899,4,Y,Y,1.0,0,899,HeatEntityEvaluator=1.2711685337185918
GRONOW.txt-12,0,906,906,4,N,N,-,-1,-1,HeatEntityEvaluator=0.04431246912328767
GRONOW.txt-13,0,1025,1025,6,Y,Y,1.0,0,1025,HeatEntityEvaluator=0.7510250053898766
GRONOW.txt-14,0,1128,1128,9,N,N,-,-1,-1,HeatEntityEvaluator=0.013311976320987655
MASONB.txt-15,0,83,83,1,Y,Y,1.0,0,83,HeatEntityEvaluator=1.7506145331333334
MASONB.txt-16,0,122,122,1,N,N,-,-1,-1,HeatEntityEvaluator=0.0
MASONB.txt-17,0,225,225,2,N,Y,1.0,0,225,HeatEntityEvaluator=0.24394291809
MASONB.txt-18,0,245,245,2,Y,N,-,-1,-1,HeatEntityEvaluator=0.7120904476495653
MASONB.txt-19,0,148,148,1,N,Y,1.0,0,148,HeatEntityEvaluator=0.3733196176563636
MASONB.txt-20,0,218,218,1,N,N,-,-1,-1,HeatEntityEvaluator=0.0
MASONB.txt-21,0,125,125,1,Y,Y,1.0,0,125,HeatEntityEvaluator=0.7104487123025
MASONB.txt-22,0,192,192,1,Y,N,-,-1,-1,HeatEntityEvaluator=0.95623813837125
MASONB.txt-23,0,434,434,4,Y,Y,1.0,0,434,HeatEntityEvaluator=1.584032294579697
MASONB.txt-24,0,290,290,1,Y,N,-,-1,-1,HeatEntityEvaluator=1.332124397546818
MASONB.txt-25,0,1171,1171,9,Y,Y,1.0,0,1171,HeatEntityEvaluator=2.252204965351808
MASONB.txt-26,0,1016,1016,8,N,N,-,-1,-1,HeatEntityEvaluator=0.1236267608555263
MASONB.txt-27,0,88,88,1,Y,Y,1.0,0,88,HeatEntityEvaluator=0.5575838127771429
MASONB.txt-28,0,164,164,2,Y,N,-,-1,-1,HeatEntityEvaluator=1.2103573601127273
MASONB.txt-29,0,710,710,4,Y,Y,1.0,0,710,HeatEntityEvaluator=2.7812894761251785
MASONB.txt-30,0,499,499,5,Y,N,-,-1,-1,HeatEntityEvaluator=1.4214152556827027
MASONB.txt-31,0,133,133,1,Y,Y,1.0,0,133,HeatEntityEvaluator=0.5704702326411112
MASONB.txt-32,0,205,205,3,N,N,-,-1,-1,HeatEntityEvaluator=0.0
MASONB.txt-33,0,622,622,5,Y,Y,1.0,0,622,HeatEntityEvaluator=2.312017754943077
MASONB.txt-34,0,530,530,4,N,N,-,-1,-1,HeatEntityEvaluator=0.32569261524000004
MASONB.txt-35,0,744,744,6,Y,Y,1.0,0,744,HeatEntityEvaluator=1.6085539346571185
MASONB.txt-36,0,489,489,2,Y,N,-,-1,-1,HeatEntityEvaluator=1.8425664283037142
MASONB.txt-37,0,197,197,2,Y,Y,1.0,0,197,HeatEntityEvaluator=1.414729147274
MASONB.txt-38,0,380,380,2,Y,N,-,-1,-1,HeatEntityEvaluator=1.0928435867100001
MASONB.txt-39,0,450,450,3,Y,Y,1.0,0,450,HeatEntityEvaluator=1.2403221879131578
MASONB.txt-40,0,454,454,2,Y,N,-,-1,-1,HeatEntityEvaluator=1.6478773188505265
MASONB.txt-41,0,775,775,5,Y,Y,1.0,0,775,HeatEntityEvaluator=1.3871154405156665
MASONB.txt-42,0,775,775,7,N,N,-,-1,-1,HeatEntityEvaluator=0.19133451858105263
MASONB.txt-43,0,627,627,2,Y,Y,1.0,0,627,HeatEntityEvaluator=0.7954113191586363
MASONB.txt-44,0,504,504,3,N,N,-,-1,-1,HeatEntityEvaluator=0.09757716723599999
MASONB.txt-45,0,1039,1039,7,Y,Y,1.0,0,1039,HeatEntityEvaluator=2.452923455324546
MASONB.txt-46,0,808,808,9,N,N,-,-1,-1,HeatEntityEvaluator=0.19357155283968253
MASONB.txt-47,0,175,175,1,Y,Y,1.0,0,175,HeatEntityEvaluator=2.287186914496
MASONB.txt-48,0,459,459,2,Y,N,-,-1,-1,HeatEntityEvaluator=1.6478773188505265
MASONB.txt-49,0,173,173,2,Y,Y,1.0,0,173,HeatEntityEvaluator=1.2243237611400002
MASONB.txt-50,0,202,202,2,Y,N,-,-1,-1,HeatEntityEvaluator=0.7831724094847059
MASONB.txt-51,0,264,264,2,Y,Y,1.0,0,264,HeatEntityEvaluator=1.9620626660061111
MASONB.txt-52,0,304,304,4,N,N,-,-1,-1,HeatEntityEvaluator=0.48670483862384617
MASONB.txt-53,0,514,514,4,Y,Y,1.0,0,514,HeatEntityEvaluator=1.5423742985480953
MASONB.txt-54,0,272,272,2,Y,N,-,-1,-1,HeatEntityEvaluator=0.6468048239066666
MASONB.txt-55,0,328,328,1,Y,Y,1.0,0,328,HeatEntityEvaluator=1.5734175117570832
MASONB.txt-56,0,250,250,3,N,N,-,-1,-1,HeatEntityEvaluator=0.0
MASONB.txt-57,0,1097,1097,7,Y,Y,1.0,0,1097,HeatEntityEvaluator=1.6820804386147779
MASONB.txt-58,0,928,928,4,Y,N,-,-1,-1,HeatEntityEvaluator=0.9080893580973418
MASONB.txt-59,0,101,101,1,N,Y,1.0,0,101,HeatEntityEvaluator=0.0
MASONB.txt-60,0,188,188,1,N,N,-,-1,-1,HeatEntityEvaluator=0.0
MASONB.txt-61,0,499,499,3,Y,Y,1.0,0,499,HeatEntityEvaluator=1.647626450997143
MASONB.txt-62,0,540,540,5,N,N,-,-1,-1,HeatEntityEvaluator=0.2124973640825
MASONB.txt-63,0,238,238,2,Y,Y,1.0,0,238,HeatEntityEvaluator=2.1669482261
MASONB.txt-64,0,228,228,1,N,N,-,-1,-1,HeatEntityEvaluator=0.053913504099999995
MASONB.txt-65,0,1012,1012,6,Y,Y,1.0,0,1012,HeatEntityEvaluator=2.6789636879989036
MASONB.txt-66,0,889,889,6,Y,N,-,-1,-1,HeatEntityEvaluator=1.078364389044754
MASONB.txt-67,0,673,673,4,Y,Y,1.0,0,673,HeatEntityEvaluator=1.4022475389535185
MASONB.txt-68,0,532,532,3,N,N,-,-1,-1,HeatEntityEvaluator=0.10893479901166667
MASONB.txt-69,0,1231,1231,7,Y,Y,1.0,0,1231,HeatEntityEvaluator=1.0984500347552526
MASONB.txt-70,0,1264,1264,15,N,N,-,-1,-1,HeatEntityEvaluator=0.20329536030172726
MASONB.txt-71,0,522,522,3,Y,Y,1.0,0,522,HeatEntityEvaluator=1.932685484665641
MASONB.txt-72,0,796,796,4,N,N,-,-1,-1,HeatEntityEvaluator=0.017115398126984125
MASONB.txt-73,0,96,96,1,Y,Y,1.0,0,96,HeatEntityEvaluator=1.3677413011975
MASONB.txt-74,0,143,143,1,N,N,-,-1,-1,HeatEntityEvaluator=0.0
MASONB.txt-75,0,825,825,7,Y,Y,1.0,0,825,HeatEntityEvaluator=1.4171898291947693
MASONB.txt-76,0,849,849,5,N,N,-,-1,-1,HeatEntityEvaluator=0.037834037964912276
MASONB.txt-77,0,230,230,2,Y,Y,1.0,0,230,HeatEntityEvaluator=2.016373997762222
MASONB.txt-78,0,345,345,2,N,N,-,-1,-1,HeatEntityEvaluator=0.0
MASONB.txt-79,0,1168,1168,5,Y,Y,1.0,0,1168,HeatEntityEvaluator=1.0979919409647254
MASONB.txt-80,0,967,967,5,Y,N,-,-1,-1,HeatEntityEvaluator=0.5179870283498649
MASONB.txt-81,0,601,601,2,Y,Y,1.0,0,601,HeatEntityEvaluator=2.0243791876388237
MASONB.txt-82,0,500,500,3,N,N,-,-1,-1,HeatEntityEvaluator=0.2514421135681081
MASONB.txt-83,0,669,669,4,Y,Y,1.0,0,669,HeatEntityEvaluator=0.7208027957549019
MASONB.txt-84,0,633,633,5,N,N,-,-1,-1,HeatEntityEvaluator=0.0
MASONB.txt-85,0,920,920,7,Y,Y,1.0,0,920,HeatEntityEvaluator=1.7161000461858822
MASONB.txt-86,0,869,869,2,Y,N,-,-1,-1,HeatEntityEvaluator=0.5800107069925398
MASONB.txt-87,0,311,311,3,Y,Y,1.0,0,311,HeatEntityEvaluator=1.7199049503370833
MASONB.txt-88,0,461,461,1,N,N,-,-1,-1,HeatEntityEvaluator=0.41971727088666666
MASONB.txt-89,0,164,164,1,Y,Y,1.0,0,164,HeatEntityEvaluator=1.147489697686154
MASONB.txt-90,0,118,118,1,N,N,-,-1,-1,HeatEntityEvaluator=0.0
MASONB.txt-91,0,236,236,1,Y,Y,1.0,0,236,HeatEntityEvaluator=1.5394122352166666
MASONB.txt-92,0,301,301,2,N,N,-,-1,-1,HeatEntityEvaluator=0.40075967197875
MASONB.txt-93,0,846,846,5,Y,Y,1.0,0,846,HeatEntityEvaluator=1.743519673334366
MASONB.txt-94,0,1065,1065,6,Y,N,-,-1,-1,HeatEntityEvaluator=0.735600617840633
MASONB.txt-95,0,917,917,6,Y,Y,1.0,0,917,HeatEntityEvaluator=1.6178958519947944
MASONB.txt-96,0,832,832,6,N,N,-,-1,-1,HeatEntityEvaluator=0.12463765488015385
MASONB.txt-97,0,354,354,2,Y,Y,1.0,0,354,HeatEntityEvaluator=2.2036729898009675
MASONB.txt-98,0,199,199,1,N,N,-,-1,-1,HeatEntityEvaluator=0.0
MASONB.txt-99,0,370,370,3,Y,Y,1.0,0,370,HeatEntityEvaluator=0.52688032458
MASONB.txt-100,0,452,452,2,N,N,-,-1,-1,HeatEntityEvaluator=0.3210394631111428
MASONB.txt-101,0,579,579,4,Y,Y,1.0,0,579,HeatEntityEvaluator=0.937956044371
MASONB.txt-102,0,634,634,5,Y,N,-,-1,-1,HeatEntityEvaluator=0.5566745351155555
MASONB.txt-103,0,376,376,3,Y,Y,1.0,0,376,HeatEntityEvaluator=1.4674798910675757
MASONB.txt-104,0,296,296,1,Y,N,-,-1,-1,HeatEntityEvaluator=0.6484858475427273
MASONB.txt-105,0,629,629,5,Y,Y,1.0,0,629,HeatEntityEvaluator=0.5806360924933334
MASONB.txt-106,0,506,506,4,N,N,-,-1,-1,HeatEntityEvaluator=0.13462775660864865
MASONB.txt-107,0,1347,1347,11,Y,Y,1.0,0,1347,HeatEntityEvaluator=1.8868294278754048
MASONB.txt-108,0,1103,1103,6,N,N,-,-1,-1,HeatEntityEvaluator=0.06986428653356322
MASONB.txt-109,0,1298,1298,8,Y,Y,1.0,0,1298,HeatEntityEvaluator=0.8058621546697143
MASONB.txt-110,0,1016,1016,6,N,N,-,-1,-1,HeatEntityEvaluator=0.42246128552971834
MASONB.txt-111,0,290,290,2,Y,Y,1.0,0,290,HeatEntityEvaluator=0.9041731321007693
MASONB.txt-112,0,97,97,1,N,N,-,-1,-1,HeatEntityEvaluator=0.48661356432375
MASONB.txt-113,0,305,305,2,Y,Y,1.0,0,305,HeatEntityEvaluator=1.22242386129
MASONB.txt-114,0,283,283,2,N,N,-,-1,-1,HeatEntityEvaluator=0.0
MASONB.txt-115,0,873,873,5,Y,Y,1.0,0,873,HeatEntityEvaluator=2.1023441388483075
MASONB.txt-116,0,726,726,7,Y,N,-,-1,-1,HeatEntityEvaluator=0.8182957724280392
MASONB.txt-117,0,1306,1306,7,Y,Y,1.0,0,1306,HeatEntityEvaluator=0.6529520855987502
MASONB.txt-118,0,1208,1208,10,N,N,-,-1,-1,HeatEntityEvaluator=0.17662433523526883
MASONB.txt-119,0,1570,1570,10,Y,Y,1.0,0,1570,HeatEntityEvaluator=2.114849194982792
MASONB.txt-120,0,1184,1184,5,N,N,-,-1,-1,HeatEntityEvaluator=0.25920621181402176
MASONB.txt-121,0,705,705,4,Y,Y,1.0,0,705,HeatEntityEvaluator=0.9663766442052631
MASONB.txt-122,0,570,570,6,N,N,-,-1,-1,HeatEntityEvaluator=0.0
MASONB.txt-123,0,391,391,3,Y,Y,1.0,0,391,HeatEntityEvaluator=1.3434328460103333
MASONB.txt-124,0,241,241,2,N,N,-,-1,-1,HeatEntityEvaluator=0.053913504099999995
MASONB.txt-125,0,1073,1073,8,Y,Y,1.0,0,1073,HeatEntityEvaluator=1.131719328999625
MASONB.txt-126,0,563,563,3,N,N,-,-1,-1,HeatEntityEvaluator=0.16910163893428573
MASONB.txt-127,0,262,262,2,N,Y,1.0,0,262,HeatEntityEvaluator=0.05675105694736842
GRONOW.txt-128,0,218,218,1,N,N,-,-1,-1,HeatEntityEvaluator=0.05675105694736842
MASONB.txt-129,0,319,319,4,Y,Y,1.0,0,319,HeatEntityEvaluator=0.9761804183696154
MASONB.txt-130,0,403,403,2,N,N,-,-1,-1,HeatEntityEvaluator=0.10782700819999999
MASONB.txt-131,0,111,111,1,Y,Y,1.0,0,111,HeatEntityEvaluator=1.98556053838
MASONB.txt-132,0,139,139,1,N,N,-,-1,-1,HeatEntityEvaluator=0.0
MASONB.txt-133,0,298,298,2,Y,Y,1.0,0,298,HeatEntityEvaluator=1.4022367965280953
MASONB.txt-134,0,190,190,3,N,N,-,-1,-1,HeatEntityEvaluator=0.0
MASONB.txt-135,0,460,460,4,Y,Y,1.0,0,460,HeatEntityEvaluator=1.0251642884402858
MASONB.txt-136,0,491,491,7,N,N,-,-1,-1,HeatEntityEvaluator=0.0
MASONB.txt-137,0,1746,1746,12,Y,Y,1.0,0,1746,HeatEntityEvaluator=2.3296440869215322
GRONOW.txt-138,0,1937,1937,10,N,N,-,-1,-1,HeatEntityEvaluator=0.0
MASONB.txt-139,0,243,243,2,Y,Y,1.0,0,243,HeatEntityEvaluator=1.0355242190133334
MASONB.txt-140,0,273,273,3,N,N,-,-1,-1,HeatEntityEvaluator=0.0
MASONB.txt-141,0,1650,1650,14,Y,Y,1.0,0,1650,HeatEntityEvaluator=1.0490666429638094
GRONOW.txt-142,0,1349,1349,7,N,N,-,-1,-1,HeatEntityEvaluator=0.0
MASONB.txt-143,0,1237,1237,9,Y,Y,1.0,0,1237,HeatEntityEvaluator=1.55474234092099
MASONB.txt-144,0,1020,1020,10,N,N,-,-1,-1,HeatEntityEvaluator=0.17171363140177215
MASONB.txt-145,0,120,120,1,Y,Y,1.0,0,120,HeatEntityEvaluator=1.3185834566772727
MASONB.txt-146,0,142,142,1,N,N,-,-1,-1,HeatEntityEvaluator=0.08985584016666666
MASONB.txt-147,0,1123,1123,8,Y,Y,1.0,0,1123,HeatEntityEvaluator=2.0004058972938887
MASONB.txt-148,0,552,552,2,N,N,-,-1,-1,HeatEntityEvaluator=0.12499807116050002
MASONB.txt-149,0,268,268,2,Y,Y,1.0,0,268,HeatEntityEvaluator=1.6405868374295651
MASONB.txt-150,0,492,492,3,N,N,-,-1,-1,HeatEntityEvaluator=0.0
MASONB.txt-151,0,804,804,5,Y,Y,1.0,0,804,HeatEntityEvaluator=1.9263894097047543
MASONB.txt-152,0,919,919,6,N,N,-,-1,-1,HeatEntityEvaluator=0.10529014978235293
MASONB.txt-153,0,2158,2158,13,Y,Y,1.0,0,2158,HeatEntityEvaluator=1.9975513687851216
GRONOW.txt-154,0,1900,1900,6,N,N,-,-1,-1,HeatEntityEvaluator=0.042209673114027776
MASONB.txt-155,0,303,303,1,Y,Y,1.0,0,303,HeatEntityEvaluator=1.1571293322333334
GRONOW.txt-156,0,647,647,4,N,N,-,-1,-1,HeatEntityEvaluator=0.10203924176367347
MASONB.txt-157,0,732,732,4,Y,Y,1.0,0,732,HeatEntityEvaluator=1.5691643207306003
GRONOW.txt-158,0,865,865,5,N,N,-,-1,-1,HeatEntityEvaluator=0.0336959400625
MASONB.txt-159,0,225,225,1,N,Y,1.0,0,225,HeatEntityEvaluator=0.053913504099999995
GRONOW.txt-160,0,284,284,1,N,N,-,-1,-1,HeatEntityEvaluator=0.0
MASONB.txt-161,0,201,201,1,Y,Y,1.0,0,201,HeatEntityEvaluator=0.6263486811270588
GRONOW.txt-162,0,214,214,1,N,N,-,-1,-1,HeatEntityEvaluator=0.0
MASONB.txt-163,0,1207,1207,12,Y,Y,1.0,0,1207,HeatEntityEvaluator=2.647304119950206
GRONOW.txt-164,0,1043,1043,5,N,N,-,-1,-1,HeatEntityEvaluator=0.0720485251764
MASONB.txt-165,0,437,437,4,Y,Y,1.0,0,437,HeatEntityEvaluator=1.429266335540323
GRONOW.txt-166,0,409,409,1,N,N,-,-1,-1,HeatEntityEvaluator=0.0336959400625
MASONB.txt-167,0,281,281,3,Y,Y,1.0,0,281,HeatEntityEvaluator=0.8467981572880952
GRONOW.txt-168,0,333,333,1,N,N,-,-1,-1,HeatEntityEvaluator=0.17051775119
MASONB.txt-169,0,140,140,2,N,Y,1.0,0,140,HeatEntityEvaluator=0.0
GRONOW.txt-170,0,232,232,2,N,N,-,-1,-1,HeatEntityEvaluator=0.0
MASONB.txt-171,0,165,165,2,N,Y,1.0,0,165,HeatEntityEvaluator=0.38009125644999997
GRONOW.txt-172,0,145,145,1,N,N,-,-1,-1,HeatEntityEvaluator=0.0
MASONB.txt-173,0,354,354,1,Y,Y,1.0,0,354,HeatEntityEvaluator=0.9777768751358332
GRONOW.txt-174,0,379,379,1,N,N,-,-1,-1,HeatEntityEvaluator=0.07188467213333333
MASONB.txt-175,0,2949,2949,20,Y,Y,1.0,0,2949,HeatEntityEvaluator=1.4991350784187056
GRONOW.txt-176,0,2918,2918,22,N,N,-,-1,-1,HeatEntityEvaluator=0.05929944320409756
MASONB.txt-177,0,3413,3413,22,Y,Y,1.0,0,3413,HeatEntityEvaluator=1.8886716855601136
GRONOW.txt-178,0,1901,1901,13,N,N,-,-1,-1,HeatEntityEvaluator=0.05075505681148936
MASONB.txt-179,0,75,75,1,Y,Y,1.0,0,75,HeatEntityEvaluator=1.79537604241
GRONOW.txt-180,0,138,138,1,N,N,-,-1,-1,HeatEntityEvaluator=0.0
MASONB.txt-181,0,674,674,5,Y,Y,1.0,0,674,HeatEntityEvaluator=3.034955117310384
GRONOW.txt-182,0,778,778,7,N,N,-,-1,-1,HeatEntityEvaluator=0.0
MASONB.txt-183,0,334,334,2,Y,Y,1.0,0,334,HeatEntityEvaluator=2.321063516762083
GRONOW.txt-184,0,214,214,2,N,N,-,-1,-1,HeatEntityEvaluator=0.0
MASONB.txt-185,0,153,153,1,N,Y,1.0,0,153,HeatEntityEvaluator=0.0
GRONOW.txt-186,0,159,159,1,N,N,-,-1,-1,HeatEntityEvaluator=0.0
MASONB.txt-187,0,271,271,3,Y,Y,1.0,0,271,HeatEntityEvaluator=0.9483415630295239
GRONOW.txt-188,0,338,338,3,N,N,-,-1,-1,HeatEntityEvaluator=0.0
MASONB.txt-189,0,583,583,5,Y,Y,1.0,0,583,HeatEntityEvaluator=1.844551541404762
GRONOW.txt-190,0,709,709,4,N,N,-,-1,-1,HeatEntityEvaluator=0.07269725388018868
MASONB.txt-191,0,1986,1986,11,Y,Y,1.0,0,1986,HeatEntityEvaluator=2.336660492240405
GRONOW.txt-192,0,2255,2255,14,N,N,-,-1,-1,HeatEntityEvaluator=0.13474656556426134
MASONB.txt-193,0,2164,2164,15,Y,Y,1.0,0,2164,HeatEntityEvaluator=1.3395957056131735
GRONOW.txt-194,0,2101,2101,14,N,N,-,-1,-1,HeatEntityEvaluator=0.2302640844139766
MASONB.txt-195,0,541,541,2,Y,Y,1.0,0,541,HeatEntityEvaluator=1.2636564417236842
GRONOW.txt-196,0,596,596,3,N,N,-,-1,-1,HeatEntityEvaluator=0.3660810753545
MASONB.txt-197,0,339,339,3,Y,Y,1.0,0,339,HeatEntityEvaluator=2.01179629516087
GRONOW.txt-198,0,286,286,2,N,N,-,-1,-1,HeatEntityEvaluator=0.0
MASONB.txt-199,0,904,904,6,Y,Y,1.0,0,904,HeatEntityEvaluator=3.1075110831121915
GRONOW.txt-200,0,958,958,6,N,N,-,-1,-1,HeatEntityEvaluator=0.0
MASONB.txt-201,0,308,308,2,Y,Y,1.0,0,308,HeatEntityEvaluator=2.2214266936552
GRONOW.txt-202,0,817,817,5,N,N,-,-1,-1,HeatEntityEvaluator=0.03718172696551724
MASONB.txt-203,0,2054,2054,13,Y,Y,1.0,0,2054,HeatEntityEvaluator=1.5806563674512988
GRONOW.txt-204,0,1786,1786,12,N,N,-,-1,-1,HeatEntityEvaluator=0.07419183830592592
MASONB.txt-205,0,309,309,2,Y,Y,1.0,0,309,HeatEntityEvaluator=2.0754930154904545
GRONOW.txt-206,0,348,348,3,N,N,-,-1,-1,HeatEntityEvaluator=0.2590846924520833
MASONB.txt-207,0,3534,3534,21,Y,Y,1.0,0,3534,HeatEntityEvaluator=1.3597772210708965
GRONOW.txt-208,0,3543,3543,23,N,N,-,-1,-1,HeatEntityEvaluator=0.16716256403496352
MASONB.txt-209,0,2390,2390,17,Y,Y,1.0,0,2390,HeatEntityEvaluator=2.351707011818115
GRONOW.txt-210,0,2103,2103,21,N,N,-,-1,-1,HeatEntityEvaluator=0.13565710756023666
MASONB.txt-211,0,2159,2159,15,Y,Y,1.0,0,2159,HeatEntityEvaluator=2.0507893454531545
GRONOW.txt-212,0,1929,1929,11,N,N,-,-1,-1,HeatEntityEvaluator=0.054342278623076924
MASONB.txt-213,0,1458,1458,8,Y,Y,1.0,0,1458,HeatEntityEvaluator=1.9973347442170626
GRONOW.txt-214,0,1325,1325,9,N,N,-,-1,-1,HeatEntityEvaluator=0.08030840868700001
MASONB.txt-215,0,101,101,2,Y,Y,1.0,0,101,HeatEntityEvaluator=1.196515476052
GRONOW.txt-216,0,113,113,1,N,N,-,-1,-1,HeatEntityEvaluator=0.0
MASONB.txt-217,0,245,245,2,N,Y,1.0,0,245,HeatEntityEvaluator=0.0
GRONOW.txt-218,0,224,224,1,N,N,-,-1,-1,HeatEntityEvaluator=0.0
MASONB.txt-219,0,2768,2768,21,Y,Y,1.0,0,2768,HeatEntityEvaluator=1.3354321454987557
GRONOW.txt-220,0,2315,2315,15,N,N,-,-1,-1,HeatEntityEvaluator=0.1321940547994382
MASONB.txt-221,0,211,211,1,Y,Y,1.0,0,211,HeatEntityEvaluator=0.6684057212694117
GRONOW.txt-222,0,378,378,2,N,N,-,-1,-1,HeatEntityEvaluator=0.0
MEMMUS.txt-223,0,392,392,2,Y,Y,1.0,0,392,HeatEntityEvaluator=2.359619468270303
GRONOW.txt-224,0,468,468,3,N,N,-,-1,-1,HeatEntityEvaluator=0.0
MEMMUS.txt-225,0,483,483,7,Y,Y,1.0,0,483,HeatEntityEvaluator=1.8719903073602564
MEMMUS.txt-226,0,367,367,2,N,N,-,-1,-1,HeatEntityEvaluator=0.035942336066666664
MEMMUS.txt-227,0,797,797,5,Y,Y,1.0,0,797,HeatEntityEvaluator=1.1278223480119718
MEMMUS.txt-228,0,954,954,10,N,N,-,-1,-1,HeatEntityEvaluator=0.22364464666250003
MEMMUS.txt-229,0,1015,1015,7,Y,Y,1.0,0,1015,HeatEntityEvaluator=1.5579881481197404
MEMMUS.txt-230,0,1155,1155,4,N,N,-,-1,-1,HeatEntityEvaluator=0.0
MEMMUS.txt-231,0,586,586,4,N,Y,1.0,0,586,HeatEntityEvaluator=0.324771909515
MEMMUS.txt-232,0,405,405,3,N,N,-,-1,-1,HeatEntityEvaluator=0.17664140159869565
MEMMUS.txt-233,0,622,622,6,Y,Y,1.0,0,622,HeatEntityEvaluator=0.8920666676411539
MEMMUS.txt-234,0,877,877,7,N,N,-,-1,-1,HeatEntityEvaluator=0.4907707800272858
MEMMUS.txt-235,0,704,704,8,Y,Y,1.0,0,704,HeatEntityEvaluator=1.9337361349854902
MEMMUS.txt-236,0,816,816,5,N,N,-,-1,-1,HeatEntityEvaluator=0.12138100134294116
MEMMUS.txt-237,0,652,652,4,Y,Y,1.0,0,652,HeatEntityEvaluator=1.4152378936068002
MEMMUS.txt-238,0,555,555,4,Y,N,-,-1,-1,HeatEntityEvaluator=0.7207922377467441
MEMMUS.txt-239,0,398,398,3,Y,Y,1.0,0,398,HeatEntityEvaluator=0.9790672995262163
MEMMUS.txt-240,0,101,101,1,N,N,-,-1,-1,HeatEntityEvaluator=0.48647673447222217
MEMMUS.txt-241,0,398,398,3,Y,Y,1.0,0,398,HeatEntityEvaluator=2.375693713467742
MEMMUS.txt-242,0,172,172,1,Y,N,-,-1,-1,HeatEntityEvaluator=1.2880830097046154
MEMMUS.txt-243,0,2109,2109,13,Y,Y,1.0,0,2109,HeatEntityEvaluator=1.3470184660166462
GRONOW.txt-244,0,2168,2168,9,N,N,-,-1,-1,HeatEntityEvaluator=0.08965228153858824
MEMMUS.txt-245,0,824,824,7,Y,Y,1.0,0,824,HeatEntityEvaluator=1.5527837900981538
MEMMUS.txt-246,0,836,836,7,N,N,-,-1,-1,HeatEntityEvaluator=0.03267485096969697
MEMMUS.txt-247,0,607,607,4,Y,Y,1.0,0,607,HeatEntityEvaluator=1.9105715955313207
MEMMUS.txt-248,0,423,423,3,N,N,-,-1,-1,HeatEntityEvaluator=0.0
MEMMUS.txt-249,0,567,567,5,Y,Y,1.0,0,567,HeatEntityEvaluator=1.8963721028582499
MEMMUS.txt-250,0,789,789,5,N,N,-,-1,-1,HeatEntityEvaluator=0.3355054613996428
MEMMUS.txt-251,0,591,591,3,Y,Y,1.0,0,591,HeatEntityEvaluator=3.219877590542391
MEMMUS.txt-252,0,930,930,6,N,N,-,-1,-1,HeatEntityEvaluator=0.014571217324324323
MEMMUS.txt-253,0,369,369,3,Y,Y,1.0,0,369,HeatEntityEvaluator=2.223545268043549
MEMMUS.txt-254,0,386,386,2,Y,N,-,-1,-1,HeatEntityEvaluator=1.2602709695186667
MEMMUS.txt-255,0,580,580,2,Y,Y,1.0,0,580,HeatEntityEvaluator=2.3190704455853495
MEMMUS.txt-256,0,762,762,11,N,N,-,-1,-1,HeatEntityEvaluator=0.0
MEMMUS.txt-257,0,696,696,6,Y,Y,1.0,0,696,HeatEntityEvaluator=1.372943799250492
GRONOW.txt-258,0,673,673,3,Y,N,-,-1,-1,HeatEntityEvaluator=0.7772098827045097
MEMMUS.txt-259,0,741,741,6,Y,Y,1.0,0,741,HeatEntityEvaluator=1.9011351544525454
GRONOW.txt-260,0,726,726,4,N,N,-,-1,-1,HeatEntityEvaluator=0.0
MEMMUS.txt-261,0,482,482,3,Y,Y,1.0,0,482,HeatEntityEvaluator=2.0943494738042423
MEMMUS.txt-262,0,583,583,3,N,N,-,-1,-1,HeatEntityEvaluator=0.42024441709979593
MEMMUS.txt-263,0,718,718,5,Y,Y,1.0,0,718,HeatEntityEvaluator=2.4540553025035847
GRONOW.txt-264,0,802,802,5,N,N,-,-1,-1,HeatEntityEvaluator=0.09311528585877192
MEMMUS.txt-265,0,591,591,3,Y,Y,1.0,0,591,HeatEntityEvaluator=2.1627836265544684
MEMMUS.txt-266,0,452,452,3,N,N,-,-1,-1,HeatEntityEvaluator=0.0
MEMMUS.txt-267,0,1264,1264,8,Y,Y,1.0,0,1264,HeatEntityEvaluator=2.2431615138375727
GRONOW.txt-268,0,1230,1230,8,N,N,-,-1,-1,HeatEntityEvaluator=0.010367981557692307
MEMMUS.txt-269,0,632,632,4,Y,Y,1.0,0,632,HeatEntityEvaluator=1.7777361927894118
MEMMUS.txt-270,0,450,450,2,N,N,-,-1,-1,HeatEntityEvaluator=0.24265803575704545
MEMMUS.txt-271,0,1057,1057,11,Y,Y,1.0,0,1057,HeatEntityEvaluator=0.9878852420050578
MEMMUS.txt-272,0,1054,1054,6,Y,N,-,-1,-1,HeatEntityEvaluator=0.5318758763868675
MEMMUS.txt-273,0,579,579,4,Y,Y,1.0,0,579,HeatEntityEvaluator=1.835727992117778
GRONOW.txt-274,0,573,573,3,N,N,-,-1,-1,HeatEntityEvaluator=0.0
MEMMUS.txt-275,0,994,994,6,Y,Y,1.0,0,994,HeatEntityEvaluator=2.4703532862341775
GRONOW.txt-276,0,1025,1025,5,N,N,-,-1,-1,HeatEntityEvaluator=0.4013246535436585
MEMMUS.txt-277,0,431,431,2,Y,Y,1.0,0,431,HeatEntityEvaluator=1.076941037345143
MEMMUS.txt-278,0,291,291,3,N,N,-,-1,-1,HeatEntityEvaluator=0.2533331940434782
MEMMUS.txt-279,0,726,726,6,N,Y,1.0,0,726,HeatEntityEvaluator=0.49332842075928574
GRONOW.txt-280,0,1135,1135,5,N,N,-,-1,-1,HeatEntityEvaluator=0.12608377069036145
MEMMUS.txt-281,0,522,522,5,Y,Y,1.0,0,522,HeatEntityEvaluator=1.9474443169002498
GLOVER.txt-282,0,542,542,3,N,N,-,-1,-1,HeatEntityEvaluator=0.024506138227272725
MEMMUS.txt-283,0,747,747,6,Y,Y,1.0,0,747,HeatEntityEvaluator=1.9592518010134483
GRONOW.txt-284,0,860,860,6,N,N,-,-1,-1,HeatEntityEvaluator=0.3847653792640625
MEMMUS.txt-285,0,1166,1166,6,Y,Y,1.0,0,1166,HeatEntityEvaluator=1.1903782992139131
GRONOW.txt-286,0,1250,1250,11,N,N,-,-1,-1,HeatEntityEvaluator=0.15139340689572914
MEMMUS.txt-287,0,892,892,6,Y,Y,1.0,0,892,HeatEntityEvaluator=2.2789693171021916
GRONOW.txt-288,0,1145,1145,5,N,N,-,-1,-1,HeatEntityEvaluator=0.2907539235160241
MEMMUS.txt-289,0,881,881,5,Y,Y,1.0,0,881,HeatEntityEvaluator=2.7081698722452936
GRONOW.txt-290,0,706,706,3,N,N,-,-1,-1,HeatEntityEvaluator=0.43921920761
MEMMUS.txt-291,0,687,687,6,Y,Y,1.0,0,687,HeatEntityEvaluator=1.5646694314251788
GRONOW.txt-292,0,660,660,4,N,N,-,-1,-1,HeatEntityEvaluator=0.16230250450188677
MEMMUS.txt-293,0,902,902,7,Y,Y,1.0,0,902,HeatEntityEvaluator=1.4201807666926392
GRONOW.txt-294,0,800,800,5,N,N,-,-1,-1,HeatEntityEvaluator=0.11868523719754098
MEMMUS.txt-295,0,755,755,5,Y,Y,1.0,0,755,HeatEntityEvaluator=2.318572562414225
GRONOW.txt-296,0,955,955,6,N,N,-,-1,-1,HeatEntityEvaluator=0.2622784939518181
MEMMUS.txt-297,0,577,577,6,Y,Y,1.0,0,577,HeatEntityEvaluator=2.0232618872790566
GRONOW.txt-298,0,482,482,5,N,N,-,-1,-1,HeatEntityEvaluator=0.14010614061736842
MEMMUS.txt-299,0,688,688,6,Y,Y,1.0,0,688,HeatEntityEvaluator=2.7868994529780853
GRONOW.txt-300,0,880,880,5,N,N,-,-1,-1,HeatEntityEvaluator=0.03423079625396825
MEMMUS.txt-301,0,1240,1240,9,Y,Y,1.0,0,1240,HeatEntityEvaluator=0.9825331736068751
GLOVER.txt-302,0,1279,1279,8,N,N,-,-1,-1,HeatEntityEvaluator=0.3300288740404546
MEMMUS.txt-303,0,1451,1451,9,Y,Y,1.0,0,1451,HeatEntityEvaluator=1.634462448135769
MEMMUS.txt-304,0,1214,1214,14,N,N,-,-1,-1,HeatEntityEvaluator=0.222982814272234
MEMMUS.txt-305,0,1436,1436,10,Y,Y,1.0,0,1436,HeatEntityEvaluator=1.9231435420136695
GRONOW.txt-306,0,1640,1640,10,N,N,-,-1,-1,HeatEntityEvaluator=0.0754454772944882
MEMMUS.txt-307,0,334,334,2,Y,Y,1.0,0,334,HeatEntityEvaluator=2.911647377470001
MEMMUS.txt-308,0,286,286,3,N,N,-,-1,-1,HeatEntityEvaluator=0.0
MEMMUS.txt-309,0,478,478,4,Y,Y,1.0,0,478,HeatEntityEvaluator=0.7453077961818421
GRONOW.txt-310,0,680,680,3,N,N,-,-1,-1,HeatEntityEvaluator=0.1318289203098
MEMMUS.txt-311,0,915,915,6,Y,Y,1.0,0,915,HeatEntityEvaluator=2.174622544029851
GRONOW.txt-312,0,793,793,4,N,N,-,-1,-1,HeatEntityEvaluator=0.0
MEMMUS.txt-313,0,1213,1213,7,Y,Y,1.0,0,1213,HeatEntityEvaluator=2.6509283390350498
GRONOW.txt-314,0,1213,1213,7,N,N,-,-1,-1,HeatEntityEvaluator=0.01184912178021978
MEMMUS.txt-315,0,710,710,5,Y,Y,1.0,0,710,HeatEntityEvaluator=2.6895822162955354
GRONOW.txt-316,0,1113,1113,5,N,N,-,-1,-1,HeatEntityEvaluator=0.13712927801034883
MEMMUS.txt-317,0,1345,1345,8,Y,Y,1.0,0,1345,HeatEntityEvaluator=1.6291429747618997
GRONOW.txt-318,0,1292,1292,8,N,N,-,-1,-1,HeatEntityEvaluator=0.1527791652293684
MEMMUS.txt-319,0,1846,1846,12,Y,Y,1.0,0,1846,HeatEntityEvaluator=0.6782835684607482
GRONOW.txt-320,0,1936,1936,9,N,N,-,-1,-1,HeatEntityEvaluator=0.2715148926075325
MEMMUS.txt-321,0,966,966,7,Y,Y,1.0,0,966,HeatEntityEvaluator=2.1553837912014124
GRONOW.txt-322,0,1132,1132,5,N,N,-,-1,-1,HeatEntityEvaluator=0.21244380242202246
MEMMUS.txt-323,0,551,551,5,Y,Y,1.0,0,551,HeatEntityEvaluator=1.611525146884255
GRONOW.txt-324,0,595,595,4,N,N,-,-1,-1,HeatEntityEvaluator=0.18407644974333334
MEMMUS.txt-325,0,854,854,5,Y,Y,1.0,0,854,HeatEntityEvaluator=1.8367554586218293
GRONOW.txt-326,0,977,977,5,N,N,-,-1,-1,HeatEntityEvaluator=0.028753868853333333
MEMMUS.txt-327,0,341,341,2,Y,Y,1.0,0,341,HeatEntityEvaluator=1.7164894565522724
GRONOW.txt-328,0,315,315,2,N,N,-,-1,-1,HeatEntityEvaluator=0.04313080328
MEMMUS.txt-329,0,477,477,3,Y,Y,1.0,0,477,HeatEntityEvaluator=2.065607328763
GRONOW.txt-330,0,569,569,3,N,N,-,-1,-1,HeatEntityEvaluator=0.18509257210166666
MEMMUS.txt-331,0,806,806,4,Y,Y,1.0,0,806,HeatEntityEvaluator=2.5962384780268333
GRONOW.txt-332,0,1080,1080,5,N,N,-,-1,-1,HeatEntityEvaluator=0.45135287358512816
MEMMUS.txt-333,0,1403,1403,9,Y,Y,1.0,0,1403,HeatEntityEvaluator=2.3274494175623204
GRONOW.txt-334,0,1451,1451,4,N,N,-,-1,-1,HeatEntityEvaluator=0.13402916590242103
MEMMUS.txt-335,0,821,821,7,Y,Y,1.0,0,821,HeatEntityEvaluator=2.1574175719977267
GRONOW.txt-336,0,834,834,4,N,N,-,-1,-1,HeatEntityEvaluator=0.2496045177633846
MEMMUS.txt-337,0,376,376,4,Y,Y,1.0,0,376,HeatEntityEvaluator=2.0309017129260605
MEMMUS.txt-338,0,264,264,1,N,N,-,-1,-1,HeatEntityEvaluator=0.0
MULIFE.txt-339,0,425,425,4,Y,Y,1.0,0,425,HeatEntityEvaluator=1.5357193120430306
GRONOW.txt-340,0,417,417,3,N,N,-,-1,-1,HeatEntityEvaluator=0.4383923994121212
MULIFE.txt-341,0,683,683,6,Y,Y,1.0,0,683,HeatEntityEvaluator=1.028426616416607
GRONOW.txt-342,0,886,886,5,Y,N,-,-1,-1,HeatEntityEvaluator=0.7120752145421623
MULIFE.txt-343,0,387,387,4,Y,Y,1.0,0,387,HeatEntityEvaluator=2.640721221155625
GRONOW.txt-344,0,397,397,4,N,N,-,-1,-1,HeatEntityEvaluator=0.14877503330878786
MULIFE.txt-345,0,626,626,5,Y,Y,1.0,0,626,HeatEntityEvaluator=1.054547675026981
GRONOW.txt-346,0,730,730,2,N,N,-,-1,-1,HeatEntityEvaluator=0.19582271546862065
MULIFE.txt-347,0,660,660,5,Y,Y,1.0,0,660,HeatEntityEvaluator=0.6698443457816
GRONOW.txt-348,0,837,837,3,Y,N,-,-1,-1,HeatEntityEvaluator=0.6035291431158208
MULIFE.txt-349,0,1253,1253,6,Y,Y,1.0,0,1253,HeatEntityEvaluator=0.9549410933113001
GRONOW.txt-350,0,1405,1405,4,N,N,-,-1,-1,HeatEntityEvaluator=0.19502583132716816
MULIFE.txt-351,0,653,653,5,Y,Y,1.0,0,653,HeatEntityEvaluator=0.7778903270681482
GRONOW.txt-352,0,687,687,5,N,N,-,-1,-1,HeatEntityEvaluator=0.36055001048125
MULIFE.txt-353,0,676,676,5,Y,Y,1.0,0,676,HeatEntityEvaluator=2.0131903770122643
GRONOW.txt-354,0,532,532,4,N,N,-,-1,-1,HeatEntityEvaluator=0.0
MULIFE.txt-355,0,269,269,4,Y,Y,1.0,0,269,HeatEntityEvaluator=1.1594840689265216
GRONOW.txt-356,0,288,288,2,N,N,-,-1,-1,HeatEntityEvaluator=0.2603411383126087
MULIFE.txt-357,0,282,282,2,Y,Y,1.0,0,282,HeatEntityEvaluator=2.264801915684583
GRONOW.txt-358,0,262,262,1,N,N,-,-1,-1,HeatEntityEvaluator=0.05134619438095238
MULIFE.txt-359,0,840,840,6,Y,Y,1.0,0,840,HeatEntityEvaluator=1.1717222039687498
GRONOW.txt-360,0,1134,1134,7,N,N,-,-1,-1,HeatEntityEvaluator=0.02369824356043956
MULIFE.txt-361,0,486,486,3,Y,Y,1.0,0,486,HeatEntityEvaluator=1.8980159040045947
GRONOW.txt-362,0,729,729,7,N,N,-,-1,-1,HeatEntityEvaluator=0.0750593594123077
MULIFE.txt-363,0,664,664,4,Y,Y,1.0,0,664,HeatEntityEvaluator=1.1101775340969644
GRONOW.txt-364,0,563,563,1,N,N,-,-1,-1,HeatEntityEvaluator=0.024506138227272725
MULIFE.txt-365,0,523,523,4,Y,Y,1.0,0,523,HeatEntityEvaluator=2.325289211347609
MULIFE.txt-366,0,473,473,3,N,N,-,-1,-1,HeatEntityEvaluator=0.1192729347382353
MULIFE.txt-367,0,1204,1204,12,Y,Y,1.0,0,1204,HeatEntityEvaluator=1.525863648976344
MULIFE.txt-368,0,650,650,4,Y,N,-,-1,-1,HeatEntityEvaluator=1.6874410302898002
MULIFE.txt-369,0,744,744,8,Y,Y,1.0,0,744,HeatEntityEvaluator=1.5951910923739288
MULIFE.txt-370,0,769,769,4,N,N,-,-1,-1,HeatEntityEvaluator=0.44898007833050846
MULIFE.txt-371,0,1947,1947,16,Y,Y,1.0,0,1947,HeatEntityEvaluator=0.8639933153733125
MULIFE.txt-372,0,1188,1188,10,Y,N,-,-1,-1,HeatEntityEvaluator=0.92495602786875
MULIFE.txt-373,0,2138,2138,17,Y,Y,1.0,0,2138,HeatEntityEvaluator=1.2427335003619018
GRONOW.txt-374,0,2258,2258,11,N,N,-,-1,-1,HeatEntityEvaluator=0.425394342567178
MULIFE.txt-375,0,866,866,6,Y,Y,1.0,0,866,HeatEntityEvaluator=2.1133894527539434
GRONOW.txt-376,0,1041,1041,6,N,N,-,-1,-1,HeatEntityEvaluator=0.17216968120397433
MULIFE.txt-377,0,2918,2918,28,Y,Y,1.0,0,2918,HeatEntityEvaluator=1.0978645293191587
GRONOW.txt-378,0,3008,3008,14,N,N,-,-1,-1,HeatEntityEvaluator=0.34097074359414853
MULIFE.txt-379,0,533,533,7,Y,Y,1.0,0,533,HeatEntityEvaluator=1.4637730282376746
GRONOW.txt-380,0,573,573,5,Y,N,-,-1,-1,HeatEntityEvaluator=1.503964501534091
MULIFE.txt-381,0,1433,1433,9,Y,Y,1.0,0,1433,HeatEntityEvaluator=0.7156365517733614
GRONOW.txt-382,0,1453,1453,6,N,N,-,-1,-1,HeatEntityEvaluator=0.2825722492683784
MULIFE.txt-383,0,1336,1336,8,Y,Y,1.0,0,1336,HeatEntityEvaluator=0.8496706788886669
GRONOW.txt-384,0,1720,1720,11,N,N,-,-1,-1,HeatEntityEvaluator=0.22512933518558137
MULIFE.txt-385,0,1273,1273,6,Y,Y,1.0,0,1273,HeatEntityEvaluator=2.173261508244553
MULIFE.txt-386,0,1153,1153,5,N,N,-,-1,-1,HeatEntityEvaluator=0.3027302397139326
MULIFE.txt-387,0,768,768,5,Y,Y,1.0,0,768,HeatEntityEvaluator=1.2581909996144827
GRONOW.txt-388,0,725,725,2,Y,N,-,-1,-1,HeatEntityEvaluator=0.6422639755773586
MULIFE.txt-389,0,473,473,4,Y,Y,1.0,0,473,HeatEntityEvaluator=1.4367008003352273
GRONOW.txt-390,0,499,499,6,N,N,-,-1,-1,HeatEntityEvaluator=0.3122592988171795
MUSING.txt-391,0,347,347,1,Y,Y,1.0,0,347,HeatEntityEvaluator=2.6917067222600006
MUSING.txt-392,0,360,360,2,N,N,-,-1,-1,HeatEntityEvaluator=0.0
MUSING.txt-393,0,658,658,3,Y,Y,1.0,0,658,HeatEntityEvaluator=2.2767888073516676
MUSING.txt-394,0,822,822,2,N,N,-,-1,-1,HeatEntityEvaluator=0.4955318148628333
MUSING.txt-395,0,558,558,3,Y,Y,1.0,0,558,HeatEntityEvaluator=2.3648132598342504
MUSING.txt-396,0,540,540,2,N,N,-,-1,-1,HeatEntityEvaluator=0.0
MUSING.txt-397,0,392,392,3,Y,Y,1.0,0,392,HeatEntityEvaluator=2.751776401946207
MEMMUS.txt-398,0,378,378,3,N,N,-,-1,-1,HeatEntityEvaluator=0.16177233890818185
MUSING.txt-399,0,996,996,4,Y,Y,1.0,0,996,HeatEntityEvaluator=0.8359966340821623
GRONOW.txt-400,0,835,835,3,N,N,-,-1,-1,HeatEntityEvaluator=0.10843125773363636
MUSING.txt-401,0,573,573,2,Y,Y,1.0,0,573,HeatEntityEvaluator=1.4856223259071428
MUSING.txt-402,0,744,744,2,N,N,-,-1,-1,HeatEntityEvaluator=0.019254822892857144
MUSING.txt-403,0,423,423,2,Y,Y,1.0,0,423,HeatEntityEvaluator=1.6518240052225
MUSING.txt-404,0,357,357,1,N,N,-,-1,-1,HeatEntityEvaluator=0.15478787867607144
MUSING.txt-405,0,621,621,5,Y,Y,1.0,0,621,HeatEntityEvaluator=1.09431478835875
MUSING.txt-406,0,357,357,2,N,N,-,-1,-1,HeatEntityEvaluator=0.04492792008333333
MUSING.txt-407,0,340,340,1,Y,Y,1.0,0,340,HeatEntityEvaluator=1.0768851814484
MUSING.txt-408,0,487,487,4,N,N,-,-1,-1,HeatEntityEvaluator=0.11721661419314286
MUSING.txt-409,0,568,568,2,Y,Y,1.0,0,568,HeatEntityEvaluator=2.495455946905122
MUSING.txt-410,0,362,362,2,N,N,-,-1,-1,HeatEntityEvaluator=0.46667827239156245
MUSING.txt-411,0,466,466,2,Y,Y,1.0,0,466,HeatEntityEvaluator=2.428329329984706
MUSING.txt-412,0,517,517,4,N,N,-,-1,-1,HeatEntityEvaluator=0.27526390328625
MUSING.txt-413,0,608,608,5,Y,Y,1.0,0,608,HeatEntityEvaluator=2.7074553327965
MUSING.txt-414,0,420,420,2,N,N,-,-1,-1,HeatEntityEvaluator=0.0
MUSING.txt-415,0,487,487,3,Y,Y,1.0,0,487,HeatEntityEvaluator=1.9040566577267646
MUSING.txt-416,0,451,451,1,N,N,-,-1,-1,HeatEntityEvaluator=0.06534970193939393
MUSING.txt-417,0,478,478,2,Y,Y,1.0,0,478,HeatEntityEvaluator=2.8099761757975004
MUSING.txt-418,0,553,553,2,N,N,-,-1,-1,HeatEntityEvaluator=0.022941916638297873
MUSING.txt-419,0,515,515,1,N,Y,1.0,0,515,HeatEntityEvaluator=0.4397334984114285
MUSING.txt-420,0,585,585,4,N,N,-,-1,-1,HeatEntityEvaluator=0.19711906912155558
MUSING.txt-421,0,406,406,2,Y,Y,1.0,0,406,HeatEntityEvaluator=1.1018780039761291
MUSING.txt-422,0,451,451,2,Y,N,-,-1,-1,HeatEntityEvaluator=1.333016744805946
MUSING.txt-423,0,470,470,2,Y,Y,1.0,0,470,HeatEntityEvaluator=2.0842638375511435
GRONOW.txt-424,0,455,455,4,N,N,-,-1,-1,HeatEntityEvaluator=0.05990389344444444
MUSING.txt-425,0,971,971,6,Y,Y,1.0,0,971,HeatEntityEvaluator=1.3193953186829686
MUSING.txt-426,0,552,552,3,Y,N,-,-1,-1,HeatEntityEvaluator=0.7684088614420456
MUSING.txt-427,0,938,938,5,Y,Y,1.0,0,938,HeatEntityEvaluator=1.5577577499849256
MUSING.txt-428,0,940,940,4,Y,N,-,-1,-1,HeatEntityEvaluator=1.048013596234074
MUSREM.txt-429,0,159,159,1,Y,Y,1.0,0,159,HeatEntityEvaluator=1.9545583161800002
MUSING.txt-430,0,259,259,2,N,N,-,-1,-1,HeatEntityEvaluator=0.4129343085780952
MUSREM.txt-431,0,322,322,2,Y,Y,1.0,0,322,HeatEntityEvaluator=2.3749897039876924
MUSREM.txt-432,0,291,291,2,Y,N,-,-1,-1,HeatEntityEvaluator=0.8325181366671428
MUSREM.txt-433,0,318,318,3,Y,Y,1.0,0,318,HeatEntityEvaluator=0.8740063870146154
MUSREM.txt-434,0,400,400,1,Y,N,-,-1,-1,HeatEntityEvaluator=2.9707700587389283
MUSREM.txt-435,0,392,392,2,Y,Y,1.0,0,392,HeatEntityEvaluator=1.494133920422692
MUSING.txt-436,0,466,466,2,N,N,-,-1,-1,HeatEntityEvaluator=0.4974195076968571
MUSREM.txt-437,0,529,529,7,Y,Y,1.0,0,529,HeatEntityEvaluator=1.1823898270615385
MUSING.txt-438,0,422,422,4,N,N,-,-1,-1,HeatEntityEvaluator=0.22487374034266666
MUSREM.txt-439,0,561,561,3,Y,Y,1.0,0,561,HeatEntityEvaluator=1.8307473864823687
MUSING.txt-440,0,401,401,1,Y,N,-,-1,-1,HeatEntityEvaluator=1.211542361149697
MUSREM.txt-441,0,397,397,1,Y,Y,1.0,0,397,HeatEntityEvaluator=1.4218661573328573
MUSING.txt-442,0,683,683,3,Y,N,-,-1,-1,HeatEntityEvaluator=0.9266955189711321
MUSREM.txt-443,0,379,379,3,Y,Y,1.0,0,379,HeatEntityEvaluator=1.0901304381441381
MUSING.txt-444,0,553,553,2,Y,N,-,-1,-1,HeatEntityEvaluator=1.0075772068753062
MUSREM.txt-445,0,248,248,1,Y,Y,1.0,0,248,HeatEntityEvaluator=1.167064810882
GRONOW.txt-446,0,236,236,2,Y,N,-,-1,-1,HeatEntityEvaluator=0.7202787583877271
MUSREM.txt-447,0,311,311,2,Y,Y,1.0,0,311,HeatEntityEvaluator=2.1163370811460873
GRONOW.txt-448,0,299,299,2,N,N,-,-1,-1,HeatEntityEvaluator=0.21944098152090907
MUSREM.txt-449,0,197,197,1,Y,Y,1.0,0,197,HeatEntityEvaluator=1.3249474416706666
GRONOW.txt-450,0,269,269,2,N,N,-,-1,-1,HeatEntityEvaluator=0.26470421194291666
MUSREM.txt-451,0,190,190,1,Y,Y,1.0,0,190,HeatEntityEvaluator=2.102158999960714
MEMMUS.txt-452,0,226,226,1,Y,N,-,-1,-1,HeatEntityEvaluator=1.3440510707373334
MUSREM.txt-453,0,190,190,1,Y,Y,1.0,0,190,HeatEntityEvaluator=3.0274522733215385
GRONOW.txt-454,0,277,277,1,N,N,-,-1,-1,HeatEntityEvaluator=0.0
MUSREM.txt-455,0,190,190,2,Y,Y,1.0,0,190,HeatEntityEvaluator=1.912152035082353
MEMMUS.txt-456,0,139,139,2,Y,N,-,-1,-1,HeatEntityEvaluator=0.9868740855827273
MUSREM.txt-457,0,526,526,2,Y,Y,1.0,0,526,HeatEntityEvaluator=1.8454879579955557
GRONOW.txt-458,0,536,536,3,N,N,-,-1,-1,HeatEntityEvaluator=0.02156540164
MUSREM.txt-459,0,347,347,2,Y,Y,1.0,0,347,HeatEntityEvaluator=1.3035752921040742
GRONOW.txt-460,0,509,509,2,N,N,-,-1,-1,HeatEntityEvaluator=0.26344499784475
MUSREM.txt-461,0,382,382,3,Y,Y,1.0,0,382,HeatEntityEvaluator=1.8661995084960001
GRONOW.txt-462,0,351,351,1,N,N,-,-1,-1,HeatEntityEvaluator=0.39660673503655175
MUSREM.txt-463,0,553,553,3,Y,Y,1.0,0,553,HeatEntityEvaluator=1.8770096414985367
GRONOW.txt-464,0,599,599,3,N,N,-,-1,-1,HeatEntityEvaluator=0.4059008361432
MUSREM.txt-465,0,118,118,1,Y,Y,1.0,0,118,HeatEntityEvaluator=2.2066672215975
GRONOW.txt-466,0,361,361,2,N,N,-,-1,-1,HeatEntityEvaluator=0.03718172696551724
MUSREM.txt-467,0,553,553,2,Y,Y,1.0,0,553,HeatEntityEvaluator=1.4395416762572728
GRONOW.txt-468,0,658,658,4,N,N,-,-1,-1,HeatEntityEvaluator=0.020344718528301886
MUSREM.txt-469,0,320,320,4,Y,Y,1.0,0,320,HeatEntityEvaluator=2.1804895322882607
GRONOW.txt-470,0,583,583,2,N,N,-,-1,-1,HeatEntityEvaluator=0.022463960041666665
MUSREM.txt-471,0,1688,1688,11,Y,Y,1.0,0,1688,HeatEntityEvaluator=1.3112711433753903
GRONOW.txt-472,0,1412,1412,14,N,N,-,-1,-1,HeatEntityEvaluator=0.13331171963466668
MUSREM.txt-473,0,527,527,3,Y,Y,1.0,0,527,HeatEntityEvaluator=2.3489024169625004
GRONOW.txt-474,0,534,534,4,N,N,-,-1,-1,HeatEntityEvaluator=0.1233194656897619
MUSREM.txt-475,0,333,333,2,Y,Y,1.0,0,333,HeatEntityEvaluator=1.439733379316
REMKEL1.txt-476,0,389,389,2,N,N,-,-1,-1,HeatEntityEvaluator=0.03850964578571429
MUSREM.txt-477,0,229,229,2,Y,Y,1.0,0,229,HeatEntityEvaluator=1.9788577781744445
REMKEL1.txt-478,0,415,415,2,N,N,-,-1,-1,HeatEntityEvaluator=0.1406948339422857
MUSREM.txt-479,0,229,229,2,Y,Y,1.0,0,229,HeatEntityEvaluator=3.199193462294
REMKEL1.txt-480,0,217,217,1,N,N,-,-1,-1,HeatEntityEvaluator=0.31545338381875
MUSREM.txt-481,0,1235,1235,5,Y,Y,1.0,0,1235,HeatEntityEvaluator=1.998627882890978
REMKEL1.txt-482,0,1209,1209,6,N,N,-,-1,-1,HeatEntityEvaluator=0.1237814805412222
MUSREM.txt-483,0,267,267,2,Y,Y,1.0,0,267,HeatEntityEvaluator=0.7497842860519047
REMKEL1.txt-484,0,325,325,2,N,N,-,-1,-1,HeatEntityEvaluator=0.0
MUSREM.txt-485,0,531,531,3,Y,Y,1.0,0,531,HeatEntityEvaluator=1.4235816904116279
REMKEL1.txt-486,0,548,548,4,Y,N,-,-1,-1,HeatEntityEvaluator=0.5672323730273809
MUSREM.txt-487,0,563,563,5,Y,Y,1.0,0,563,HeatEntityEvaluator=1.138179973801795
REMKEL1.txt-488,0,410,410,3,N,N,-,-1,-1,HeatEntityEvaluator=0.2675197687784375
MUSREM.txt-489,0,1069,1069,7,Y,Y,1.0,0,1069,HeatEntityEvaluator=1.4730079961739506
REMKEL1.txt-490,0,1181,1181,9,N,N,-,-1,-1,HeatEntityEvaluator=0.05458221604272727
MUSREM.txt-491,0,343,343,1,Y,Y,1.0,0,343,HeatEntityEvaluator=1.6834700216828573
REMKEL1.txt-492,0,268,268,2,Y,N,-,-1,-1,HeatEntityEvaluator=1.8990972089900002
OUSELEY.txt-493,0,2313,2313,14,Y,Y,1.0,0,2313,HeatEntityEvaluator=1.4440478042725144
OUSLEY.txt-494,0,2259,2259,18,N,N,-,-1,-1,HeatEntityEvaluator=0.2856015189835484
PILGRIM.txt-495,0,766,766,6,Y,Y,1.0,0,766,HeatEntityEvaluator=3.167571438439999
OUSLEY.txt-496,0,1277,1277,6,N,N,-,-1,-1,HeatEntityEvaluator=0.04492792008333333
PILGRIM.txt-497,0,659,659,4,Y,Y,1.0,0,659,HeatEntityEvaluator=0.64360816771
OUSLEY.txt-498,0,750,750,4,N,N,-,-1,-1,HeatEntityEvaluator=0.30619009880263154
PILGRIM.txt-499,0,940,940,4,N,Y,1.0,0,940,HeatEntityEvaluator=0.4545419741496104
OUSLEY.txt-500,0,601,601,4,N,N,-,-1,-1,HeatEntityEvaluator=0.2064733704542222
PILGRIM.txt-501,0,962,962,9,Y,Y,1.0,0,962,HeatEntityEvaluator=1.2202069739333332
PILGRIM.txt-502,0,660,660,6,N,N,-,-1,-1,HeatEntityEvaluator=0.281027496908
PILGRIM.txt-503,0,1470,1470,14,Y,Y,1.0,0,1470,HeatEntityEvaluator=1.594952336477928
PILGRIM.txt-504,0,1324,1324,9,N,N,-,-1,-1,HeatEntityEvaluator=0.17260429202340424
PILGRIM.txt-505,0,406,406,3,N,Y,1.0,0,406,HeatEntityEvaluator=0.3347266726711111
PILGRIM.txt-506,0,262,262,1,N,N,-,-1,-1,HeatEntityEvaluator=0.08626160656
PILGRIM.txt-507,0,861,861,4,Y,Y,1.0,0,861,HeatEntityEvaluator=1.758094434376
PILGRIM.txt-508,0,679,679,3,N,N,-,-1,-1,HeatEntityEvaluator=0.03850964578571429
PILGRIM.txt-509,0,1981,1981,12,Y,Y,1.0,0,1981,HeatEntityEvaluator=1.5038646151936605
PILGRIM.txt-510,0,2094,2094,17,N,N,-,-1,-1,HeatEntityEvaluator=0.24699470799863948
PILGRIM.txt-511,0,2501,2501,14,Y,Y,1.0,0,2501,HeatEntityEvaluator=1.3369421931862817
PILGRIM.txt-512,0,2650,2650,19,N,N,-,-1,-1,HeatEntityEvaluator=0.08225539758994475
PILGRIM.txt-513,0,554,554,4,Y,Y,1.0,0,554,HeatEntityEvaluator=1.9882374291102127
PILGRIM.txt-514,0,520,520,3,Y,N,-,-1,-1,HeatEntityEvaluator=0.5595473533274359
PILGRIM.txt-515,0,1796,1796,19,Y,Y,1.0,0,1796,HeatEntityEvaluator=0.7682096749563909
PILGRIM.txt-516,0,1399,1399,12,Y,N,-,-1,-1,HeatEntityEvaluator=0.5448420766778814
PILGRIM.txt-517,0,1653,1653,12,Y,Y,1.0,0,1653,HeatEntityEvaluator=2.2500696606451043
PILGRIM.txt-518,0,788,788,7,Y,N,-,-1,-1,HeatEntityEvaluator=0.7354178149695313
PILGRIM.txt-519,0,1507,1507,9,Y,Y,1.0,0,1507,HeatEntityEvaluator=1.3845135709868381
PILGRIM.txt-520,0,813,813,7,N,N,-,-1,-1,HeatEntityEvaluator=0.045560707690140846
PILGRIM.txt-521,0,1354,1354,8,Y,Y,1.0,0,1354,HeatEntityEvaluator=0.6738320034866356
PILGRIM.txt-522,0,936,936,8,Y,N,-,-1,-1,HeatEntityEvaluator=0.626459771155658
RECMUS.txt-523,0,228,228,1,N,Y,1.0,0,228,HeatEntityEvaluator=0.17971168033333332
PILGRIM.txt-524,0,243,243,1,N,N,-,-1,-1,HeatEntityEvaluator=0.05675105694736842
RECMUS.txt-525,0,157,157,1,Y,Y,1.0,0,157,HeatEntityEvaluator=3.3523238566999995
PILGRIM.txt-526,0,228,228,2,N,N,-,-1,-1,HeatEntityEvaluator=0.36194900697
RECMUS.txt-527,0,231,231,1,Y,Y,1.0,0,231,HeatEntityEvaluator=2.3714026248336357
PILGRIM.txt-528,0,296,296,2,N,N,-,-1,-1,HeatEntityEvaluator=0.04901227645454545
RECMUS.txt-529,0,339,339,1,Y,Y,1.0,0,339,HeatEntityEvaluator=2.49961448089
PILGRIM.txt-530,0,316,316,2,N,N,-,-1,-1,HeatEntityEvaluator=0.1867453697342857
RECMUS.txt-531,0,228,228,2,Y,Y,1.0,0,228,HeatEntityEvaluator=3.275755911289333
PILGRIM.txt-532,0,298,298,2,N,N,-,-1,-1,HeatEntityEvaluator=0.0
RECMUS.txt-533,0,128,128,2,Y,Y,1.0,0,128,HeatEntityEvaluator=1.864093996898182
PILGRIM.txt-534,0,258,258,1,N,N,-,-1,-1,HeatEntityEvaluator=0.04688130791304348
RECMUS.txt-535,0,126,126,1,N,Y,1.0,0,126,HeatEntityEvaluator=0.410651579422
PILGRIM.txt-536,0,240,240,2,N,N,-,-1,-1,HeatEntityEvaluator=0.0
RECMUS.txt-537,0,98,98,1,Y,Y,1.0,0,98,HeatEntityEvaluator=1.901968824865
PILGRIM.txt-538,0,133,133,2,Y,N,-,-1,-1,HeatEntityEvaluator=0.6869175926891667
RECMUS.txt-539,0,318,318,3,Y,Y,1.0,0,318,HeatEntityEvaluator=1.500372078829394
PILGRIM.txt-540,0,441,441,2,N,N,-,-1,-1,HeatEntityEvaluator=0.3502951087430769
RECMUS.txt-541,0,386,386,2,Y,Y,1.0,0,386,HeatEntityEvaluator=2.1465028767234484
PILGRIM.txt-542,0,373,373,3,N,N,-,-1,-1,HeatEntityEvaluator=0.0
RECMUS.txt-543,0,140,140,2,Y,Y,1.0,0,140,HeatEntityEvaluator=1.0878410098400002
PILGRIM.txt-544,0,147,147,1,N,N,-,-1,-1,HeatEntityEvaluator=0.0
RECMUS.txt-545,0,349,349,2,Y,Y,1.0,0,349,HeatEntityEvaluator=1.2307281395286365
PILGRIM.txt-546,0,477,477,5,N,N,-,-1,-1,HeatEntityEvaluator=0.43025299609911766
RECMUS.txt-547,0,331,331,2,Y,Y,1.0,0,331,HeatEntityEvaluator=2.5596200753242306
PILGRIM.txt-548,0,216,216,2,Y,N,-,-1,-1,HeatEntityEvaluator=0.662349177485
RECMUS.txt-549,0,706,706,2,Y,Y,1.0,0,706,HeatEntityEvaluator=2.2376674422984317
PILGRIM.txt-550,0,651,651,6,N,N,-,-1,-1,HeatEntityEvaluator=0.09393701584705882
RECMUS.txt-551,0,265,265,4,Y,Y,1.0,0,265,HeatEntityEvaluator=1.8759281658169566
PILGRIM.txt-552,0,249,249,2,N,N,-,-1,-1,HeatEntityEvaluator=0.04492792008333333
RECMUS.txt-553,0,391,391,3,Y,Y,1.0,0,391,HeatEntityEvaluator=1.3132686238054838
PILGRIM.txt-554,0,360,360,2,N,N,-,-1,-1,HeatEntityEvaluator=0.0
RECMUS.txt-555,0,350,350,2,Y,Y,1.0,0,350,HeatEntityEvaluator=1.618289738737143
PILGRIM.txt-556,0,288,288,4,N,N,-,-1,-1,HeatEntityEvaluator=0.0
RECMUS.txt-557,0,491,491,5,N,Y,1.0,0,491,HeatEntityEvaluator=0.4805774567180555
PILGRIM.txt-558,0,338,338,4,N,N,-,-1,-1,HeatEntityEvaluator=0.1785686730864286
RECMUS.txt-559,0,358,358,2,Y,Y,1.0,0,358,HeatEntityEvaluator=1.6475494072160002
PILGRIM.txt-560,0,214,214,2,N,N,-,-1,-1,HeatEntityEvaluator=0.0
RECMUS.txt-561,0,125,125,1,Y,Y,1.0,0,125,HeatEntityEvaluator=2.534735713569091
PILGRIM.txt-562,0,106,106,1,N,N,-,-1,-1,HeatEntityEvaluator=0.0
RECMUS.txt-563,0,258,258,2,Y,Y,1.0,0,258,HeatEntityEvaluator=2.768160067653158
PILGRIM.txt-564,0,227,227,1,N,N,-,-1,-1,HeatEntityEvaluator=0.07188467213333333
RECMUS.txt-565,0,341,341,5,Y,Y,1.0,0,341,HeatEntityEvaluator=2.3746094228743337
PILGRIM.txt-566,0,342,342,2,N,N,-,-1,-1,HeatEntityEvaluator=0.16670383667730768
RECMUS.txt-567,0,168,168,1,Y,Y,1.0,0,168,HeatEntityEvaluator=2.1248229831613332
PILGRIM.txt-568,0,177,177,1,N,N,-,-1,-1,HeatEntityEvaluator=0.0
RECMUS.txt-569,0,704,704,6,Y,Y,1.0,0,704,HeatEntityEvaluator=1.7532029090965005
PILGRIM.txt-570,0,1193,1193,12,N,N,-,-1,-1,HeatEntityEvaluator=0.06751166442812499
RECMUS.txt-571,0,164,164,2,Y,Y,1.0,0,164,HeatEntityEvaluator=3.1606184634399996
PILGRIM.txt-572,0,328,328,2,N,N,-,-1,-1,HeatEntityEvaluator=0.0
RECMUS.txt-573,0,510,510,3,Y,Y,1.0,0,510,HeatEntityEvaluator=1.9656400038536586
PILGRIM.txt-574,0,447,447,2,N,N,-,-1,-1,HeatEntityEvaluator=0.029142434648648647
RECMUS.txt-575,0,280,280,3,Y,Y,1.0,0,280,HeatEntityEvaluator=2.254706101406818
RECMUS.txt-576,0,312,312,1,Y,N,-,-1,-1,HeatEntityEvaluator=0.6408067609146428
RECMUS.txt-577,0,491,491,2,Y,Y,1.0,0,491,HeatEntityEvaluator=3.7834667437607696
RECMUS.txt-578,0,457,457,3,Y,N,-,-1,-1,HeatEntityEvaluator=0.8628486134542858
RECMUS.txt-579,0,348,348,3,Y,Y,1.0,0,348,HeatEntityEvaluator=2.191243711028077
RECMUS.txt-580,0,296,296,2,N,N,-,-1,-1,HeatEntityEvaluator=0.41170338425450004
RECMUS.txt-581,0,435,435,4,Y,Y,1.0,0,435,HeatEntityEvaluator=0.9618936961752778
RECMUS.txt-582,0,449,449,3,Y,N,-,-1,-1,HeatEntityEvaluator=0.6380337599411111
RECMUS.txt-583,0,445,445,3,Y,Y,1.0,0,445,HeatEntityEvaluator=1.7376201237602944
PILGRIM.txt-584,0,455,455,4,Y,N,-,-1,-1,HeatEntityEvaluator=0.6492522561013333
RECMUS.txt-585,0,250,250,2,Y,Y,1.0,0,250,HeatEntityEvaluator=1.1805929804870587
PILGRIM.txt-586,0,220,220,2,Y,N,-,-1,-1,HeatEntityEvaluator=1.4555645145049998
RECMUS.txt-587,0,262,262,3,Y,Y,1.0,0,262,HeatEntityEvaluator=3.5537493318455
PILGRIM.txt-588,0,296,296,4,N,N,-,-1,-1,HeatEntityEvaluator=0.32969508104458334
RECMUS.txt-589,0,269,269,3,Y,Y,1.0,0,269,HeatEntityEvaluator=2.0001553258668
PILGRIM.txt-590,0,231,231,3,N,N,-,-1,-1,HeatEntityEvaluator=0.24032927810428573
RECMUS.txt-591,0,401,401,2,Y,Y,1.0,0,401,HeatEntityEvaluator=3.0478897085646874
PILGRIM.txt-592,0,374,374,2,N,N,-,-1,-1,HeatEntityEvaluator=0.18142934924727275
RECMUS.txt-593,0,231,231,2,Y,Y,1.0,0,231,HeatEntityEvaluator=1.7136341145660001
PILGRIM.txt-594,0,206,206,2,Y,N,-,-1,-1,HeatEntityEvaluator=0.6625868608671429
RECMUS.txt-595,0,742,742,10,Y,Y,1.0,0,742,HeatEntityEvaluator=1.4106835790364154
PILGRIM.txt-596,0,678,678,5,N,N,-,-1,-1,HeatEntityEvaluator=0.49737194890769226
RECMUS.txt-597,0,357,357,1,Y,Y,1.0,0,357,HeatEntityEvaluator=2.6298373850390004
PILGRIM.txt-598,0,325,325,2,N,N,-,-1,-1,HeatEntityEvaluator=0.04492792008333333
RECMUS.txt-599,0,419,419,2,Y,Y,1.0,0,419,HeatEntityEvaluator=2.8960925382253127
PILGRIM.txt-600,0,392,392,4,Y,N,-,-1,-1,HeatEntityEvaluator=0.6465917289074193
RECMUS.txt-601,0,279,279,3,Y,Y,1.0,0,279,HeatEntityEvaluator=2.7915146544796006
PILGRIM.txt-602,0,176,176,2,N,N,-,-1,-1,HeatEntityEvaluator=0.0
RECMUS.txt-603,0,199,199,2,Y,Y,1.0,0,199,HeatEntityEvaluator=3.339654534586429
RECMUS.txt-604,0,460,460,3,N,N,-,-1,-1,HeatEntityEvaluator=0.24248458201684212
RECMUS.txt-605,0,146,146,1,Y,Y,1.0,0,146,HeatEntityEvaluator=2.407310010173636
RECMUS.txt-606,0,283,283,1,N,N,-,-1,-1,HeatEntityEvaluator=0.0
RECMUS.txt-607,0,265,265,4,Y,Y,1.0,0,265,HeatEntityEvaluator=0.7956109113200001
RECMUS.txt-608,0,234,234,1,N,N,-,-1,-1,HeatEntityEvaluator=0.05990389344444444
RECMUS.txt-609,0,492,492,2,Y,Y,1.0,0,492,HeatEntityEvaluator=3.0014525467350004
RECMUS.txt-610,0,299,299,2,Y,N,-,-1,-1,HeatEntityEvaluator=1.1557920309530434
RECMUS.txt-611,0,306,306,3,Y,Y,1.0,0,306,HeatEntityEvaluator=1.585509979074762
RECMUS.txt-612,0,314,314,2,N,N,-,-1,-1,HeatEntityEvaluator=0.21847469475583334
RECMUS.txt-613,0,162,162,3,Y,Y,1.0,0,162,HeatEntityEvaluator=2.6448821238050004
RECMUS.txt-614,0,174,174,1,Y,N,-,-1,-1,HeatEntityEvaluator=0.8582161201137499
RECMUS.txt-615,0,200,200,1,Y,Y,1.0,0,200,HeatEntityEvaluator=5.113788618467647
RECMUS.txt-616,0,115,115,1,Y,N,-,-1,-1,HeatEntityEvaluator=1.679497072425
RECMUS.txt-617,0,111,111,1,Y,Y,1.0,0,111,HeatEntityEvaluator=1.0323668522711111
RECMUS.txt-618,0,144,144,1,N,N,-,-1,-1,HeatEntityEvaluator=0.4077273255428572
RECMUS.txt-619,0,222,222,3,Y,Y,1.0,0,222,HeatEntityEvaluator=1.463087707399474
RECMUS.txt-620,0,190,190,3,N,N,-,-1,-1,HeatEntityEvaluator=0.33508512781529415
RECOLL.txt-621,0,904,904,6,Y,Y,1.0,0,904,HeatEntityEvaluator=2.9144674756148574
RECMUS.txt-622,0,832,832,5,N,N,-,-1,-1,HeatEntityEvaluator=0.31863554839790326
RECOLL.txt-623,0,537,537,3,Y,Y,1.0,0,537,HeatEntityEvaluator=1.8028250089193023
RECMUS.txt-624,0,435,435,5,N,N,-,-1,-1,HeatEntityEvaluator=0.38121052587555554
RECOLL.txt-625,0,179,179,1,Y,Y,1.0,0,179,HeatEntityEvaluator=0.8750845058986667
RECMUS.txt-626,0,261,261,3,N,N,-,-1,-1,HeatEntityEvaluator=0.0
RECOLL.txt-627,0,312,312,4,Y,Y,1.0,0,312,HeatEntityEvaluator=1.2636510703937036
RECMUS.txt-628,0,399,399,4,N,N,-,-1,-1,HeatEntityEvaluator=0.03478290587096774
RECOLL.txt-629,0,372,372,4,Y,Y,1.0,0,372,HeatEntityEvaluator=1.469227282043704
RECMUS.txt-630,0,197,197,2,N,N,-,-1,-1,HeatEntityEvaluator=0.0
RECOLL.txt-631,0,647,647,7,Y,Y,1.0,0,647,HeatEntityEvaluator=1.266868374519167
RECOLL.txt-632,0,508,508,3,Y,N,-,-1,-1,HeatEntityEvaluator=1.0054508202510255
RECOLL.txt-633,0,602,602,4,Y,Y,1.0,0,602,HeatEntityEvaluator=3.894030952361702
RECOLL.txt-634,0,494,494,4,Y,N,-,-1,-1,HeatEntityEvaluator=0.6205877831707692
RECOLL.txt-635,0,1212,1212,15,Y,Y,1.0,0,1212,HeatEntityEvaluator=2.565600139307999
RECOLL.txt-636,0,1260,1260,9,Y,N,-,-1,-1,HeatEntityEvaluator=1.0529862157477172
RECOLL.txt-637,0,279,279,2,Y,Y,1.0,0,279,HeatEntityEvaluator=2.226183506736956
RECOLL.txt-638,0,320,320,2,Y,N,-,-1,-1,HeatEntityEvaluator=0.534778416572
RECOLL.txt-639,0,491,491,5,Y,Y,1.0,0,491,HeatEntityEvaluator=1.4257014573192686
RECOLL.txt-640,0,516,516,4,N,N,-,-1,-1,HeatEntityEvaluator=0.0
RECOLL.txt-641,0,664,664,7,Y,Y,1.0,0,664,HeatEntityEvaluator=1.7585408899206
RECOLL.txt-642,0,561,561,4,N,N,-,-1,-1,HeatEntityEvaluator=0.3311121044897436
RECOLL.txt-643,0,1004,1004,8,Y,Y,1.0,0,1004,HeatEntityEvaluator=1.2643883987897675
RECOLL.txt-644,0,687,687,6,Y,N,-,-1,-1,HeatEntityEvaluator=0.9833334672253704
RECOLL.txt-645,0,824,824,8,Y,Y,1.0,0,824,HeatEntityEvaluator=0.5829045664626153
RECOLL.txt-646,0,679,679,4,N,N,-,-1,-1,HeatEntityEvaluator=0.13292358309913793
RECOLL.txt-647,0,447,447,3,Y,Y,1.0,0,447,HeatEntityEvaluator=2.0019355951263416
RECOLL.txt-648,0,570,570,2,N,N,-,-1,-1,HeatEntityEvaluator=0.19887660675113636
RECOLL.txt-649,0,598,598,3,Y,Y,1.0,0,598,HeatEntityEvaluator=1.382446292462245
RECOLL.txt-650,0,521,521,3,N,N,-,-1,-1,HeatEntityEvaluator=0.030807716628571426
RECOLL.txt-651,0,506,506,4,Y,Y,1.0,0,506,HeatEntityEvaluator=1.9426166218938294
RECOLL.txt-652,0,675,675,4,Y,N,-,-1,-1,HeatEntityEvaluator=0.9465050560862264
RECOLL.txt-653,0,328,328,4,Y,Y,1.0,0,328,HeatEntityEvaluator=0.7492050527303704
RECOLL.txt-654,0,321,321,3,N,N,-,-1,-1,HeatEntityEvaluator=0.20385496327039998
RECOLL.txt-655,0,1001,1001,7,Y,Y,1.0,0,1001,HeatEntityEvaluator=2.079468526151149
RECOLL.txt-656,0,754,754,7,Y,N,-,-1,-1,HeatEntityEvaluator=0.5549695009969491
RECOLL.txt-657,0,604,604,4,Y,Y,1.0,0,604,HeatEntityEvaluator=1.5853224784145283
RECOLL.txt-658,0,692,692,6,N,N,-,-1,-1,HeatEntityEvaluator=0.3070153772412698
RECOLL.txt-659,0,989,989,7,Y,Y,1.0,0,989,HeatEntityEvaluator=2.8450304312857746
RECOLL.txt-660,0,1047,1047,9,N,N,-,-1,-1,HeatEntityEvaluator=0.43475814172341776
RECOLL.txt-661,0,208,208,2,Y,Y,1.0,0,208,HeatEntityEvaluator=1.813147020812941
RECOLL.txt-662,0,224,224,3,Y,N,-,-1,-1,HeatEntityEvaluator=0.7854174819044446
RECOLL.txt-663,0,512,512,5,Y,Y,1.0,0,512,HeatEntityEvaluator=2.3081932152392683
RECOLL.txt-664,0,502,502,4,Y,N,-,-1,-1,HeatEntityEvaluator=0.7241995876086046
RECOLL.txt-665,0,493,493,4,Y,Y,1.0,0,493,HeatEntityEvaluator=2.9510326590113514
RECOLL.txt-666,0,362,362,5,N,N,-,-1,-1,HeatEntityEvaluator=0.3314767315818518
REMKEL1.txt-667,0,1028,1028,7,Y,Y,1.0,0,1028,HeatEntityEvaluator=1.4170989509028917
RECOLL.txt-668,0,1269,1269,11,N,N,-,-1,-1,HeatEntityEvaluator=0.3537933205334
REMKEL1.txt-669,0,646,646,1,Y,Y,1.0,0,646,HeatEntityEvaluator=0.6413807794495455
REMKEL1.txt-670,0,318,318,2,N,N,-,-1,-1,HeatEntityEvaluator=0.4061341305913043
REMKEL1.txt-671,0,563,563,3,Y,Y,1.0,0,563,HeatEntityEvaluator=0.9347664273890001
REMKEL1.txt-672,0,542,542,3,N,N,-,-1,-1,HeatEntityEvaluator=0.05259854058536585
REMKEL1.txt-673,0,546,546,4,Y,Y,1.0,0,546,HeatEntityEvaluator=1.6649558900495458
REMKEL1.txt-674,0,406,406,2,Y,N,-,-1,-1,HeatEntityEvaluator=0.5442494545951613
REMKEL1.txt-675,0,564,564,3,Y,Y,1.0,0,564,HeatEntityEvaluator=1.478117376302727
REMKEL1.txt-676,0,503,503,10,N,N,-,-1,-1,HeatEntityEvaluator=0.10176012200487179
REMKEL1.txt-677,0,399,399,1,Y,Y,1.0,0,399,HeatEntityEvaluator=0.7902622518455882
REMKEL1.txt-678,0,607,607,10,N,N,-,-1,-1,HeatEntityEvaluator=0.09679621361439024
REMKEL1.txt-679,0,462,462,4,N,Y,1.0,0,462,HeatEntityEvaluator=0.45350815176631576
REMKEL1.txt-680,0,481,481,2,N,N,-,-1,-1,HeatEntityEvaluator=0.24108487678868418
REMKEL1.txt-681,0,1000,1000,7,Y,Y,1.0,0,1000,HeatEntityEvaluator=1.3070385389473684
REMKEL1.txt-682,0,826,826,3,N,N,-,-1,-1,HeatEntityEvaluator=0.2723602730889655
REMKEL1.txt-683,0,852,852,4,Y,Y,1.0,0,852,HeatEntityEvaluator=1.2442989672152174
REMKEL1.txt-684,0,819,819,5,N,N,-,-1,-1,HeatEntityEvaluator=0.1648427590162903
REMKEL1.txt-685,0,862,862,8,Y,Y,1.0,0,862,HeatEntityEvaluator=1.2573744331782089
REMKEL1.txt-686,0,835,835,5,N,N,-,-1,-1,HeatEntityEvaluator=0.15182374556609374
REMKEL1.txt-687,0,446,446,2,Y,Y,1.0,0,446,HeatEntityEvaluator=2.214030989936667
REMKEL1.txt-688,0,325,325,3,Y,N,-,-1,-1,HeatEntityEvaluator=0.5368413979396154
REMKEL1.txt-689,0,433,433,3,Y,Y,1.0,0,433,HeatEntityEvaluator=0.7048361114947368
REMKEL1.txt-690,0,443,443,4,N,N,-,-1,-1,HeatEntityEvaluator=0.11654694260545455
REMKEL1.txt-691,0,1002,1002,5,Y,Y,1.0,0,1002,HeatEntityEvaluator=1.301224491731892
REMKEL1.txt-692,0,997,997,8,N,N,-,-1,-1,HeatEntityEvaluator=0.49842601015293325
REMKEL1.txt-693,0,665,665,6,Y,Y,1.0,0,665,HeatEntityEvaluator=0.9679193805511321
REMKEL1.txt-694,0,790,790,3,N,N,-,-1,-1,HeatEntityEvaluator=0.0758836720391228
REMKEL1.txt-695,0,909,909,6,Y,Y,1.0,0,909,HeatEntityEvaluator=1.5936635672221624
REMKEL1.txt-696,0,676,676,4,N,N,-,-1,-1,HeatEntityEvaluator=0.06601653563265306
REMKEL1.txt-697,0,1285,1285,10,Y,Y,1.0,0,1285,HeatEntityEvaluator=0.6316307535209185
REMKEL1.txt-698,0,1245,1245,7,N,N,-,-1,-1,HeatEntityEvaluator=0.1434877745568932
REMKEL1.txt-699,0,553,553,1,Y,Y,1.0,0,553,HeatEntityEvaluator=1.7215712729930952
REMKEL1.txt-700,0,549,549,1,N,N,-,-1,-1,HeatEntityEvaluator=0.24419852869707317
REMKEL1.txt-701,0,1172,1172,6,Y,Y,1.0,0,1172,HeatEntityEvaluator=1.0383809874346512
REMKEL1.txt-702,0,1034,1034,9,Y,N,-,-1,-1,HeatEntityEvaluator=0.5914302772040909
REMKEL1.txt-703,0,527,527,3,Y,Y,1.0,0,527,HeatEntityEvaluator=1.092341067068
REMKEL1.txt-704,0,308,308,3,N,N,-,-1,-1,HeatEntityEvaluator=0.21258394751049997
REMKEL1.txt-705,0,953,953,6,Y,Y,1.0,0,953,HeatEntityEvaluator=1.0827077205644593
REMKEL1.txt-706,0,920,920,7,N,N,-,-1,-1,HeatEntityEvaluator=0.41381300074120003
REMKEL1.txt-707,0,573,573,4,Y,Y,1.0,0,573,HeatEntityEvaluator=1.4410125969840475
REMKEL1.txt-708,0,540,540,2,N,N,-,-1,-1,HeatEntityEvaluator=0.27573306631411765
REMKEL1.txt-709,0,1833,1833,11,Y,Y,1.0,0,1833,HeatEntityEvaluator=1.9038632250348528
REMKEL1.txt-710,0,1405,1405,9,N,N,-,-1,-1,HeatEntityEvaluator=0.3120533479983019
REMKEL1.txt-711,0,2384,2384,12,Y,Y,1.0,0,2384,HeatEntityEvaluator=2.3632930724184944
REMKEL1.txt-712,0,1742,1742,12,N,N,-,-1,-1,HeatEntityEvaluator=0.4115525092914173
REMKEL1.txt-713,0,841,841,8,Y,Y,1.0,0,841,HeatEntityEvaluator=1.305044571972131
REMKEL1.txt-714,0,904,904,6,N,N,-,-1,-1,HeatEntityEvaluator=0.11111565818418918
REMKEL1.txt-715,0,1556,1556,9,Y,Y,1.0,0,1556,HeatEntityEvaluator=0.9292930223192921
REMKEL1.txt-716,0,692,692,3,N,N,-,-1,-1,HeatEntityEvaluator=0.1777018021909804
REMKEL1.txt-717,0,5668,5668,33,Y,Y,1.0,0,5668,HeatEntityEvaluator=1.0420265429418842
GRONOW.txt-718,0,5304,5304,22,N,N,-,-1,-1,HeatEntityEvaluator=0.26827191052207294
REMKEL1.txt-719,0,2042,2042,16,Y,Y,1.0,0,2042,HeatEntityEvaluator=0.7648527524163088
REMKEL1.txt-720,0,2204,2204,15,N,N,-,-1,-1,HeatEntityEvaluator=0.09717572349641974
REMKEL1.txt-721,0,3558,3558,18,N,Y,1.0,0,3558,HeatEntityEvaluator=0.4764609669232821
REMKEL1.txt-722,0,3532,3532,21,N,N,-,-1,-1,HeatEntityEvaluator=0.39157520670631946
REMKEL1.txt-723,0,3445,3445,21,Y,Y,1.0,0,3445,HeatEntityEvaluator=1.9599206122069412
GRONOW.txt-724,0,3797,3797,18,N,N,-,-1,-1,HeatEntityEvaluator=0.15636029020550002
REMKEL1.txt-725,0,1183,1183,8,Y,Y,1.0,0,1183,HeatEntityEvaluator=0.6412532385025808
REMKEL1.txt-726,0,1317,1317,7,Y,N,-,-1,-1,HeatEntityEvaluator=0.5383205207365909
REMKEL1.txt-727,0,1259,1259,7,Y,Y,1.0,0,1259,HeatEntityEvaluator=0.9113767226023598
REMKEL1.txt-728,0,1355,1355,7,N,N,-,-1,-1,HeatEntityEvaluator=0.435426086585
REMKEL2.txt-729,0,190,190,2,N,Y,1.0,0,190,HeatEntityEvaluator=0.3350222365253333
REMKEL1.txt-730,0,539,539,4,N,N,-,-1,-1,HeatEntityEvaluator=0.24911143780899997
REMKEL2.txt-731,0,761,761,4,Y,Y,1.0,0,761,HeatEntityEvaluator=1.7057439281454236
REMKEL1.txt-732,0,580,580,4,N,N,-,-1,-1,HeatEntityEvaluator=0.21685814825191488
REMKEL2.txt-733,0,288,288,1,Y,Y,1.0,0,288,HeatEntityEvaluator=1.2719189529904347
REMKEL1.txt-734,0,191,191,1,Y,N,-,-1,-1,HeatEntityEvaluator=2.1207205322794116
REMKEL2.txt-735,0,189,189,2,Y,Y,1.0,0,189,HeatEntityEvaluator=1.725712166308
REMKEL1.txt-736,0,285,285,2,N,N,-,-1,-1,HeatEntityEvaluator=0.04901227645454545
REMKEL2.txt-737,0,760,760,5,Y,Y,1.0,0,760,HeatEntityEvaluator=2.5524290045298414
REMKEL1.txt-738,0,529,529,3,N,N,-,-1,-1,HeatEntityEvaluator=0.09661358985341464
REMKEL2.txt-739,0,253,253,3,Y,Y,1.0,0,253,HeatEntityEvaluator=1.0432678574654546
REMKEL1.txt-740,0,477,477,5,N,N,-,-1,-1,HeatEntityEvaluator=0.327770921061081
REMKEL2.txt-741,0,377,377,2,N,Y,1.0,0,377,HeatEntityEvaluator=0.3806473332614815
REMKEL1.txt-742,0,394,394,3,N,N,-,-1,-1,HeatEntityEvaluator=0.2724866533745454
REMKEL2.txt-743,0,637,637,5,N,Y,1.0,0,637,HeatEntityEvaluator=0.4079498822067273
REMKEL1.txt-744,0,971,971,7,N,N,-,-1,-1,HeatEntityEvaluator=0.3438537077664865
REMKEL2.txt-745,0,523,523,3,Y,Y,1.0,0,523,HeatEntityEvaluator=1.7265059884611904
REMKEL1.txt-746,0,392,392,3,N,N,-,-1,-1,HeatEntityEvaluator=0.0
REMKEL2.txt-747,0,922,922,6,N,Y,1.0,0,922,HeatEntityEvaluator=0.48106767027999997
REMKEL1.txt-748,0,1046,1046,5,N,N,-,-1,-1,HeatEntityEvaluator=0.19323573151189877
REMKEL2.txt-749,0,633,633,4,N,Y,1.0,0,633,HeatEntityEvaluator=0.13567243175641508
REMKEL1.txt-750,0,575,575,4,Y,N,-,-1,-1,HeatEntityEvaluator=0.5856936757038298
REMKEL2.txt-751,0,344,344,2,Y,Y,1.0,0,344,HeatEntityEvaluator=0.7262115396644445
REMKEL2.txt-752,0,188,188,1,Y,N,-,-1,-1,HeatEntityEvaluator=0.7698307265992307
REMKEL2.txt-753,0,1021,1021,5,Y,Y,1.0,0,1021,HeatEntityEvaluator=2.432169017154627
REMKEL2.txt-754,0,464,464,3,N,N,-,-1,-1,HeatEntityEvaluator=0.035942336066666664
REMKEL2.txt-755,0,504,504,3,Y,Y,1.0,0,504,HeatEntityEvaluator=0.6601926288890697
REMKEL2.txt-756,0,674,674,5,N,N,-,-1,-1,HeatEntityEvaluator=0.4596610552604166
REMKEL2.txt-757,0,348,348,2,Y,Y,1.0,0,348,HeatEntityEvaluator=2.1044262874717243
REMKEL2.txt-758,0,484,484,3,Y,N,-,-1,-1,HeatEntityEvaluator=0.5409578853468751
REMKEL2.txt-759,0,706,706,5,Y,Y,1.0,0,706,HeatEntityEvaluator=0.5072277729985455
REMKEL2.txt-760,0,761,761,2,N,N,-,-1,-1,HeatEntityEvaluator=0.1792424349594643
REMKEL2.txt-761,0,1026,1026,7,Y,Y,1.0,0,1026,HeatEntityEvaluator=1.7603681213117859
REMKEL2.txt-762,0,727,727,5,N,N,-,-1,-1,HeatEntityEvaluator=0.17123646032627454
REMKEL2.txt-763,0,455,455,5,Y,Y,1.0,0,455,HeatEntityEvaluator=1.008435444354
REMKEL2.txt-764,0,467,467,3,N,N,-,-1,-1,HeatEntityEvaluator=0.13950853524666668
REMKEL2.txt-765,0,635,635,6,Y,Y,1.0,0,635,HeatEntityEvaluator=1.48374964727
REMKEL2.txt-766,0,400,400,3,Y,N,-,-1,-1,HeatEntityEvaluator=1.08734815919
REMKEL2.txt-767,0,566,566,4,Y,Y,1.0,0,566,HeatEntityEvaluator=0.8434877709154546
REMKEL2.txt-768,0,529,529,6,Y,N,-,-1,-1,HeatEntityEvaluator=0.8315015334982353
REMKEL2.txt-769,0,388,388,3,Y,Y,1.0,0,388,HeatEntityEvaluator=0.9417334315478572
REMKEL2.txt-770,0,403,403,3,N,N,-,-1,-1,HeatEntityEvaluator=0.41575076674911765
REMKEL2.txt-771,0,226,226,3,Y,Y,1.0,0,226,HeatEntityEvaluator=1.466958731754
REMKEL2.txt-772,0,318,318,2,Y,N,-,-1,-1,HeatEntityEvaluator=1.2228884258725
REMKEL2.txt-773,0,525,525,2,Y,Y,1.0,0,525,HeatEntityEvaluator=1.056264717077561
REMKEL2.txt-774,0,374,374,2,Y,N,-,-1,-1,HeatEntityEvaluator=0.9325025116807143
REMKEL2.txt-775,0,540,540,3,Y,Y,1.0,0,540,HeatEntityEvaluator=0.9926571394487181
REMKEL2.txt-776,0,612,612,2,N,N,-,-1,-1,HeatEntityEvaluator=0.35745240688468083
REMKEL2.txt-777,0,558,558,2,Y,Y,1.0,0,558,HeatEntityEvaluator=0.9936488285288889
REMKEL2.txt-778,0,568,568,3,Y,N,-,-1,-1,HeatEntityEvaluator=0.6725677638525
REMKEL2.txt-779,0,345,345,2,N,Y,1.0,0,345,HeatEntityEvaluator=0.40764714762678567
REMKEL2.txt-780,0,282,282,2,N,N,-,-1,-1,HeatEntityEvaluator=0.442249677963
REMKEL2.txt-781,0,448,448,2,Y,Y,1.0,0,448,HeatEntityEvaluator=0.6326327385251724
REMKEL2.txt-782,0,395,395,3,N,N,-,-1,-1,HeatEntityEvaluator=0.1759013506776
REMKEL2.txt-783,0,748,748,6,Y,Y,1.0,0,748,HeatEntityEvaluator=0.8015605666501694
REMKEL2.txt-784,0,282,282,3,N,N,-,-1,-1,HeatEntityEvaluator=0.23218020387529412
REMKEL2.txt-785,0,691,691,3,Y,Y,1.0,0,691,HeatEntityEvaluator=0.7510231369524529
REMKEL2.txt-786,0,442,442,2,N,N,-,-1,-1,HeatEntityEvaluator=0.38803593281055554
REMKEL2.txt-787,0,310,310,2,N,Y,1.0,0,310,HeatEntityEvaluator=0.34087521140956517
REMKEL2.txt-788,0,610,610,3,Y,N,-,-1,-1,HeatEntityEvaluator=1.0465141787523529
REMKEL2.txt-789,0,147,147,2,Y,Y,1.0,0,147,HeatEntityEvaluator=2.1212848232784616
REMKEL2.txt-790,0,488,488,2,N,N,-,-1,-1,HeatEntityEvaluator=0.18899667662842104
REMKEL2.txt-791,0,175,175,2,Y,Y,1.0,0,175,HeatEntityEvaluator=0.5884542389976923
REMKEL2.txt-792,0,799,799,3,N,N,-,-1,-1,HeatEntityEvaluator=0.4137824538510526
REMKEL2.txt-793,0,546,546,2,Y,Y,1.0,0,546,HeatEntityEvaluator=1.07919826148525
REMKEL2.txt-794,0,458,458,2,Y,N,-,-1,-1,HeatEntityEvaluator=0.9525664124168571
REMKEL2.txt-795,0,936,936,7,Y,Y,1.0,0,936,HeatEntityEvaluator=0.8604929974486667
REMKEL2.txt-796,0,631,631,3,N,N,-,-1,-1,HeatEntityEvaluator=0.1812010527742
REMKEL2.txt-797,0,476,476,2,Y,Y,1.0,0,476,HeatEntityEvaluator=0.8197123809
REMKEL2.txt-798,0,530,530,1,Y,N,-,-1,-1,HeatEntityEvaluator=0.5690761653549999
REMKEL2.txt-799,0,695,695,5,N,Y,1.0,0,695,HeatEntityEvaluator=0.2979497417444898
REMKEL2.txt-800,0,787,787,2,N,N,-,-1,-1,HeatEntityEvaluator=0.22895394794212123
REMKEL2.txt-801,0,194,194,2,Y,Y,1.0,0,194,HeatEntityEvaluator=1.212647070876
REMKEL2.txt-802,0,262,262,1,N,N,-,-1,-1,HeatEntityEvaluator=0.05675105694736842
REMKEL2.txt-803,0,193,193,1,Y,Y,1.0,0,193,HeatEntityEvaluator=1.462427007776875
REMKEL2.txt-804,0,308,308,2,N,N,-,-1,-1,HeatEntityEvaluator=0.04688130791304348
REMKEL2.txt-805,0,330,330,4,N,Y,1.0,0,330,HeatEntityEvaluator=0.19180910648818184
REMKEL2.txt-806,0,497,497,4,N,N,-,-1,-1,HeatEntityEvaluator=0.08742730394594594
REMKEL2.txt-807,0,1358,1358,6,Y,Y,1.0,0,1358,HeatEntityEvaluator=1.7406181955361761
REMKEL2.txt-808,0,1335,1335,7,N,N,-,-1,-1,HeatEntityEvaluator=0.3040159369295192
REMKEL2.txt-809,0,397,397,3,Y,Y,1.0,0,397,HeatEntityEvaluator=1.0937550207143754
REMKEL2.txt-810,0,201,201,1,N,N,-,-1,-1,HeatEntityEvaluator=0.0
REMKEL2.txt-811,0,792,792,3,Y,Y,1.0,0,792,HeatEntityEvaluator=1.2387440671549153
REMKEL2.txt-812,0,451,451,1,N,N,-,-1,-1,HeatEntityEvaluator=0.0
REMKEL2.txt-813,0,226,226,2,Y,Y,1.0,0,226,HeatEntityEvaluator=0.878390850105
REMKEL2.txt-814,0,387,387,1,N,N,-,-1,-1,HeatEntityEvaluator=0.0
REMKEL2.txt-815,0,1334,1334,10,Y,Y,1.0,0,1334,HeatEntityEvaluator=1.1745157066259047
REMKEL2.txt-816,0,779,779,4,Y,N,-,-1,-1,HeatEntityEvaluator=0.6288522270261112
REMKEL2.txt-817,0,1431,1431,11,Y,Y,1.0,0,1431,HeatEntityEvaluator=0.8119823445620722
REMKEL2.txt-818,0,862,862,3,N,N,-,-1,-1,HeatEntityEvaluator=0.17328736372
REMKEL2.txt-819,0,481,481,2,Y,Y,1.0,0,481,HeatEntityEvaluator=1.1989293271955264
REMKEL2.txt-820,0,603,603,3,N,N,-,-1,-1,HeatEntityEvaluator=0.0
REMKEL2.txt-821,0,175,175,2,Y,Y,1.0,0,175,HeatEntityEvaluator=0.8972417202061538
REMKEL2.txt-822,0,93,93,1,N,N,-,-1,-1,HeatEntityEvaluator=0.0
REMKEL2.txt-823,0,252,252,1,N,Y,1.0,0,252,HeatEntityEvaluator=0.09376261582608696
REMKEL2.txt-824,0,432,432,1,N,N,-,-1,-1,HeatEntityEvaluator=0.1519992522690909
REMKEL2.txt-825,0,311,311,2,Y,Y,1.0,0,311,HeatEntityEvaluator=1.1120281218892591
REMKEL2.txt-826,0,450,450,3,N,N,-,-1,-1,HeatEntityEvaluator=0.0
REOPER.txt-827,0,648,648,2,Y,Y,1.0,0,648,HeatEntityEvaluator=1.0478608567757408
REMKEL2.txt-828,0,844,844,5,N,N,-,-1,-1,HeatEntityEvaluator=0.0
REOPER.txt-829,0,879,879,6,Y,Y,1.0,0,879,HeatEntityEvaluator=1.1856939285971428
REOPER.txt-830,0,605,605,2,Y,N,-,-1,-1,HeatEntityEvaluator=0.9455142474719567
REOPER.txt-831,0,1091,1091,7,Y,Y,1.0,0,1091,HeatEntityEvaluator=1.2889897462243374
REOPER.txt-832,0,1039,1039,6,Y,N,-,-1,-1,HeatEntityEvaluator=0.7080832444398795
REOPER.txt-833,0,906,906,4,Y,Y,1.0,0,906,HeatEntityEvaluator=1.0478594953660563
REOPER.txt-834,0,1029,1029,7,N,N,-,-1,-1,HeatEntityEvaluator=0.2944618382089873
REOPER.txt-835,0,833,833,7,Y,Y,1.0,0,833,HeatEntityEvaluator=1.1090748853081969
REOPER.txt-836,0,474,474,2,N,N,-,-1,-1,HeatEntityEvaluator=0.05529590164102564
REOPER.txt-837,0,723,723,5,Y,Y,1.0,0,723,HeatEntityEvaluator=0.7742668403033333
REOPER.txt-838,0,609,609,4,N,N,-,-1,-1,HeatEntityEvaluator=0.41965137622702126
REOPER.txt-839,0,1580,1580,8,Y,Y,1.0,0,1580,HeatEntityEvaluator=0.8313792995087785
REOPER.txt-840,0,2056,2056,9,N,N,-,-1,-1,HeatEntityEvaluator=0.3200338176934838
REOPER.txt-841,0,815,815,5,Y,Y,1.0,0,815,HeatEntityEvaluator=2.0275421490590766
REOPER.txt-842,0,687,687,3,N,N,-,-1,-1,HeatEntityEvaluator=0.41877268512439997
REOPER.txt-843,0,490,490,4,Y,Y,1.0,0,490,HeatEntityEvaluator=0.5677331929339023
REOPER.txt-844,0,469,469,2,N,N,-,-1,-1,HeatEntityEvaluator=0.15856062660000003
REOPER.txt-845,0,771,771,6,Y,Y,1.0,0,771,HeatEntityEvaluator=1.0184907987200003
REOPER.txt-846,0,509,509,3,N,N,-,-1,-1,HeatEntityEvaluator=0.08512658542105263
REOPER.txt-847,0,431,431,3,Y,Y,1.0,0,431,HeatEntityEvaluator=1.8893851210625638
REOPER.txt-848,0,232,232,1,Y,N,-,-1,-1,HeatEntityEvaluator=1.223587954251
REOPER.txt-849,0,609,609,4,Y,Y,1.0,0,609,HeatEntityEvaluator=1.7430535998497918
REOPER.txt-850,0,769,769,4,N,N,-,-1,-1,HeatEntityEvaluator=0.17841111980225807
REOPER.txt-851,0,460,460,4,Y,Y,1.0,0,460,HeatEntityEvaluator=0.8645563866594872
REOPER.txt-852,0,270,270,2,N,N,-,-1,-1,HeatEntityEvaluator=0.164460977745
REOPER.txt-853,0,723,723,4,Y,Y,1.0,0,723,HeatEntityEvaluator=1.0913050902173334
REOPER.txt-854,0,697,697,2,Y,N,-,-1,-1,HeatEntityEvaluator=1.0343114630761703
REOPER.txt-855,0,508,508,4,N,Y,1.0,0,508,HeatEntityEvaluator=0.3743168613410527
REOPER.txt-856,0,180,180,1,N,N,-,-1,-1,HeatEntityEvaluator=0.31432879040846157
REOPER.txt-857,0,796,796,4,N,Y,1.0,0,796,HeatEntityEvaluator=0.23212356688353844
REOPER.txt-858,0,501,501,1,N,N,-,-1,-1,HeatEntityEvaluator=0.0
REOPER.txt-859,0,758,758,5,Y,Y,1.0,0,758,HeatEntityEvaluator=1.5525580162660657
REOPER.txt-860,0,411,411,2,N,N,-,-1,-1,HeatEntityEvaluator=0.3722469294725926
REOPER.txt-861,0,591,591,5,Y,Y,1.0,0,591,HeatEntityEvaluator=1.8873451328052275
REOPER.txt-862,0,899,899,4,N,N,-,-1,-1,HeatEntityEvaluator=0.12124910600272729
REOPER.txt-863,0,945,945,6,Y,Y,1.0,0,945,HeatEntityEvaluator=0.7158978984898683
REOPER.txt-864,0,525,525,2,N,N,-,-1,-1,HeatEntityEvaluator=0.4072085577485714
REOPER.txt-865,0,436,436,2,Y,Y,1.0,0,436,HeatEntityEvaluator=1.0812980836954054
REOPER.txt-866,0,320,320,1,N,N,-,-1,-1,HeatEntityEvaluator=0.04147192623076923
REOPER.txt-867,0,1574,1574,8,Y,Y,1.0,0,1574,HeatEntityEvaluator=1.162738486277742
REOPER.txt-868,0,1403,1403,11,N,N,-,-1,-1,HeatEntityEvaluator=0.4245678519445454
REOPER.txt-869,0,691,691,4,Y,Y,1.0,0,691,HeatEntityEvaluator=1.4331175120025923
REOPER.txt-870,0,280,280,2,N,N,-,-1,-1,HeatEntityEvaluator=0.17636564434217392
REOPER.txt-871,0,471,471,2,Y,Y,1.0,0,471,HeatEntityEvaluator=1.4085756833913514
REOPER.txt-872,0,387,387,1,N,N,-,-1,-1,HeatEntityEvaluator=0.03718172696551724
REOPER.txt-873,0,2015,2015,15,Y,Y,1.0,0,2015,HeatEntityEvaluator=1.4847843884705
REOPER.txt-874,0,1789,1789,12,N,N,-,-1,-1,HeatEntityEvaluator=0.39283286366300757
REOPER.txt-875,0,650,650,3,Y,Y,1.0,0,650,HeatEntityEvaluator=1.2762858863719233
REOPER.txt-876,0,238,238,3,N,N,-,-1,-1,HeatEntityEvaluator=0.0
REOPER.txt-877,0,1528,1528,10,Y,Y,1.0,0,1528,HeatEntityEvaluator=1.34226193582616
REOPER.txt-878,0,283,283,1,N,N,-,-1,-1,HeatEntityEvaluator=0.3759108062742857
REOPER.txt-879,0,1037,1037,6,Y,Y,1.0,0,1037,HeatEntityEvaluator=0.6105170046102499
REOPER.txt-880,0,477,477,2,N,N,-,-1,-1,HeatEntityEvaluator=0.0
REOPER.txt-881,0,2310,2310,15,Y,Y,1.0,0,2310,HeatEntityEvaluator=1.4100962433974455
REOPER.txt-882,0,1231,1231,5,N,N,-,-1,-1,HeatEntityEvaluator=0.3045356178911881
REOPER.txt-883,0,1101,1101,8,Y,Y,1.0,0,1101,HeatEntityEvaluator=0.6253358758856667
REOPER.txt-884,0,1882,1882,13,N,N,-,-1,-1,HeatEntityEvaluator=0.27177985470820687
REOPER.txt-885,0,2049,2049,11,Y,Y,1.0,0,2049,HeatEntityEvaluator=1.346654112885276
REOPER.txt-886,0,1664,1664,12,N,N,-,-1,-1,HeatEntityEvaluator=0.15341657952553844
REOPER.txt-887,0,3621,3621,30,Y,Y,1.0,0,3621,HeatEntityEvaluator=0.9720209985494117
REOPER.txt-888,0,3537,3537,14,N,N,-,-1,-1,HeatEntityEvaluator=0.40109887938221805
THIRTY.txt-889,0,588,588,4,Y,Y,1.0,0,588,HeatEntityEvaluator=0.5195923512106122
THIRTY.txt-890,0,631,631,4,Y,N,-,-1,-1,HeatEntityEvaluator=0.5488290220484314
THIRTY.txt-891,0,956,956,5,Y,Y,1.0,0,956,HeatEntityEvaluator=2.533272120331948
THIRTY.txt-892,0,530,530,4,N,N,-,-1,-1,HeatEntityEvaluator=0.40393513354279076
THIRTY.txt-893,0,470,470,2,Y,Y,1.0,0,470,HeatEntityEvaluator=1.322741454896667
THIRTY.txt-894,0,330,330,2,N,N,-,-1,-1,HeatEntityEvaluator=0.03850964578571429
THIRTY.txt-895,0,233,233,1,Y,Y,1.0,0,233,HeatEntityEvaluator=3.1894463554275005
THIRTY.txt-896,0,264,264,1,Y,N,-,-1,-1,HeatEntityEvaluator=0.5380795185822222
THIRTY.txt-897,0,863,863,5,Y,Y,1.0,0,863,HeatEntityEvaluator=1.3957833946485483
THIRTY.txt-898,0,1038,1038,12,N,N,-,-1,-1,HeatEntityEvaluator=0.31818247655940474
THIRTY.txt-899,0,580,580,4,Y,Y,1.0,0,580,HeatEntityEvaluator=1.9308700274980435
THIRTY.txt-900,0,655,655,5,N,N,-,-1,-1,HeatEntityEvaluator=0.49129484528824563
THIRTY.txt-901,0,1079,1079,7,Y,Y,1.0,0,1079,HeatEntityEvaluator=1.2166063783093024
THIRTY.txt-902,0,719,719,8,N,N,-,-1,-1,HeatEntityEvaluator=0.22699419536438598
THIRTY.txt-903,0,1541,1541,11,Y,Y,1.0,0,1541,HeatEntityEvaluator=0.8617961353559483
GLOVER.txt-904,0,870,870,8,N,N,-,-1,-1,HeatEntityEvaluator=0.16277301625653331
THIRTY.txt-905,0,684,684,5,Y,Y,1.0,0,684,HeatEntityEvaluator=1.5151290684657144
THIRTY.txt-906,0,688,688,4,Y,N,-,-1,-1,HeatEntityEvaluator=1.0250629051338982
THIRTY.txt-907,0,361,361,2,Y,Y,1.0,0,361,HeatEntityEvaluator=1.448657330174074
GLOVER.txt-908,0,440,440,4,N,N,-,-1,-1,HeatEntityEvaluator=0.12525680234324324
THIRTY.txt-909,0,375,375,1,Y,Y,1.0,0,375,HeatEntityEvaluator=0.7102593787562856
GLOVER.txt-910,0,344,344,2,N,N,-,-1,-1,HeatEntityEvaluator=0.3303886556004348
THIRTY.txt-911,0,728,728,5,Y,Y,1.0,0,728,HeatEntityEvaluator=1.0517420772115254
GLOVER.txt-912,0,611,611,3,N,N,-,-1,-1,HeatEntityEvaluator=0.3374399107562
THIRTY.txt-913,0,436,436,1,Y,Y,1.0,0,436,HeatEntityEvaluator=3.4192737260009087
GLOVER.txt-914,0,562,562,5,N,N,-,-1,-1,HeatEntityEvaluator=0.3820312491038
THIRTY.txt-915,0,580,580,5,Y,Y,1.0,0,580,HeatEntityEvaluator=0.8386096102737778
GLOVER.txt-916,0,522,522,2,N,N,-,-1,-1,HeatEntityEvaluator=0.46493743116025
THIRTY.txt-917,0,1105,1105,7,Y,Y,1.0,0,1105,HeatEntityEvaluator=0.819629094420964
GLOVER.txt-918,0,832,832,4,N,N,-,-1,-1,HeatEntityEvaluator=0.24598466719714288
THIRTY.txt-919,0,929,929,4,Y,Y,1.0,0,929,HeatEntityEvaluator=1.1837575692086364
GLOVER.txt-920,0,476,476,2,N,N,-,-1,-1,HeatEntityEvaluator=0.0
THIRTY.txt-921,0,646,646,3,Y,Y,1.0,0,646,HeatEntityEvaluator=0.8047715097125424
GLOVER.txt-922,0,540,540,4,Y,N,-,-1,-1,HeatEntityEvaluator=0.533837007155
THIRTY.txt-923,0,387,387,1,Y,Y,1.0,0,387,HeatEntityEvaluator=2.5282427542688457
GLOVER.txt-924,0,255,255,2,N,N,-,-1,-1,HeatEntityEvaluator=0.0
THIRTY.txt-925,0,446,446,4,Y,Y,1.0,0,446,HeatEntityEvaluator=1.5152489600219448
GLOVER.txt-926,0,605,605,5,N,N,-,-1,-1,HeatEntityEvaluator=0.17189412361377776
THIRTY.txt-927,0,654,654,3,Y,Y,1.0,0,654,HeatEntityEvaluator=1.9276543053487756
TWOMEN.txt-928,0,519,519,8,Y,N,-,-1,-1,HeatEntityEvaluator=0.5350434440155815
THIRTY.txt-929,0,397,397,2,Y,Y,1.0,0,397,HeatEntityEvaluator=1.2225474387264517
TWOMEN.txt-930,0,447,447,3,N,N,-,-1,-1,HeatEntityEvaluator=0.1293407709534375
THIRTY.txt-931,0,1034,1034,6,Y,Y,1.0,0,1034,HeatEntityEvaluator=1.5174446252358536
TWOMEN.txt-932,0,673,673,4,Y,N,-,-1,-1,HeatEntityEvaluator=0.5948168663619999
THIRTY.txt-933,0,585,585,3,Y,Y,1.0,0,585,HeatEntityEvaluator=1.4447224163307546
TWOMEN.txt-934,0,658,658,4,Y,N,-,-1,-1,HeatEntityEvaluator=1.1906383254456525
THIRTY.txt-935,0,413,413,2,Y,Y,1.0,0,413,HeatEntityEvaluator=2.710434356259
WESLEY.txt-936,0,319,319,2,N,N,-,-1,-1,HeatEntityEvaluator=0.0
THIRTY.txt-937,0,1177,1177,5,Y,Y,1.0,0,1177,HeatEntityEvaluator=1.0315550454021176
WESLEY.txt-938,0,754,754,2,N,N,-,-1,-1,HeatEntityEvaluator=0.01996796448148148
THIRTY.txt-939,0,2843,2843,19,Y,Y,1.0,0,2843,HeatEntityEvaluator=1.1184816831172726
WESLEY.txt-940,0,1342,1342,10,N,N,-,-1,-1,HeatEntityEvaluator=0.20225153304435184
THIRTY.txt-941,0,481,481,4,Y,Y,1.0,0,481,HeatEntityEvaluator=0.8553515826611627
WESLEY.txt-942,0,353,353,4,N,N,-,-1,-1,HeatEntityEvaluator=0.16679491392846155
THIRTY.txt-943,0,439,439,3,Y,Y,1.0,0,439,HeatEntityEvaluator=1.309970534434
WESLEY.txt-944,0,505,505,6,N,N,-,-1,-1,HeatEntityEvaluator=0.3653326778875
THIRTY.txt-945,0,575,575,3,Y,Y,1.0,0,575,HeatEntityEvaluator=1.337072141041042
WESLEY.txt-946,0,625,625,9,N,N,-,-1,-1,HeatEntityEvaluator=0.1853710760131915
THIRTY.txt-947,0,929,929,6,Y,Y,1.0,0,929,HeatEntityEvaluator=1.5318340714738745
WESLEY.txt-948,0,526,526,4,N,N,-,-1,-1,HeatEntityEvaluator=0.03171382594117647
THIRTY.txt-949,0,769,769,5,Y,Y,1.0,0,769,HeatEntityEvaluator=1.2500760843074243
WESLEY.txt-950,0,469,469,3,N,N,-,-1,-1,HeatEntityEvaluator=0.0336959400625
THIRTY.txt-951,0,1285,1285,8,Y,Y,1.0,0,1285,HeatEntityEvaluator=1.6298607164769645
WESLEY.txt-952,0,1739,1739,11,N,N,-,-1,-1,HeatEntityEvaluator=0.04166602372016667
THIRTY.txt-953,0,959,959,6,Y,Y,1.0,0,959,HeatEntityEvaluator=1.2507381791145948
WESLEY.txt-954,0,333,333,1,N,N,-,-1,-1,HeatEntityEvaluator=0.04688130791304348
THIRTY.txt-955,0,534,534,4,Y,Y,1.0,0,534,HeatEntityEvaluator=0.8299763630159576
WESLEY.txt-956,0,439,439,2,N,N,-,-1,-1,HeatEntityEvaluator=0.0
THIRTY.txt-957,0,442,442,4,Y,Y,1.0,0,442,HeatEntityEvaluator=1.0700784413786841
WESLEY.txt-958,0,359,359,1,N,N,-,-1,-1,HeatEntityEvaluator=0.0
THIRTY.txt-959,0,546,546,3,Y,Y,1.0,0,546,HeatEntityEvaluator=1.7180867513750002
WESLEY.txt-960,0,750,750,4,N,N,-,-1,-1,HeatEntityEvaluator=0.2364637537525
THIRTY.txt-961,0,1611,1611,11,Y,Y,1.0,0,1611,HeatEntityEvaluator=1.218288496898087
WESLEY.txt-962,0,629,629,4,N,N,-,-1,-1,HeatEntityEvaluator=0.12984532679404256
THIRTY.txt-963,0,2153,2153,15,Y,Y,1.0,0,2153,HeatEntityEvaluator=0.7863226552035711
WESLEY.txt-964,0,2059,2059,12,N,N,-,-1,-1,HeatEntityEvaluator=0.342191616415742
THIRTY.txt-965,0,1013,1013,7,Y,Y,1.0,0,1013,HeatEntityEvaluator=1.14113887248679
WESLEY.txt-966,0,1234,1234,10,N,N,-,-1,-1,HeatEntityEvaluator=0.15122079476777778
THIRTY.txt-967,0,654,654,4,Y,Y,1.0,0,654,HeatEntityEvaluator=1.993770788233654
WESLEY.txt-968,0,499,499,3,N,N,-,-1,-1,HeatEntityEvaluator=0.0
THIRTY.txt-969,0,380,380,5,Y,Y,1.0,0,380,HeatEntityEvaluator=0.8867822669680769
WESLEY.txt-970,0,359,359,4,N,N,-,-1,-1,HeatEntityEvaluator=0.04147192623076923
THIRTY.txt-971,0,1132,1132,7,Y,Y,1.0,0,1132,HeatEntityEvaluator=0.8756638736333697
WESLEY.txt-972,0,1096,1096,10,N,N,-,-1,-1,HeatEntityEvaluator=0.4097813548874725
THIRTY.txt-973,0,1046,1046,8,Y,Y,1.0,0,1046,HeatEntityEvaluator=1.8938887873251804
WESLEY.txt-974,0,767,767,8,N,N,-,-1,-1,HeatEntityEvaluator=0.01996796448148148
THIRTY.txt-975,0,855,855,7,Y,Y,1.0,0,855,HeatEntityEvaluator=1.2903877483198485
WESLEY.txt-976,0,1406,1406,12,N,N,-,-1,-1,HeatEntityEvaluator=0.011231980020833332
THIRTY.txt-977,0,2357,2357,13,Y,Y,1.0,0,2357,HeatEntityEvaluator=2.1876985312634663
WESLEY.txt-978,0,740,740,7,N,N,-,-1,-1,HeatEntityEvaluator=0.23970349319586204
THIRTY.txt-979,0,749,749,5,Y,Y,1.0,0,749,HeatEntityEvaluator=1.6562537942112905
WESLEY.txt-980,0,399,399,3,N,N,-,-1,-1,HeatEntityEvaluator=0.1634021985175
TWOMEN.txt-981,0,307,307,3,N,Y,1.0,0,307,HeatEntityEvaluator=0.371978090682
WESLEY.txt-982,0,114,114,1,N,N,-,-1,-1,HeatEntityEvaluator=0.0
TWOMEN.txt-983,0,361,361,5,Y,Y,1.0,0,361,HeatEntityEvaluator=1.3404886337703448
WESLEY.txt-984,0,352,352,6,N,N,-,-1,-1,HeatEntityEvaluator=0.1352294056696552
TWOMEN.txt-985,0,366,366,3,Y,Y,1.0,0,366,HeatEntityEvaluator=1.2544591823168967
WESLEY.txt-986,0,305,305,3,N,N,-,-1,-1,HeatEntityEvaluator=0.0
WESLEY.txt-987,0,2412,2412,29,N,Y,1.0,0,2412,HeatEntityEvaluator=0.27163510356308995
WESLEY.txt-988,0,1605,1605,16,N,N,-,-1,-1,HeatEntityEvaluator=0.07962695330188976
WESLEY.txt-989,0,981,981,6,N,Y,1.0,0,981,HeatEntityEvaluator=0.4004789398988311
WESLEY.txt-990,0,516,516,4,N,N,-,-1,-1,HeatEntityEvaluator=0.0
WESLEY.txt-991,0,507,507,3,Y,Y,1.0,0,507,HeatEntityEvaluator=0.6646469464380556
WESLEY.txt-992,0,649,649,6,N,N,-,-1,-1,HeatEntityEvaluator=0.062207889346153844
WESLEY.txt-993,0,417,417,4,Y,Y,1.0,0,417,HeatEntityEvaluator=0.6880721397718181
WESLEY.txt-994,0,794,794,14,N,N,-,-1,-1,HeatEntityEvaluator=0.017676558721311474
WESLEY.txt-995,0,624,624,10,N,Y,1.0,0,624,HeatEntityEvaluator=0.29301356362785713
WESLEY.txt-996,0,364,364,4,N,N,-,-1,-1,HeatEntityEvaluator=0.07188467213333333
WESLEY.txt-997,0,249,249,3,Y,Y,1.0,0,249,HeatEntityEvaluator=1.165257412976111
WESLEY.txt-998,0,175,175,3,N,N,-,-1,-1,HeatEntityEvaluator=0.0
WESLEY.txt-999,0,2507,2507,22,N,Y,1.0,0,2507,HeatEntityEvaluator=0.07868852870802197
WESLEY.txt-1000,0,2550,2550,27,N,N,-,-1,-1,HeatEntityEvaluator=0.08797622777988764
