GLOVER.txt-1,0,20689,20689,5,N,Y,1.0,0,20689
GLOVER.txt-2,0,909,909,2,N,N,-,-1,-1
GLOVER.txt-3,0,1944,1944,10,N,Y,1.0,0,1944
GLOVER.txt-4,0,1531,1531,15,N,N,-,-1,-1
GLOVER.txt-5,0,6211,6211,9,N,Y,1.0,0,6211
GLOVER.txt-6,0,721,721,6,N,N,-,-1,-1
GLOVER.txt-7,0,995,995,6,N,Y,1.0,0,995
GLOVER.txt-8,0,950,950,3,N,N,-,-1,-1
GRONOW.txt-9,0,1309,1309,5,N,Y,1.0,0,1309
GRONOW.txt-10,0,833,833,5,N,N,-,-1,-1
GRONOW.txt-11,0,1127,1127,5,N,Y,1.0,0,1127
GRONOW.txt-12,0,902,902,4,N,N,-,-1,-1
GRONOW.txt-13,0,1738,1738,7,N,Y,1.0,0,1738
GRONOW.txt-14,0,1128,1128,9,N,N,-,-1,-1
MASONB.txt-15,0,90,90,2,Y,Y,1.0,0,90
MASONB.txt-16,0,123,123,1,N,N,-,-1,-1
MASONB.txt-17,0,232,232,3,N,Y,1.0,0,232
MASONB.txt-18,0,245,245,2,Y,N,-,-1,-1
MASONB.txt-19,0,155,155,2,N,Y,1.0,0,155
MASONB.txt-20,0,218,218,1,N,N,-,-1,-1
MASONB.txt-21,0,132,132,2,N,Y,1.0,0,132
MASONB.txt-22,0,193,193,1,Y,N,-,-1,-1
MASONB.txt-23,0,467,467,5,N,Y,1.0,0,467
MASONB.txt-24,0,291,291,1,Y,N,-,-1,-1
MASONB.txt-25,0,1184,1184,10,Y,Y,1.0,0,1184
MASONB.txt-26,0,1016,1016,8,N,N,-,-1,-1
MASONB.txt-27,0,103,103,2,N,Y,1.0,0,103
MASONB.txt-28,0,164,164,2,N,N,-,-1,-1
MASONB.txt-29,0,717,717,5,Y,Y,1.0,0,717
MASONB.txt-30,0,496,496,5,Y,N,-,-1,-1
MASONB.txt-31,0,140,140,2,N,Y,1.0,0,140
MASONB.txt-32,0,206,206,3,N,N,-,-1,-1
MASONB.txt-33,0,635,635,6,Y,Y,1.0,0,635
MASONB.txt-34,0,530,530,4,Y,N,-,-1,-1
MASONB.txt-35,0,751,751,7,N,Y,1.0,0,751
MASONB.txt-36,0,489,489,2,Y,N,-,-1,-1
MASONB.txt-37,0,204,204,3,Y,Y,1.0,0,204
MASONB.txt-38,0,380,380,2,Y,N,-,-1,-1
MASONB.txt-39,0,463,463,4,N,Y,1.0,0,463
MASONB.txt-40,0,455,455,2,Y,N,-,-1,-1
MASONB.txt-41,0,794,794,6,N,Y,1.0,0,794
MASONB.txt-42,0,771,771,7,Y,N,-,-1,-1
MASONB.txt-43,0,646,646,3,N,Y,1.0,0,646
MASONB.txt-44,0,505,505,3,N,N,-,-1,-1
MASONB.txt-45,0,1046,1046,8,Y,Y,1.0,0,1046
MASONB.txt-46,0,809,809,9,N,N,-,-1,-1
MASONB.txt-47,0,182,182,2,Y,Y,1.0,0,182
MASONB.txt-48,0,460,460,2,Y,N,-,-1,-1
MASONB.txt-49,0,180,180,3,N,Y,1.0,0,180
MASONB.txt-50,0,202,202,2,Y,N,-,-1,-1
MASONB.txt-51,0,271,271,3,Y,Y,1.0,0,271
MASONB.txt-52,0,304,304,4,Y,N,-,-1,-1
MASONB.txt-53,0,527,527,5,N,Y,1.0,0,527
MASONB.txt-54,0,273,273,2,N,N,-,-1,-1
MASONB.txt-55,0,335,335,2,Y,Y,1.0,0,335
MASONB.txt-56,0,251,251,3,N,N,-,-1,-1
MASONB.txt-57,0,1116,1116,8,Y,Y,1.0,0,1116
MASONB.txt-58,0,929,929,4,Y,N,-,-1,-1
MASONB.txt-59,0,108,108,2,Y,Y,1.0,0,108
MASONB.txt-60,0,189,189,1,N,N,-,-1,-1
MASONB.txt-61,0,506,506,4,Y,Y,1.0,0,506
MASONB.txt-62,0,541,541,5,N,N,-,-1,-1
MASONB.txt-63,0,245,245,3,N,Y,1.0,0,245
MASONB.txt-64,0,228,228,1,Y,N,-,-1,-1
MASONB.txt-65,0,1027,1027,7,Y,Y,1.0,0,1027
MASONB.txt-66,0,890,890,6,Y,N,-,-1,-1
MASONB.txt-67,0,680,680,5,Y,Y,1.0,0,680
MASONB.txt-68,0,532,532,3,N,N,-,-1,-1
MASONB.txt-69,0,1238,1238,8,Y,Y,1.0,0,1238
MASONB.txt-70,0,1260,1260,15,N,N,-,-1,-1
MASONB.txt-71,0,535,535,4,Y,Y,1.0,0,535
MASONB.txt-72,0,797,797,4,N,N,-,-1,-1
MASONB.txt-73,0,103,103,2,N,Y,1.0,0,103
MASONB.txt-74,0,143,143,1,N,N,-,-1,-1
MASONB.txt-75,0,844,844,8,Y,Y,1.0,0,844
MASONB.txt-76,0,849,849,5,N,N,-,-1,-1
MASONB.txt-77,0,243,243,3,Y,Y,1.0,0,243
MASONB.txt-78,0,346,346,2,N,N,-,-1,-1
MASONB.txt-79,0,1223,1223,6,Y,Y,1.0,0,1223
MASONB.txt-80,0,967,967,5,Y,N,-,-1,-1
MASONB.txt-81,0,608,608,3,Y,Y,1.0,0,608
MASONB.txt-82,0,500,500,3,N,N,-,-1,-1
MASONB.txt-83,0,676,676,5,N,Y,1.0,0,676
MASONB.txt-84,0,633,633,5,N,N,-,-1,-1
MASONB.txt-85,0,951,951,8,Y,Y,1.0,0,951
MASONB.txt-86,0,869,869,2,Y,N,-,-1,-1
MASONB.txt-87,0,324,324,4,Y,Y,1.0,0,324
MASONB.txt-88,0,462,462,1,N,N,-,-1,-1
MASONB.txt-89,0,171,171,2,N,Y,1.0,0,171
MASONB.txt-90,0,119,119,1,N,N,-,-1,-1
MASONB.txt-91,0,243,243,2,N,Y,1.0,0,243
MASONB.txt-92,0,301,301,2,N,N,-,-1,-1
MASONB.txt-93,0,853,853,6,Y,Y,1.0,0,853
MASONB.txt-94,0,1066,1066,6,N,N,-,-1,-1
MASONB.txt-95,0,966,966,7,Y,Y,1.0,0,966
MASONB.txt-96,0,832,832,6,N,N,-,-1,-1
MASONB.txt-97,0,367,367,3,Y,Y,1.0,0,367
MASONB.txt-98,0,201,201,1,N,N,-,-1,-1
MASONB.txt-99,0,377,377,4,N,Y,1.0,0,377
MASONB.txt-100,0,453,453,2,N,N,-,-1,-1
MASONB.txt-101,0,598,598,5,N,Y,1.0,0,598
MASONB.txt-102,0,634,634,5,N,N,-,-1,-1
MASONB.txt-103,0,415,415,4,N,Y,1.0,0,415
MASONB.txt-104,0,296,296,1,N,N,-,-1,-1
MASONB.txt-105,0,648,648,6,N,Y,1.0,0,648
MASONB.txt-106,0,502,502,4,N,N,-,-1,-1
MASONB.txt-107,0,1408,1408,12,Y,Y,1.0,0,1408
MASONB.txt-108,0,1103,1103,6,N,N,-,-1,-1
MASONB.txt-109,0,1305,1305,9,N,Y,1.0,0,1305
MASONB.txt-110,0,1016,1016,6,N,N,-,-1,-1
MASONB.txt-111,0,333,333,3,Y,Y,1.0,0,333
MASONB.txt-112,0,97,97,1,N,N,-,-1,-1
MASONB.txt-113,0,324,324,3,N,Y,1.0,0,324
MASONB.txt-114,0,284,284,2,N,N,-,-1,-1
MASONB.txt-115,0,886,886,6,Y,Y,1.0,0,886
MASONB.txt-116,0,727,727,7,Y,N,-,-1,-1
MASONB.txt-117,0,1331,1331,8,N,Y,1.0,0,1331
MASONB.txt-118,0,1209,1209,10,N,N,-,-1,-1
MASONB.txt-119,0,1607,1607,11,Y,Y,1.0,0,1607
MASONB.txt-120,0,1184,1184,5,N,N,-,-1,-1
MASONB.txt-121,0,724,724,5,Y,Y,1.0,0,724
MASONB.txt-122,0,571,571,6,N,N,-,-1,-1
MASONB.txt-123,0,398,398,4,Y,Y,1.0,0,398
MASONB.txt-124,0,241,241,2,N,N,-,-1,-1
MASONB.txt-125,0,1140,1140,9,N,Y,1.0,0,1140
MASONB.txt-126,0,560,560,3,N,N,-,-1,-1
MASONB.txt-127,0,269,269,3,Y,Y,1.0,0,269
GRONOW.txt-128,0,219,219,1,N,N,-,-1,-1
MASONB.txt-129,0,350,350,5,N,Y,1.0,0,350
MASONB.txt-130,0,403,403,2,N,N,-,-1,-1
MASONB.txt-131,0,124,124,2,Y,Y,1.0,0,124
MASONB.txt-132,0,140,140,1,N,N,-,-1,-1
MASONB.txt-133,0,305,305,3,N,Y,1.0,0,305
MASONB.txt-134,0,190,190,3,N,N,-,-1,-1
MASONB.txt-135,0,497,497,5,N,Y,1.0,0,497
MASONB.txt-136,0,492,492,7,N,N,-,-1,-1
MASONB.txt-137,0,1785,1785,13,Y,Y,1.0,0,1785
GRONOW.txt-138,0,1937,1937,10,N,N,-,-1,-1
MASONB.txt-139,0,256,256,3,Y,Y,1.0,0,256
MASONB.txt-140,0,273,273,3,N,N,-,-1,-1
MASONB.txt-141,0,1657,1657,15,N,Y,1.0,0,1657
GRONOW.txt-142,0,1350,1350,7,N,N,-,-1,-1
MASONB.txt-143,0,1262,1262,10,N,Y,1.0,0,1262
MASONB.txt-144,0,1020,1020,10,N,N,-,-1,-1
MASONB.txt-145,0,127,127,2,Y,Y,1.0,0,127
MASONB.txt-146,0,142,142,1,N,N,-,-1,-1
MASONB.txt-147,0,1198,1198,9,Y,Y,1.0,0,1198
MASONB.txt-148,0,553,553,2,N,N,-,-1,-1
MASONB.txt-149,0,275,275,3,Y,Y,1.0,0,275
MASONB.txt-150,0,493,493,3,N,N,-,-1,-1
MASONB.txt-151,0,847,847,6,Y,Y,1.0,0,847
MASONB.txt-152,0,920,920,6,N,N,-,-1,-1
MASONB.txt-153,0,2205,2205,14,Y,Y,1.0,0,2205
GRONOW.txt-154,0,1900,1900,6,N,N,-,-1,-1
MASONB.txt-155,0,328,328,2,N,Y,1.0,0,328
GRONOW.txt-156,0,648,648,4,N,N,-,-1,-1
MASONB.txt-157,0,745,745,5,Y,Y,1.0,0,745
GRONOW.txt-158,0,866,866,5,N,N,-,-1,-1
MASONB.txt-159,0,232,232,2,Y,Y,1.0,0,232
GRONOW.txt-160,0,284,284,1,N,N,-,-1,-1
MASONB.txt-161,0,220,220,2,Y,Y,1.0,0,220
GRONOW.txt-162,0,214,214,1,N,N,-,-1,-1
MASONB.txt-163,0,1214,1214,13,Y,Y,1.0,0,1214
GRONOW.txt-164,0,1044,1044,5,N,N,-,-1,-1
MASONB.txt-165,0,444,444,5,Y,Y,1.0,0,444
GRONOW.txt-166,0,410,410,1,N,N,-,-1,-1
MASONB.txt-167,0,288,288,4,N,Y,1.0,0,288
GRONOW.txt-168,0,333,333,1,N,N,-,-1,-1
MASONB.txt-169,0,147,147,3,Y,Y,1.0,0,147
GRONOW.txt-170,0,233,233,2,N,N,-,-1,-1
MASONB.txt-171,0,190,190,3,N,Y,1.0,0,190
GRONOW.txt-172,0,146,146,1,N,N,-,-1,-1
MASONB.txt-173,0,385,385,2,N,Y,1.0,0,385
GRONOW.txt-174,0,380,380,1,N,N,-,-1,-1
MASONB.txt-175,0,3000,3000,21,Y,Y,1.0,0,3000
GRONOW.txt-176,0,2919,2919,22,N,N,-,-1,-1
MASONB.txt-177,0,3560,3560,23,Y,Y,1.0,0,3560
GRONOW.txt-178,0,1902,1902,13,N,N,-,-1,-1
MASONB.txt-179,0,82,82,2,N,Y,1.0,0,82
GRONOW.txt-180,0,138,138,1,N,N,-,-1,-1
MASONB.txt-181,0,753,753,6,Y,Y,1.0,0,753
GRONOW.txt-182,0,779,779,7,N,N,-,-1,-1
MASONB.txt-183,0,347,347,3,Y,Y,1.0,0,347
GRONOW.txt-184,0,215,215,2,N,N,-,-1,-1
MASONB.txt-185,0,160,160,2,Y,Y,1.0,0,160
GRONOW.txt-186,0,159,159,1,N,N,-,-1,-1
MASONB.txt-187,0,278,278,4,N,Y,1.0,0,278
GRONOW.txt-188,0,338,338,3,N,N,-,-1,-1
MASONB.txt-189,0,626,626,6,Y,Y,1.0,0,626
GRONOW.txt-190,0,710,710,4,N,N,-,-1,-1
MASONB.txt-191,0,2061,2061,12,Y,Y,1.0,0,2061
GRONOW.txt-192,0,2255,2255,14,N,N,-,-1,-1
MASONB.txt-193,0,2197,2197,16,N,Y,1.0,0,2197
GRONOW.txt-194,0,2102,2102,14,N,N,-,-1,-1
MASONB.txt-195,0,578,578,3,N,Y,1.0,0,578
GRONOW.txt-196,0,597,597,3,N,N,-,-1,-1
MASONB.txt-197,0,364,364,4,N,Y,1.0,0,364
GRONOW.txt-198,0,287,287,2,N,N,-,-1,-1
MASONB.txt-199,0,929,929,7,Y,Y,1.0,0,929
GRONOW.txt-200,0,959,959,6,N,N,-,-1,-1
MASONB.txt-201,0,321,321,3,Y,Y,1.0,0,321
GRONOW.txt-202,0,818,818,5,N,N,-,-1,-1
MASONB.txt-203,0,2085,2085,14,Y,Y,1.0,0,2085
GRONOW.txt-204,0,1787,1787,12,N,N,-,-1,-1
MASONB.txt-205,0,352,352,3,N,Y,1.0,0,352
GRONOW.txt-206,0,348,348,3,N,N,-,-1,-1
MASONB.txt-207,0,3583,3583,22,Y,Y,1.0,0,3583
GRONOW.txt-208,0,3544,3544,23,N,N,-,-1,-1
MASONB.txt-209,0,2469,2469,18,Y,Y,1.0,0,2469
GRONOW.txt-210,0,2104,2104,21,N,N,-,-1,-1
MASONB.txt-211,0,2200,2200,16,Y,Y,1.0,0,2200
GRONOW.txt-212,0,1930,1930,11,N,N,-,-1,-1
MASONB.txt-213,0,1489,1489,9,Y,Y,1.0,0,1489
GRONOW.txt-214,0,1325,1325,9,N,N,-,-1,-1
MASONB.txt-215,0,114,114,3,N,Y,1.0,0,114
GRONOW.txt-216,0,113,113,1,N,N,-,-1,-1
MASONB.txt-217,0,264,264,3,N,Y,1.0,0,264
GRONOW.txt-218,0,224,224,1,N,N,-,-1,-1
MASONB.txt-219,0,2783,2783,22,Y,Y,1.0,0,2783
GRONOW.txt-220,0,2316,2316,15,N,N,-,-1,-1
MASONB.txt-221,0,228,228,2,Y,Y,1.0,0,228
GRONOW.txt-222,0,378,378,2,N,N,-,-1,-1
MEMMUS.txt-223,0,399,399,3,Y,Y,1.0,0,399
GRONOW.txt-224,0,469,469,3,Y,N,-,-1,-1
MEMMUS.txt-225,0,488,488,8,Y,Y,1.0,0,488
MEMMUS.txt-226,0,367,367,2,N,N,-,-1,-1
MEMMUS.txt-227,0,804,804,6,Y,Y,1.0,0,804
MEMMUS.txt-228,0,955,955,10,N,N,-,-1,-1
MEMMUS.txt-229,0,1021,1021,8,Y,Y,1.0,0,1021
MEMMUS.txt-230,0,1156,1156,4,N,N,-,-1,-1
MEMMUS.txt-231,0,593,593,5,N,Y,1.0,0,593
MEMMUS.txt-232,0,406,406,3,N,N,-,-1,-1
MEMMUS.txt-233,0,629,629,7,N,Y,1.0,0,629
MEMMUS.txt-234,0,878,878,7,N,N,-,-1,-1
MEMMUS.txt-235,0,711,711,9,Y,Y,1.0,0,711
MEMMUS.txt-236,0,816,816,5,N,N,-,-1,-1
MEMMUS.txt-237,0,659,659,5,Y,Y,1.0,0,659
MEMMUS.txt-238,0,555,555,4,N,N,-,-1,-1
MEMMUS.txt-239,0,405,405,4,Y,Y,1.0,0,405
MEMMUS.txt-240,0,102,102,1,N,N,-,-1,-1
MEMMUS.txt-241,0,405,405,4,Y,Y,1.0,0,405
MEMMUS.txt-242,0,172,172,1,Y,N,-,-1,-1
MEMMUS.txt-243,0,2114,2114,14,Y,Y,1.0,0,2114
GRONOW.txt-244,0,2168,2168,9,N,N,-,-1,-1
MEMMUS.txt-245,0,831,831,8,Y,Y,1.0,0,831
MEMMUS.txt-246,0,837,837,7,N,N,-,-1,-1
MEMMUS.txt-247,0,613,613,5,Y,Y,1.0,0,613
MEMMUS.txt-248,0,424,424,3,N,N,-,-1,-1
MEMMUS.txt-249,0,573,573,6,Y,Y,1.0,0,573
MEMMUS.txt-250,0,790,790,5,N,N,-,-1,-1
MEMMUS.txt-251,0,598,598,4,Y,Y,1.0,0,598
MEMMUS.txt-252,0,926,926,6,N,N,-,-1,-1
MEMMUS.txt-253,0,376,376,4,Y,Y,1.0,0,376
MEMMUS.txt-254,0,387,387,2,Y,N,-,-1,-1
MEMMUS.txt-255,0,587,587,3,Y,Y,1.0,0,587
MEMMUS.txt-256,0,763,763,11,N,N,-,-1,-1
MEMMUS.txt-257,0,703,703,7,N,Y,1.0,0,703
GRONOW.txt-258,0,673,673,3,Y,N,-,-1,-1
MEMMUS.txt-259,0,748,748,7,Y,Y,1.0,0,748
GRONOW.txt-260,0,726,726,4,N,N,-,-1,-1
MEMMUS.txt-261,0,489,489,4,Y,Y,1.0,0,489
MEMMUS.txt-262,0,584,584,3,N,N,-,-1,-1
MEMMUS.txt-263,0,725,725,6,Y,Y,1.0,0,725
GRONOW.txt-264,0,802,802,5,N,N,-,-1,-1
MEMMUS.txt-265,0,597,597,4,Y,Y,1.0,0,597
MEMMUS.txt-266,0,452,452,3,N,N,-,-1,-1
MEMMUS.txt-267,0,1271,1271,9,Y,Y,1.0,0,1271
GRONOW.txt-268,0,1230,1230,8,N,N,-,-1,-1
MEMMUS.txt-269,0,637,637,5,Y,Y,1.0,0,637
MEMMUS.txt-270,0,451,451,2,N,N,-,-1,-1
MEMMUS.txt-271,0,1064,1064,12,Y,Y,1.0,0,1064
MEMMUS.txt-272,0,1054,1054,6,N,N,-,-1,-1
MEMMUS.txt-273,0,586,586,5,Y,Y,1.0,0,586
GRONOW.txt-274,0,573,573,3,N,N,-,-1,-1
MEMMUS.txt-275,0,1000,1000,7,Y,Y,1.0,0,1000
GRONOW.txt-276,0,1026,1026,5,N,N,-,-1,-1
MEMMUS.txt-277,0,438,438,3,Y,Y,1.0,0,438
MEMMUS.txt-278,0,291,291,3,Y,N,-,-1,-1
MEMMUS.txt-279,0,733,733,7,N,Y,1.0,0,733
GRONOW.txt-280,0,1136,1136,5,N,N,-,-1,-1
MEMMUS.txt-281,0,529,529,6,Y,Y,1.0,0,529
GLOVER.txt-282,0,542,542,3,N,N,-,-1,-1
MEMMUS.txt-283,0,754,754,7,Y,Y,1.0,0,754
GRONOW.txt-284,0,860,860,6,Y,N,-,-1,-1
MEMMUS.txt-285,0,1171,1171,7,Y,Y,1.0,0,1171
GRONOW.txt-286,0,1251,1251,11,N,N,-,-1,-1
MEMMUS.txt-287,0,899,899,7,Y,Y,1.0,0,899
GRONOW.txt-288,0,1146,1146,5,N,N,-,-1,-1
MEMMUS.txt-289,0,886,886,6,Y,Y,1.0,0,886
GRONOW.txt-290,0,706,706,3,N,N,-,-1,-1
MEMMUS.txt-291,0,692,692,7,Y,Y,1.0,0,692
GRONOW.txt-292,0,661,661,4,N,N,-,-1,-1
MEMMUS.txt-293,0,909,909,8,Y,Y,1.0,0,909
GRONOW.txt-294,0,801,801,5,N,N,-,-1,-1
MEMMUS.txt-295,0,762,762,6,Y,Y,1.0,0,762
GRONOW.txt-296,0,956,956,6,Y,N,-,-1,-1
MEMMUS.txt-297,0,583,583,7,Y,Y,1.0,0,583
GRONOW.txt-298,0,483,483,5,N,N,-,-1,-1
MEMMUS.txt-299,0,693,693,7,Y,Y,1.0,0,693
GRONOW.txt-300,0,881,881,5,N,N,-,-1,-1
MEMMUS.txt-301,0,1245,1245,10,Y,Y,1.0,0,1245
GLOVER.txt-302,0,1280,1280,8,Y,N,-,-1,-1
MEMMUS.txt-303,0,1457,1457,10,N,Y,1.0,0,1457
MEMMUS.txt-304,0,1215,1215,14,N,N,-,-1,-1
MEMMUS.txt-305,0,1443,1443,11,Y,Y,1.0,0,1443
GRONOW.txt-306,0,1641,1641,10,N,N,-,-1,-1
MEMMUS.txt-307,0,341,341,3,Y,Y,1.0,0,341
MEMMUS.txt-308,0,286,286,3,N,N,-,-1,-1
MEMMUS.txt-309,0,485,485,5,Y,Y,1.0,0,485
GRONOW.txt-310,0,681,681,3,N,N,-,-1,-1
MEMMUS.txt-311,0,922,922,7,Y,Y,1.0,0,922
GRONOW.txt-312,0,793,793,4,N,N,-,-1,-1
MEMMUS.txt-313,0,1220,1220,8,Y,Y,1.0,0,1220
GRONOW.txt-314,0,1214,1214,7,N,N,-,-1,-1
MEMMUS.txt-315,0,717,717,6,Y,Y,1.0,0,717
GRONOW.txt-316,0,1113,1113,5,Y,N,-,-1,-1
MEMMUS.txt-317,0,1350,1350,9,Y,Y,1.0,0,1350
GRONOW.txt-318,0,1293,1293,8,N,N,-,-1,-1
MEMMUS.txt-319,0,1853,1853,13,N,Y,1.0,0,1853
GRONOW.txt-320,0,1936,1936,9,Y,N,-,-1,-1
MEMMUS.txt-321,0,972,972,8,Y,Y,1.0,0,972
GRONOW.txt-322,0,1132,1132,5,Y,N,-,-1,-1
MEMMUS.txt-323,0,557,557,6,Y,Y,1.0,0,557
GRONOW.txt-324,0,596,596,4,Y,N,-,-1,-1
MEMMUS.txt-325,0,861,861,6,Y,Y,1.0,0,861
GRONOW.txt-326,0,970,970,5,N,N,-,-1,-1
MEMMUS.txt-327,0,348,348,3,N,Y,1.0,0,348
GRONOW.txt-328,0,315,315,2,N,N,-,-1,-1
MEMMUS.txt-329,0,484,484,4,Y,Y,1.0,0,484
GRONOW.txt-330,0,569,569,3,N,N,-,-1,-1
MEMMUS.txt-331,0,813,813,5,Y,Y,1.0,0,813
GRONOW.txt-332,0,1081,1081,5,N,N,-,-1,-1
MEMMUS.txt-333,0,1409,1409,10,Y,Y,1.0,0,1409
GRONOW.txt-334,0,1451,1451,4,N,N,-,-1,-1
MEMMUS.txt-335,0,828,828,8,Y,Y,1.0,0,828
GRONOW.txt-336,0,835,835,4,N,N,-,-1,-1
MEMMUS.txt-337,0,387,387,5,Y,Y,1.0,0,387
MEMMUS.txt-338,0,265,265,1,N,N,-,-1,-1
MULIFE.txt-339,0,694,694,5,Y,Y,1.0,0,694
GRONOW.txt-340,0,417,417,3,N,N,-,-1,-1
MULIFE.txt-341,0,1303,1303,7,Y,Y,1.0,0,1303
GRONOW.txt-342,0,886,886,5,N,N,-,-1,-1
MULIFE.txt-343,0,615,615,5,Y,Y,1.0,0,615
GRONOW.txt-344,0,397,397,4,N,N,-,-1,-1
MULIFE.txt-345,0,19310,19310,10,N,Y,1.0,0,19310
GRONOW.txt-346,0,731,731,2,N,N,-,-1,-1
MULIFE.txt-347,0,19457,19457,10,N,Y,1.0,0,19457
GRONOW.txt-348,0,838,838,3,Y,N,-,-1,-1
MULIFE.txt-349,0,1481,1481,7,N,Y,1.0,0,1481
GRONOW.txt-350,0,1403,1403,4,Y,N,-,-1,-1
MULIFE.txt-351,0,922,922,6,Y,Y,1.0,0,922
GRONOW.txt-352,0,687,687,5,Y,N,-,-1,-1
MULIFE.txt-353,0,904,904,6,Y,Y,1.0,0,904
GRONOW.txt-354,0,533,533,4,N,N,-,-1,-1
MULIFE.txt-355,0,497,497,5,N,Y,1.0,0,497
GRONOW.txt-356,0,289,289,2,N,N,-,-1,-1
MULIFE.txt-357,0,510,510,3,Y,Y,1.0,0,510
GRONOW.txt-358,0,263,263,1,N,N,-,-1,-1
MULIFE.txt-359,0,1068,1068,7,Y,Y,1.0,0,1068
GRONOW.txt-360,0,1134,1134,7,N,N,-,-1,-1
MULIFE.txt-361,0,1106,1106,4,Y,Y,1.0,0,1106
GRONOW.txt-362,0,730,730,7,N,N,-,-1,-1
MULIFE.txt-363,0,892,892,5,N,Y,1.0,0,892
GRONOW.txt-364,0,564,564,1,N,N,-,-1,-1
MULIFE.txt-365,0,751,751,5,Y,Y,1.0,0,751
MULIFE.txt-366,0,474,474,3,N,N,-,-1,-1
MULIFE.txt-367,0,1432,1432,13,Y,Y,1.0,0,1432
MULIFE.txt-368,0,651,651,4,Y,N,-,-1,-1
MULIFE.txt-369,0,1113,1113,9,Y,Y,1.0,0,1113
MULIFE.txt-370,0,770,770,4,N,N,-,-1,-1
MULIFE.txt-371,0,2435,2435,17,Y,Y,1.0,0,2435
MULIFE.txt-372,0,1188,1188,10,N,N,-,-1,-1
MULIFE.txt-373,0,2372,2372,18,Y,Y,1.0,0,2372
GRONOW.txt-374,0,2259,2259,11,N,N,-,-1,-1
MULIFE.txt-375,0,1135,1135,7,Y,Y,1.0,0,1135
GRONOW.txt-376,0,1041,1041,6,N,N,-,-1,-1
MULIFE.txt-377,0,3152,3152,29,N,Y,1.0,0,3152
GRONOW.txt-378,0,3008,3008,14,N,N,-,-1,-1
MULIFE.txt-379,0,802,802,8,Y,Y,1.0,0,802
GRONOW.txt-380,0,574,574,5,Y,N,-,-1,-1
MULIFE.txt-381,0,1661,1661,10,Y,Y,1.0,0,1661
GRONOW.txt-382,0,1454,1454,6,N,N,-,-1,-1
MULIFE.txt-383,0,1759,1759,9,Y,Y,1.0,0,1759
GRONOW.txt-384,0,1721,1721,11,N,N,-,-1,-1
MULIFE.txt-385,0,1501,1501,7,Y,Y,1.0,0,1501
MULIFE.txt-386,0,1154,1154,5,Y,N,-,-1,-1
MULIFE.txt-387,0,1042,1042,6,Y,Y,1.0,0,1042
GRONOW.txt-388,0,725,725,2,N,N,-,-1,-1
MULIFE.txt-389,0,749,749,5,N,Y,1.0,0,749
GRONOW.txt-390,0,499,499,6,N,N,-,-1,-1
MUSING.txt-391,0,354,354,2,Y,Y,1.0,0,354
MUSING.txt-392,0,360,360,2,N,N,-,-1,-1
MUSING.txt-393,0,677,677,4,Y,Y,1.0,0,677
MUSING.txt-394,0,823,823,2,Y,N,-,-1,-1
MUSING.txt-395,0,565,565,4,Y,Y,1.0,0,565
MUSING.txt-396,0,540,540,2,N,N,-,-1,-1
MUSING.txt-397,0,399,399,4,Y,Y,1.0,0,399
MEMMUS.txt-398,0,378,378,3,N,N,-,-1,-1
MUSING.txt-399,0,1003,1003,5,Y,Y,1.0,0,1003
GRONOW.txt-400,0,835,835,3,N,N,-,-1,-1
MUSING.txt-401,0,580,580,3,Y,Y,1.0,0,580
MUSING.txt-402,0,744,744,2,N,N,-,-1,-1
MUSING.txt-403,0,430,430,3,Y,Y,1.0,0,430
MUSING.txt-404,0,359,359,1,N,N,-,-1,-1
MUSING.txt-405,0,627,627,6,N,Y,1.0,0,627
MUSING.txt-406,0,357,357,2,N,N,-,-1,-1
MUSING.txt-407,0,347,347,2,Y,Y,1.0,0,347
MUSING.txt-408,0,488,488,4,N,N,-,-1,-1
MUSING.txt-409,0,582,582,3,Y,Y,1.0,0,582
MUSING.txt-410,0,363,363,2,Y,N,-,-1,-1
MUSING.txt-411,0,473,473,3,Y,Y,1.0,0,473
MUSING.txt-412,0,517,517,4,N,N,-,-1,-1
MUSING.txt-413,0,615,615,6,Y,Y,1.0,0,615
MUSING.txt-414,0,421,421,2,N,N,-,-1,-1
MUSING.txt-415,0,499,499,4,Y,Y,1.0,0,499
MUSING.txt-416,0,452,452,1,N,N,-,-1,-1
MUSING.txt-417,0,490,490,3,Y,Y,1.0,0,490
MUSING.txt-418,0,553,553,2,N,N,-,-1,-1
MUSING.txt-419,0,522,522,2,Y,Y,1.0,0,522
MUSING.txt-420,0,586,586,4,N,N,-,-1,-1
MUSING.txt-421,0,413,413,3,Y,Y,1.0,0,413
MUSING.txt-422,0,452,452,2,Y,N,-,-1,-1
MUSING.txt-423,0,476,476,3,Y,Y,1.0,0,476
GRONOW.txt-424,0,455,455,4,N,N,-,-1,-1
MUSING.txt-425,0,977,977,7,N,Y,1.0,0,977
MUSING.txt-426,0,552,552,3,N,N,-,-1,-1
MUSING.txt-427,0,945,945,6,Y,Y,1.0,0,945
MUSING.txt-428,0,940,940,4,Y,N,-,-1,-1
MUSREM.txt-429,0,565,565,2,Y,Y,1.0,0,565
MUSING.txt-430,0,259,259,2,Y,N,-,-1,-1
MUSREM.txt-431,0,728,728,3,Y,Y,1.0,0,728
MUSREM.txt-432,0,292,292,2,N,N,-,-1,-1
MUSREM.txt-433,0,724,724,4,Y,Y,1.0,0,724
MUSREM.txt-434,0,400,400,1,Y,N,-,-1,-1
MUSREM.txt-435,0,804,804,3,N,Y,1.0,0,804
MUSING.txt-436,0,467,467,2,N,N,-,-1,-1
MUSREM.txt-437,0,698,698,8,N,Y,1.0,0,698
MUSING.txt-438,0,422,422,4,Y,N,-,-1,-1
MUSREM.txt-439,0,979,979,4,Y,Y,1.0,0,979
MUSING.txt-440,0,402,402,1,N,N,-,-1,-1
MUSREM.txt-441,0,440,440,2,N,Y,1.0,0,440
MUSING.txt-442,0,684,684,3,Y,N,-,-1,-1
MUSREM.txt-443,0,727,727,3,N,Y,1.0,0,727
MUSING.txt-444,0,554,554,2,Y,N,-,-1,-1
MUSREM.txt-445,0,654,654,2,N,Y,1.0,0,654
GRONOW.txt-446,0,237,237,2,Y,N,-,-1,-1
MUSREM.txt-447,0,549,549,3,Y,Y,1.0,0,549
GRONOW.txt-448,0,299,299,2,N,N,-,-1,-1
MUSREM.txt-449,0,610,610,1,Y,Y,1.0,0,610
GRONOW.txt-450,0,269,269,2,N,N,-,-1,-1
MUSREM.txt-451,0,292,292,2,Y,Y,1.0,0,292
MEMMUS.txt-452,0,226,226,1,N,N,-,-1,-1
MUSREM.txt-453,0,347,347,2,Y,Y,1.0,0,347
GRONOW.txt-454,0,277,277,1,N,N,-,-1,-1
MUSREM.txt-455,0,596,596,3,Y,Y,1.0,0,596
MEMMUS.txt-456,0,139,139,2,Y,N,-,-1,-1
MUSREM.txt-457,0,1004,1004,3,N,Y,1.0,0,1004
GRONOW.txt-458,0,536,536,3,N,N,-,-1,-1
MUSREM.txt-459,0,753,753,3,Y,Y,1.0,0,753
GRONOW.txt-460,0,510,510,2,N,N,-,-1,-1
MUSREM.txt-461,0,779,779,4,N,Y,1.0,0,779
GRONOW.txt-462,0,351,351,1,N,N,-,-1,-1
MUSREM.txt-463,0,568,568,4,Y,Y,1.0,0,568
GRONOW.txt-464,0,600,600,3,N,N,-,-1,-1
MUSREM.txt-465,0,524,524,2,Y,Y,1.0,0,524
GRONOW.txt-466,0,362,362,2,N,N,-,-1,-1
MUSREM.txt-467,0,959,959,3,Y,Y,1.0,0,959
GRONOW.txt-468,0,659,659,4,N,N,-,-1,-1
MUSREM.txt-469,0,732,732,5,Y,Y,1.0,0,732
GRONOW.txt-470,0,584,584,2,N,N,-,-1,-1
MUSREM.txt-471,0,1951,1951,12,Y,Y,1.0,0,1951
GRONOW.txt-472,0,1414,1414,14,N,N,-,-1,-1
MUSREM.txt-473,0,693,693,4,Y,Y,1.0,0,693
GRONOW.txt-474,0,535,535,4,N,N,-,-1,-1
MUSREM.txt-475,0,533,533,2,Y,Y,1.0,0,533
REMKEL1.txt-476,0,389,389,2,N,N,-,-1,-1
MUSREM.txt-477,0,254,254,3,Y,Y,1.0,0,254
REMKEL1.txt-478,0,415,415,2,N,N,-,-1,-1
MUSREM.txt-479,0,404,404,3,Y,Y,1.0,0,404
REMKEL1.txt-480,0,218,218,1,N,N,-,-1,-1
MUSREM.txt-481,0,1395,1395,6,Y,Y,1.0,0,1395
REMKEL1.txt-482,0,1210,1210,6,N,N,-,-1,-1
MUSREM.txt-483,0,745,745,3,Y,Y,1.0,0,745
REMKEL1.txt-484,0,326,326,2,N,N,-,-1,-1
MUSREM.txt-485,0,934,934,4,Y,Y,1.0,0,934
REMKEL1.txt-486,0,548,548,4,N,N,-,-1,-1
MUSREM.txt-487,0,570,570,6,N,Y,1.0,0,570
REMKEL1.txt-488,0,411,411,3,N,N,-,-1,-1
MUSREM.txt-489,0,1184,1184,8,N,Y,1.0,0,1184
REMKEL1.txt-490,0,1182,1182,9,N,N,-,-1,-1
MUSREM.txt-491,0,443,443,2,Y,Y,1.0,0,443
REMKEL1.txt-492,0,269,269,2,Y,N,-,-1,-1
OUSELEY.txt-493,0,2386,2386,15,Y,Y,1.0,0,2386
OUSLEY.txt-494,0,2260,2260,18,N,N,-,-1,-1
PILGRIM.txt-495,0,773,773,7,Y,Y,1.0,0,773
OUSLEY.txt-496,0,1278,1278,6,N,N,-,-1,-1
PILGRIM.txt-497,0,666,666,5,N,Y,1.0,0,666
OUSLEY.txt-498,0,750,750,4,Y,N,-,-1,-1
PILGRIM.txt-499,0,947,947,5,N,Y,1.0,0,947
OUSLEY.txt-500,0,602,602,4,N,N,-,-1,-1
PILGRIM.txt-501,0,969,969,10,N,Y,1.0,0,969
PILGRIM.txt-502,0,661,661,6,N,N,-,-1,-1
PILGRIM.txt-503,0,1505,1505,15,Y,Y,1.0,0,1505
PILGRIM.txt-504,0,1324,1324,9,N,N,-,-1,-1
PILGRIM.txt-505,0,413,413,4,N,Y,1.0,0,413
PILGRIM.txt-506,0,263,263,1,N,N,-,-1,-1
PILGRIM.txt-507,0,868,868,4,Y,Y,1.0,0,868
PILGRIM.txt-508,0,679,679,3,N,N,-,-1,-1
PILGRIM.txt-509,0,1988,1988,13,Y,Y,1.0,0,1988
PILGRIM.txt-510,0,2094,2094,17,N,N,-,-1,-1
PILGRIM.txt-511,0,2508,2508,15,N,Y,1.0,0,2508
PILGRIM.txt-512,0,2651,2651,19,N,N,-,-1,-1
PILGRIM.txt-513,0,561,561,5,Y,Y,1.0,0,561
PILGRIM.txt-514,0,520,520,3,Y,N,-,-1,-1
PILGRIM.txt-515,0,1803,1803,20,N,Y,1.0,0,1803
PILGRIM.txt-516,0,1399,1399,12,N,N,-,-1,-1
PILGRIM.txt-517,0,1660,1660,13,Y,Y,1.0,0,1660
PILGRIM.txt-518,0,788,788,7,N,N,-,-1,-1
PILGRIM.txt-519,0,1514,1514,10,N,Y,1.0,0,1514
PILGRIM.txt-520,0,813,813,7,N,N,-,-1,-1
PILGRIM.txt-521,0,1361,1361,9,Y,Y,1.0,0,1361
PILGRIM.txt-522,0,937,937,8,N,N,-,-1,-1
RECMUS.txt-523,0,235,235,2,N,Y,1.0,0,235
PILGRIM.txt-524,0,244,244,1,N,N,-,-1,-1
RECMUS.txt-525,0,164,164,2,Y,Y,1.0,0,164
PILGRIM.txt-526,0,228,228,2,N,N,-,-1,-1
RECMUS.txt-527,0,238,238,2,Y,Y,1.0,0,238
PILGRIM.txt-528,0,296,296,2,N,N,-,-1,-1
RECMUS.txt-529,0,346,346,2,Y,Y,1.0,0,346
PILGRIM.txt-530,0,316,316,2,N,N,-,-1,-1
RECMUS.txt-531,0,235,235,3,Y,Y,1.0,0,235
PILGRIM.txt-532,0,299,299,2,N,N,-,-1,-1
RECMUS.txt-533,0,135,135,3,Y,Y,1.0,0,135
PILGRIM.txt-534,0,259,259,1,N,N,-,-1,-1
RECMUS.txt-535,0,133,133,2,N,Y,1.0,0,133
PILGRIM.txt-536,0,242,242,2,N,N,-,-1,-1
RECMUS.txt-537,0,105,105,2,Y,Y,1.0,0,105
PILGRIM.txt-538,0,134,134,2,N,N,-,-1,-1
RECMUS.txt-539,0,325,325,4,N,Y,1.0,0,325
PILGRIM.txt-540,0,442,442,2,Y,N,-,-1,-1
RECMUS.txt-541,0,398,398,3,Y,Y,1.0,0,398
PILGRIM.txt-542,0,374,374,3,N,N,-,-1,-1
RECMUS.txt-543,0,147,147,3,Y,Y,1.0,0,147
PILGRIM.txt-544,0,148,148,1,N,N,-,-1,-1
RECMUS.txt-545,0,356,356,3,Y,Y,1.0,0,356
PILGRIM.txt-546,0,477,477,5,N,N,-,-1,-1
RECMUS.txt-547,0,345,345,3,Y,Y,1.0,0,345
PILGRIM.txt-548,0,217,217,2,N,N,-,-1,-1
RECMUS.txt-549,0,713,713,3,Y,Y,1.0,0,713
PILGRIM.txt-550,0,647,647,6,N,N,-,-1,-1
RECMUS.txt-551,0,272,272,5,Y,Y,1.0,0,272
PILGRIM.txt-552,0,250,250,2,Y,N,-,-1,-1
RECMUS.txt-553,0,398,398,4,Y,Y,1.0,0,398
PILGRIM.txt-554,0,361,361,2,N,N,-,-1,-1
RECMUS.txt-555,0,357,357,3,Y,Y,1.0,0,357
PILGRIM.txt-556,0,289,289,4,N,N,-,-1,-1
RECMUS.txt-557,0,498,498,6,Y,Y,1.0,0,498
PILGRIM.txt-558,0,339,339,4,N,N,-,-1,-1
RECMUS.txt-559,0,365,365,3,Y,Y,1.0,0,365
PILGRIM.txt-560,0,215,215,2,N,N,-,-1,-1
RECMUS.txt-561,0,132,132,2,Y,Y,1.0,0,132
PILGRIM.txt-562,0,106,106,1,N,N,-,-1,-1
RECMUS.txt-563,0,265,265,3,Y,Y,1.0,0,265
PILGRIM.txt-564,0,229,229,1,N,N,-,-1,-1
RECMUS.txt-565,0,348,348,6,Y,Y,1.0,0,348
PILGRIM.txt-566,0,343,343,2,N,N,-,-1,-1
RECMUS.txt-567,0,175,175,2,Y,Y,1.0,0,175
PILGRIM.txt-568,0,178,178,1,N,N,-,-1,-1
RECMUS.txt-569,0,723,723,7,Y,Y,1.0,0,723
PILGRIM.txt-570,0,1194,1194,12,N,N,-,-1,-1
RECMUS.txt-571,0,171,171,3,Y,Y,1.0,0,171
PILGRIM.txt-572,0,329,329,2,N,N,-,-1,-1
RECMUS.txt-573,0,517,517,4,Y,Y,1.0,0,517
PILGRIM.txt-574,0,447,447,2,N,N,-,-1,-1
RECMUS.txt-575,0,287,287,4,Y,Y,1.0,0,287
RECMUS.txt-576,0,313,313,1,N,N,-,-1,-1
RECMUS.txt-577,0,498,498,3,Y,Y,1.0,0,498
RECMUS.txt-578,0,458,458,3,Y,N,-,-1,-1
RECMUS.txt-579,0,355,355,4,Y,Y,1.0,0,355
RECMUS.txt-580,0,297,297,2,N,N,-,-1,-1
RECMUS.txt-581,0,442,442,5,N,Y,1.0,0,442
RECMUS.txt-582,0,450,450,3,Y,N,-,-1,-1
RECMUS.txt-583,0,452,452,4,Y,Y,1.0,0,452
PILGRIM.txt-584,0,455,455,4,N,N,-,-1,-1
RECMUS.txt-585,0,257,257,3,Y,Y,1.0,0,257
PILGRIM.txt-586,0,220,220,2,N,N,-,-1,-1
RECMUS.txt-587,0,269,269,4,Y,Y,1.0,0,269
PILGRIM.txt-588,0,297,297,4,N,N,-,-1,-1
RECMUS.txt-589,0,276,276,4,Y,Y,1.0,0,276
PILGRIM.txt-590,0,232,232,3,N,N,-,-1,-1
RECMUS.txt-591,0,408,408,3,Y,Y,1.0,0,408
PILGRIM.txt-592,0,375,375,2,N,N,-,-1,-1
RECMUS.txt-593,0,238,238,3,Y,Y,1.0,0,238
PILGRIM.txt-594,0,207,207,2,N,N,-,-1,-1
RECMUS.txt-595,0,756,756,11,N,Y,1.0,0,756
PILGRIM.txt-596,0,679,679,5,Y,N,-,-1,-1
RECMUS.txt-597,0,364,364,2,Y,Y,1.0,0,364
PILGRIM.txt-598,0,326,326,2,N,N,-,-1,-1
RECMUS.txt-599,0,426,426,3,Y,Y,1.0,0,426
PILGRIM.txt-600,0,393,393,4,N,N,-,-1,-1
RECMUS.txt-601,0,286,286,4,Y,Y,1.0,0,286
PILGRIM.txt-602,0,176,176,2,N,N,-,-1,-1
RECMUS.txt-603,0,206,206,3,Y,Y,1.0,0,206
RECMUS.txt-604,0,461,461,3,N,N,-,-1,-1
RECMUS.txt-605,0,153,153,2,Y,Y,1.0,0,153
RECMUS.txt-606,0,284,284,1,N,N,-,-1,-1
RECMUS.txt-607,0,272,272,5,Y,Y,1.0,0,272
RECMUS.txt-608,0,235,235,1,N,N,-,-1,-1
RECMUS.txt-609,0,499,499,3,Y,Y,1.0,0,499
RECMUS.txt-610,0,300,300,2,Y,N,-,-1,-1
RECMUS.txt-611,0,313,313,4,N,Y,1.0,0,313
RECMUS.txt-612,0,315,315,2,N,N,-,-1,-1
RECMUS.txt-613,0,169,169,4,Y,Y,1.0,0,169
RECMUS.txt-614,0,175,175,1,Y,N,-,-1,-1
RECMUS.txt-615,0,207,207,2,Y,Y,1.0,0,207
RECMUS.txt-616,0,116,116,1,N,N,-,-1,-1
RECMUS.txt-617,0,118,118,2,N,Y,1.0,0,118
RECMUS.txt-618,0,145,145,1,N,N,-,-1,-1
RECMUS.txt-619,0,229,229,4,Y,Y,1.0,0,229
RECMUS.txt-620,0,190,190,3,N,N,-,-1,-1
RECOLL.txt-621,0,1324,1324,6,Y,Y,1.0,0,1324
RECMUS.txt-622,0,833,833,5,Y,N,-,-1,-1
RECOLL.txt-623,0,835,835,4,Y,Y,1.0,0,835
RECMUS.txt-624,0,436,436,5,N,N,-,-1,-1
RECOLL.txt-625,0,222,222,2,N,Y,1.0,0,222
RECMUS.txt-626,0,262,262,3,N,N,-,-1,-1
RECOLL.txt-627,0,361,361,5,Y,Y,1.0,0,361
RECMUS.txt-628,0,401,401,4,N,N,-,-1,-1
RECOLL.txt-629,0,487,487,5,Y,Y,1.0,0,487
RECMUS.txt-630,0,198,198,2,N,N,-,-1,-1
RECOLL.txt-631,0,848,848,8,Y,Y,1.0,0,848
RECOLL.txt-632,0,509,509,3,N,N,-,-1,-1
RECOLL.txt-633,0,651,651,5,Y,Y,1.0,0,651
RECOLL.txt-634,0,495,495,4,N,N,-,-1,-1
RECOLL.txt-635,0,1449,1449,16,Y,Y,1.0,0,1449
RECOLL.txt-636,0,1261,1261,9,Y,N,-,-1,-1
RECOLL.txt-637,0,328,328,3,Y,Y,1.0,0,328
RECOLL.txt-638,0,321,321,2,N,N,-,-1,-1
RECOLL.txt-639,0,566,566,6,Y,Y,1.0,0,566
RECOLL.txt-640,0,517,517,4,N,N,-,-1,-1
RECOLL.txt-641,0,1079,1079,7,Y,Y,1.0,0,1079
RECOLL.txt-642,0,563,563,4,N,N,-,-1,-1
RECOLL.txt-643,0,1060,1060,9,Y,Y,1.0,0,1060
RECOLL.txt-644,0,688,688,6,N,N,-,-1,-1
RECOLL.txt-645,0,923,923,9,Y,Y,1.0,0,923
RECOLL.txt-646,0,680,680,4,Y,N,-,-1,-1
RECOLL.txt-647,0,508,508,4,Y,Y,1.0,0,508
RECOLL.txt-648,0,571,571,2,N,N,-,-1,-1
RECOLL.txt-649,0,665,665,4,Y,Y,1.0,0,665
RECOLL.txt-650,0,521,521,3,N,N,-,-1,-1
RECOLL.txt-651,0,561,561,5,Y,Y,1.0,0,561
RECOLL.txt-652,0,676,676,4,N,N,-,-1,-1
RECOLL.txt-653,0,377,377,5,Y,Y,1.0,0,377
RECOLL.txt-654,0,322,322,3,N,N,-,-1,-1
RECOLL.txt-655,0,1486,1486,8,Y,Y,1.0,0,1486
RECOLL.txt-656,0,755,755,7,Y,N,-,-1,-1
RECOLL.txt-657,0,782,782,5,Y,Y,1.0,0,782
RECOLL.txt-658,0,693,693,6,N,N,-,-1,-1
RECOLL.txt-659,0,1266,1266,7,Y,Y,1.0,0,1266
RECOLL.txt-660,0,1048,1048,9,N,N,-,-1,-1
RECOLL.txt-661,0,283,283,2,Y,Y,1.0,0,283
RECOLL.txt-662,0,225,225,3,N,N,-,-1,-1
RECOLL.txt-663,0,591,591,6,Y,Y,1.0,0,591
RECOLL.txt-664,0,503,503,4,Y,N,-,-1,-1
RECOLL.txt-665,0,538,538,5,Y,Y,1.0,0,538
RECOLL.txt-666,0,362,362,5,N,N,-,-1,-1
REMKEL1.txt-667,0,1035,1035,8,Y,Y,1.0,0,1035
RECOLL.txt-668,0,1270,1270,11,N,N,-,-1,-1
REMKEL1.txt-669,0,653,653,2,N,Y,1.0,0,653
REMKEL1.txt-670,0,319,319,2,N,N,-,-1,-1
REMKEL1.txt-671,0,570,570,4,N,Y,1.0,0,570
REMKEL1.txt-672,0,543,543,3,N,N,-,-1,-1
REMKEL1.txt-673,0,553,553,5,Y,Y,1.0,0,553
REMKEL1.txt-674,0,407,407,2,Y,N,-,-1,-1
REMKEL1.txt-675,0,571,571,4,Y,Y,1.0,0,571
REMKEL1.txt-676,0,504,504,10,N,N,-,-1,-1
REMKEL1.txt-677,0,406,406,2,N,Y,1.0,0,406
REMKEL1.txt-678,0,608,608,10,N,N,-,-1,-1
REMKEL1.txt-679,0,469,469,5,N,Y,1.0,0,469
REMKEL1.txt-680,0,481,481,2,N,N,-,-1,-1
REMKEL1.txt-681,0,1007,1007,8,Y,Y,1.0,0,1007
REMKEL1.txt-682,0,827,827,3,N,N,-,-1,-1
REMKEL1.txt-683,0,859,859,5,Y,Y,1.0,0,859
REMKEL1.txt-684,0,820,820,5,N,N,-,-1,-1
REMKEL1.txt-685,0,869,869,9,Y,Y,1.0,0,869
REMKEL1.txt-686,0,835,835,5,N,N,-,-1,-1
REMKEL1.txt-687,0,453,453,3,Y,Y,1.0,0,453
REMKEL1.txt-688,0,326,326,3,N,N,-,-1,-1
REMKEL1.txt-689,0,440,440,4,N,Y,1.0,0,440
REMKEL1.txt-690,0,444,444,4,N,N,-,-1,-1
REMKEL1.txt-691,0,1009,1009,6,Y,Y,1.0,0,1009
REMKEL1.txt-692,0,990,990,8,Y,N,-,-1,-1
REMKEL1.txt-693,0,672,672,7,Y,Y,1.0,0,672
REMKEL1.txt-694,0,791,791,3,N,N,-,-1,-1
REMKEL1.txt-695,0,916,916,7,Y,Y,1.0,0,916
REMKEL1.txt-696,0,676,676,4,N,N,-,-1,-1
REMKEL1.txt-697,0,1292,1292,11,N,Y,1.0,0,1292
REMKEL1.txt-698,0,1246,1246,7,N,N,-,-1,-1
REMKEL1.txt-699,0,560,560,2,N,Y,1.0,0,560
REMKEL1.txt-700,0,549,549,1,Y,N,-,-1,-1
REMKEL1.txt-701,0,1179,1179,7,N,Y,1.0,0,1179
REMKEL1.txt-702,0,1034,1034,9,N,N,-,-1,-1
REMKEL1.txt-703,0,534,534,4,N,Y,1.0,0,534
REMKEL1.txt-704,0,308,308,3,N,N,-,-1,-1
REMKEL1.txt-705,0,976,976,7,Y,Y,1.0,0,976
REMKEL1.txt-706,0,921,921,7,N,N,-,-1,-1
REMKEL1.txt-707,0,580,580,5,N,Y,1.0,0,580
REMKEL1.txt-708,0,540,540,2,N,N,-,-1,-1
REMKEL1.txt-709,0,1848,1848,12,Y,Y,1.0,0,1848
REMKEL1.txt-710,0,1405,1405,9,N,N,-,-1,-1
REMKEL1.txt-711,0,2391,2391,13,Y,Y,1.0,0,2391
REMKEL1.txt-712,0,1734,1734,12,N,N,-,-1,-1
REMKEL1.txt-713,0,848,848,9,Y,Y,1.0,0,848
REMKEL1.txt-714,0,906,906,6,N,N,-,-1,-1
REMKEL1.txt-715,0,1566,1566,9,N,Y,1.0,0,1566
REMKEL1.txt-716,0,692,692,3,N,N,-,-1,-1
REMKEL1.txt-717,0,5688,5688,34,Y,Y,1.0,0,5688
GRONOW.txt-718,0,5305,5305,22,N,N,-,-1,-1
REMKEL1.txt-719,0,2049,2049,17,Y,Y,1.0,0,2049
REMKEL1.txt-720,0,2206,2206,15,N,N,-,-1,-1
REMKEL1.txt-721,0,3565,3565,19,N,Y,1.0,0,3565
REMKEL1.txt-722,0,3517,3517,21,Y,N,-,-1,-1
REMKEL1.txt-723,0,3452,3452,22,Y,Y,1.0,0,3452
GRONOW.txt-724,0,3794,3794,18,N,N,-,-1,-1
REMKEL1.txt-725,0,1190,1190,9,N,Y,1.0,0,1190
REMKEL1.txt-726,0,1318,1318,7,Y,N,-,-1,-1
REMKEL1.txt-727,0,1280,1280,8,Y,Y,1.0,0,1280
REMKEL1.txt-728,0,1356,1356,7,Y,N,-,-1,-1
REMKEL2.txt-729,0,197,197,3,N,Y,1.0,0,197
REMKEL1.txt-730,0,540,540,4,N,N,-,-1,-1
REMKEL2.txt-731,0,797,797,5,Y,Y,1.0,0,797
REMKEL1.txt-732,0,581,581,4,Y,N,-,-1,-1
REMKEL2.txt-733,0,318,318,2,N,Y,1.0,0,318
REMKEL1.txt-734,0,192,192,1,Y,N,-,-1,-1
REMKEL2.txt-735,0,212,212,3,Y,Y,1.0,0,212
REMKEL1.txt-736,0,287,287,2,N,N,-,-1,-1
REMKEL2.txt-737,0,823,823,6,Y,Y,1.0,0,823
REMKEL1.txt-738,0,530,530,3,Y,N,-,-1,-1
REMKEL2.txt-739,0,279,279,4,N,Y,1.0,0,279
REMKEL1.txt-740,0,477,477,5,N,N,-,-1,-1
REMKEL2.txt-741,0,412,412,3,N,Y,1.0,0,412
REMKEL1.txt-742,0,395,395,3,N,N,-,-1,-1
REMKEL2.txt-743,0,691,691,6,Y,Y,1.0,0,691
REMKEL1.txt-744,0,972,972,7,N,N,-,-1,-1
REMKEL2.txt-745,0,567,567,4,N,Y,1.0,0,567
REMKEL1.txt-746,0,393,393,3,N,N,-,-1,-1
REMKEL2.txt-747,0,994,994,7,N,Y,1.0,0,994
REMKEL1.txt-748,0,1047,1047,5,Y,N,-,-1,-1
REMKEL2.txt-749,0,640,640,5,Y,Y,1.0,0,640
REMKEL1.txt-750,0,576,576,4,N,N,-,-1,-1
REMKEL2.txt-751,0,371,371,3,N,Y,1.0,0,371
REMKEL2.txt-752,0,189,189,1,N,N,-,-1,-1
REMKEL2.txt-753,0,1106,1106,6,Y,Y,1.0,0,1106
REMKEL2.txt-754,0,465,465,3,Y,N,-,-1,-1
REMKEL2.txt-755,0,548,548,4,N,Y,1.0,0,548
REMKEL2.txt-756,0,675,675,5,N,N,-,-1,-1
REMKEL2.txt-757,0,384,384,3,Y,Y,1.0,0,384
REMKEL2.txt-758,0,485,485,3,Y,N,-,-1,-1
REMKEL2.txt-759,0,713,713,6,N,Y,1.0,0,713
REMKEL2.txt-760,0,761,761,2,N,N,-,-1,-1
REMKEL2.txt-761,0,1033,1033,8,Y,Y,1.0,0,1033
REMKEL2.txt-762,0,728,728,5,N,N,-,-1,-1
REMKEL2.txt-763,0,491,491,6,N,Y,1.0,0,491
REMKEL2.txt-764,0,468,468,3,N,N,-,-1,-1
REMKEL2.txt-765,0,683,683,7,Y,Y,1.0,0,683
REMKEL2.txt-766,0,401,401,3,N,N,-,-1,-1
REMKEL2.txt-767,0,573,573,5,Y,Y,1.0,0,573
REMKEL2.txt-768,0,529,529,6,N,N,-,-1,-1
REMKEL2.txt-769,0,426,426,4,N,Y,1.0,0,426
REMKEL2.txt-770,0,404,404,3,N,N,-,-1,-1
REMKEL2.txt-771,0,250,250,4,Y,Y,1.0,0,250
REMKEL2.txt-772,0,320,320,2,N,N,-,-1,-1
REMKEL2.txt-773,0,569,569,3,N,Y,1.0,0,569
REMKEL2.txt-774,0,375,375,2,Y,N,-,-1,-1
REMKEL2.txt-775,0,586,586,4,N,Y,1.0,0,586
REMKEL2.txt-776,0,613,613,2,N,N,-,-1,-1
REMKEL2.txt-777,0,611,611,3,N,Y,1.0,0,611
REMKEL2.txt-778,0,569,569,3,N,N,-,-1,-1
REMKEL2.txt-779,0,352,352,3,N,Y,1.0,0,352
REMKEL2.txt-780,0,282,282,2,N,N,-,-1,-1
REMKEL2.txt-781,0,455,455,3,N,Y,1.0,0,455
REMKEL2.txt-782,0,396,396,3,N,N,-,-1,-1
REMKEL2.txt-783,0,805,805,7,Y,Y,1.0,0,805
REMKEL2.txt-784,0,283,283,3,N,N,-,-1,-1
REMKEL2.txt-785,0,751,751,4,Y,Y,1.0,0,751
REMKEL2.txt-786,0,443,443,2,N,N,-,-1,-1
REMKEL2.txt-787,0,340,340,3,N,Y,1.0,0,340
REMKEL2.txt-788,0,612,612,3,N,N,-,-1,-1
REMKEL2.txt-789,0,165,165,3,Y,Y,1.0,0,165
REMKEL2.txt-790,0,489,489,2,N,N,-,-1,-1
REMKEL2.txt-791,0,198,198,3,Y,Y,1.0,0,198
REMKEL2.txt-792,0,800,800,3,N,N,-,-1,-1
REMKEL2.txt-793,0,553,553,3,N,Y,1.0,0,553
REMKEL2.txt-794,0,459,459,2,N,N,-,-1,-1
REMKEL2.txt-795,0,1022,1022,8,Y,Y,1.0,0,1022
REMKEL2.txt-796,0,632,632,3,N,N,-,-1,-1
REMKEL2.txt-797,0,490,490,3,Y,Y,1.0,0,490
REMKEL2.txt-798,0,531,531,1,Y,N,-,-1,-1
REMKEL2.txt-799,0,763,763,6,N,Y,1.0,0,763
REMKEL2.txt-800,0,787,787,2,N,N,-,-1,-1
REMKEL2.txt-801,0,218,218,3,Y,Y,1.0,0,218
REMKEL2.txt-802,0,262,262,1,Y,N,-,-1,-1
REMKEL2.txt-803,0,212,212,2,N,Y,1.0,0,212
REMKEL2.txt-804,0,309,309,2,N,N,-,-1,-1
REMKEL2.txt-805,0,366,366,5,N,Y,1.0,0,366
REMKEL2.txt-806,0,498,498,4,N,N,-,-1,-1
REMKEL2.txt-807,0,1373,1373,7,Y,Y,1.0,0,1373
REMKEL2.txt-808,0,1336,1336,7,N,N,-,-1,-1
REMKEL2.txt-809,0,434,434,4,N,Y,1.0,0,434
REMKEL2.txt-810,0,201,201,1,N,N,-,-1,-1
REMKEL2.txt-811,0,858,858,4,Y,Y,1.0,0,858
REMKEL2.txt-812,0,452,452,1,N,N,-,-1,-1
REMKEL2.txt-813,0,233,233,3,Y,Y,1.0,0,233
REMKEL2.txt-814,0,388,388,1,N,N,-,-1,-1
REMKEL2.txt-815,0,1341,1341,11,Y,Y,1.0,0,1341
REMKEL2.txt-816,0,780,780,4,N,N,-,-1,-1
REMKEL2.txt-817,0,1545,1545,12,Y,Y,1.0,0,1545
REMKEL2.txt-818,0,864,864,3,N,N,-,-1,-1
REMKEL2.txt-819,0,488,488,3,N,Y,1.0,0,488
REMKEL2.txt-820,0,605,605,3,N,N,-,-1,-1
REMKEL2.txt-821,0,199,199,3,N,Y,1.0,0,199
REMKEL2.txt-822,0,94,94,1,N,N,-,-1,-1
REMKEL2.txt-823,0,259,259,2,N,Y,1.0,0,259
REMKEL2.txt-824,0,433,433,1,Y,N,-,-1,-1
REMKEL2.txt-825,0,341,341,3,Y,Y,1.0,0,341
REMKEL2.txt-826,0,451,451,3,N,N,-,-1,-1
REOPER.txt-827,0,19331,19331,7,N,Y,1.0,0,19331
REMKEL2.txt-828,0,845,845,5,N,N,-,-1,-1
REOPER.txt-829,0,1107,1107,7,Y,Y,1.0,0,1107
REOPER.txt-830,0,606,606,2,Y,N,-,-1,-1
REOPER.txt-831,0,1325,1325,8,Y,Y,1.0,0,1325
REOPER.txt-832,0,1040,1040,6,N,N,-,-1,-1
REOPER.txt-833,0,1134,1134,5,Y,Y,1.0,0,1134
REOPER.txt-834,0,1030,1030,7,N,N,-,-1,-1
REOPER.txt-835,0,19767,19767,12,N,Y,1.0,0,19767
REOPER.txt-836,0,475,475,2,N,N,-,-1,-1
REOPER.txt-837,0,951,951,6,N,Y,1.0,0,951
REOPER.txt-838,0,610,610,4,N,N,-,-1,-1
REOPER.txt-839,0,1820,1820,9,Y,Y,1.0,0,1820
REOPER.txt-840,0,2058,2058,9,N,N,-,-1,-1
REOPER.txt-841,0,19504,19504,10,N,Y,1.0,0,19504
REOPER.txt-842,0,687,687,3,N,N,-,-1,-1
REOPER.txt-843,0,718,718,5,Y,Y,1.0,0,718
REOPER.txt-844,0,471,471,2,N,N,-,-1,-1
REOPER.txt-845,0,19454,19454,11,N,Y,1.0,0,19454
REOPER.txt-846,0,509,509,3,N,N,-,-1,-1
REOPER.txt-847,0,985,985,4,Y,Y,1.0,0,985
REOPER.txt-848,0,233,233,1,N,N,-,-1,-1
REOPER.txt-849,0,843,843,5,Y,Y,1.0,0,843
REOPER.txt-850,0,770,770,4,N,N,-,-1,-1
REOPER.txt-851,0,19143,19143,9,N,Y,1.0,0,19143
REOPER.txt-852,0,271,271,2,N,N,-,-1,-1
REOPER.txt-853,0,963,963,5,Y,Y,1.0,0,963
REOPER.txt-854,0,697,697,2,N,N,-,-1,-1
REOPER.txt-855,0,736,736,5,N,Y,1.0,0,736
REOPER.txt-856,0,181,181,1,N,N,-,-1,-1
REOPER.txt-857,0,1275,1275,5,N,Y,1.0,0,1275
REOPER.txt-858,0,502,502,1,N,N,-,-1,-1
REOPER.txt-859,0,986,986,6,Y,Y,1.0,0,986
REOPER.txt-860,0,412,412,2,N,N,-,-1,-1
REOPER.txt-861,0,831,831,6,Y,Y,1.0,0,831
REOPER.txt-862,0,900,900,4,N,N,-,-1,-1
REOPER.txt-863,0,2346,2346,7,Y,Y,1.0,0,2346
REOPER.txt-864,0,526,526,2,Y,N,-,-1,-1
REOPER.txt-865,0,670,670,3,Y,Y,1.0,0,670
REOPER.txt-866,0,321,321,1,N,N,-,-1,-1
REOPER.txt-867,0,1802,1802,9,Y,Y,1.0,0,1802
REOPER.txt-868,0,1404,1404,11,N,N,-,-1,-1
REOPER.txt-869,0,919,919,5,Y,Y,1.0,0,919
REOPER.txt-870,0,281,281,2,Y,N,-,-1,-1
REOPER.txt-871,0,699,699,3,Y,Y,1.0,0,699
REOPER.txt-872,0,388,388,1,N,N,-,-1,-1
REOPER.txt-873,0,2249,2249,16,Y,Y,1.0,0,2249
REOPER.txt-874,0,1790,1790,12,N,N,-,-1,-1
REOPER.txt-875,0,878,878,4,Y,Y,1.0,0,878
REOPER.txt-876,0,239,239,3,N,N,-,-1,-1
REOPER.txt-877,0,1757,1757,11,Y,Y,1.0,0,1757
REOPER.txt-878,0,284,284,1,N,N,-,-1,-1
REOPER.txt-879,0,1265,1265,7,Y,Y,1.0,0,1265
REOPER.txt-880,0,478,478,2,Y,N,-,-1,-1
REOPER.txt-881,0,2990,2990,16,N,Y,1.0,0,2990
REOPER.txt-882,0,1232,1232,5,N,N,-,-1,-1
REOPER.txt-883,0,1329,1329,9,N,Y,1.0,0,1329
REOPER.txt-884,0,1883,1883,13,N,N,-,-1,-1
REOPER.txt-885,0,2301,2301,12,Y,Y,1.0,0,2301
REOPER.txt-886,0,1665,1665,12,N,N,-,-1,-1
REOPER.txt-887,0,4540,4540,31,Y,Y,1.0,0,4540
REOPER.txt-888,0,3538,3538,14,N,N,-,-1,-1
THIRTY.txt-889,0,857,857,5,Y,Y,1.0,0,857
THIRTY.txt-890,0,632,632,4,N,N,-,-1,-1
THIRTY.txt-891,0,1618,1618,6,Y,Y,1.0,0,1618
THIRTY.txt-892,0,531,531,4,N,N,-,-1,-1
THIRTY.txt-893,0,698,698,3,Y,Y,1.0,0,698
THIRTY.txt-894,0,331,331,2,N,N,-,-1,-1
THIRTY.txt-895,0,801,801,2,Y,Y,1.0,0,801
THIRTY.txt-896,0,264,264,1,N,N,-,-1,-1
THIRTY.txt-897,0,1519,1519,6,N,Y,1.0,0,1519
THIRTY.txt-898,0,1038,1038,12,N,N,-,-1,-1
THIRTY.txt-899,0,1315,1315,5,Y,Y,1.0,0,1315
THIRTY.txt-900,0,656,656,5,Y,N,-,-1,-1
THIRTY.txt-901,0,1319,1319,8,Y,Y,1.0,0,1319
THIRTY.txt-902,0,719,719,8,Y,N,-,-1,-1
THIRTY.txt-903,0,2946,2946,12,Y,Y,1.0,0,2946
GLOVER.txt-904,0,871,871,8,N,N,-,-1,-1
THIRTY.txt-905,0,19379,19379,10,N,Y,1.0,0,19379
THIRTY.txt-906,0,689,689,4,Y,N,-,-1,-1
THIRTY.txt-907,0,829,829,3,N,Y,1.0,0,829
GLOVER.txt-908,0,442,442,4,N,N,-,-1,-1
THIRTY.txt-909,0,621,621,2,Y,Y,1.0,0,621
GLOVER.txt-910,0,345,345,2,N,N,-,-1,-1
THIRTY.txt-911,0,19441,19441,10,N,Y,1.0,0,19441
GLOVER.txt-912,0,612,612,3,N,N,-,-1,-1
THIRTY.txt-913,0,1091,1091,2,Y,Y,1.0,0,1091
GLOVER.txt-914,0,562,562,5,Y,N,-,-1,-1
THIRTY.txt-915,0,1321,1321,5,N,Y,1.0,0,1321
GLOVER.txt-916,0,523,523,2,N,N,-,-1,-1
THIRTY.txt-917,0,2174,2174,8,N,Y,1.0,0,2174
GLOVER.txt-918,0,833,833,4,Y,N,-,-1,-1
THIRTY.txt-919,0,1876,1876,5,N,Y,1.0,0,1876
GLOVER.txt-920,0,477,477,2,N,N,-,-1,-1
THIRTY.txt-921,0,1261,1261,4,Y,Y,1.0,0,1261
GLOVER.txt-922,0,541,541,4,Y,N,-,-1,-1
THIRTY.txt-923,0,1144,1144,2,N,Y,1.0,0,1144
GLOVER.txt-924,0,255,255,2,N,N,-,-1,-1
THIRTY.txt-925,0,686,686,5,Y,Y,1.0,0,686
GLOVER.txt-926,0,607,607,5,N,N,-,-1,-1
THIRTY.txt-927,0,1401,1401,4,Y,Y,1.0,0,1401
TWOMEN.txt-928,0,520,520,8,N,N,-,-1,-1
THIRTY.txt-929,0,813,813,3,Y,Y,1.0,0,813
TWOMEN.txt-930,0,448,448,3,N,N,-,-1,-1
THIRTY.txt-931,0,1304,1304,7,Y,Y,1.0,0,1304
TWOMEN.txt-932,0,674,674,4,Y,N,-,-1,-1
THIRTY.txt-933,0,19460,19460,8,N,Y,1.0,0,19460
TWOMEN.txt-934,0,659,659,4,N,N,-,-1,-1
THIRTY.txt-935,0,19251,19251,7,N,Y,1.0,0,19251
WESLEY.txt-936,0,320,320,2,N,N,-,-1,-1
THIRTY.txt-937,0,2221,2221,6,N,Y,1.0,0,2221
WESLEY.txt-938,0,755,755,2,N,N,-,-1,-1
THIRTY.txt-939,0,4646,4646,20,Y,Y,1.0,0,4646
WESLEY.txt-940,0,1343,1343,10,N,N,-,-1,-1
THIRTY.txt-941,0,19170,19170,9,N,Y,1.0,0,19170
WESLEY.txt-942,0,354,354,4,N,N,-,-1,-1
THIRTY.txt-943,0,19128,19128,8,N,Y,1.0,0,19128
WESLEY.txt-944,0,506,506,6,N,N,-,-1,-1
THIRTY.txt-945,0,1361,1361,4,N,Y,1.0,0,1361
WESLEY.txt-946,0,626,626,9,N,N,-,-1,-1
THIRTY.txt-947,0,19810,19810,11,N,Y,1.0,0,19810
WESLEY.txt-948,0,526,526,4,N,N,-,-1,-1
THIRTY.txt-949,0,1455,1455,6,Y,Y,1.0,0,1455
WESLEY.txt-950,0,470,470,3,N,N,-,-1,-1
THIRTY.txt-951,0,20431,20431,13,N,Y,1.0,0,20431
WESLEY.txt-952,0,1740,1740,11,N,N,-,-1,-1
THIRTY.txt-953,0,1664,1664,7,Y,Y,1.0,0,1664
WESLEY.txt-954,0,333,333,1,N,N,-,-1,-1
THIRTY.txt-955,0,853,853,5,N,Y,1.0,0,853
WESLEY.txt-956,0,440,440,2,N,N,-,-1,-1
THIRTY.txt-957,0,682,682,5,N,Y,1.0,0,682
WESLEY.txt-958,0,360,360,1,N,N,-,-1,-1
THIRTY.txt-959,0,954,954,4,Y,Y,1.0,0,954
WESLEY.txt-960,0,751,751,4,N,N,-,-1,-1
THIRTY.txt-961,0,3369,3369,12,Y,Y,1.0,0,3369
WESLEY.txt-962,0,630,630,4,N,N,-,-1,-1
THIRTY.txt-963,0,2588,2588,16,N,Y,1.0,0,2588
WESLEY.txt-964,0,2059,2059,12,N,N,-,-1,-1
THIRTY.txt-965,0,19765,19765,12,N,Y,1.0,0,19765
WESLEY.txt-966,0,1229,1229,10,N,N,-,-1,-1
THIRTY.txt-967,0,1352,1352,5,Y,Y,1.0,0,1352
WESLEY.txt-968,0,500,500,3,N,N,-,-1,-1
THIRTY.txt-969,0,882,882,6,N,Y,1.0,0,882
WESLEY.txt-970,0,360,360,4,N,N,-,-1,-1
THIRTY.txt-971,0,1437,1437,8,Y,Y,1.0,0,1437
WESLEY.txt-972,0,1096,1096,10,N,N,-,-1,-1
THIRTY.txt-973,0,1351,1351,9,Y,Y,1.0,0,1351
WESLEY.txt-974,0,763,763,8,N,N,-,-1,-1
THIRTY.txt-975,0,1137,1137,8,Y,Y,1.0,0,1137
WESLEY.txt-976,0,1407,1407,12,N,N,-,-1,-1
THIRTY.txt-977,0,58605,58605,26,N,Y,1.0,0,58605
WESLEY.txt-978,0,740,740,7,N,N,-,-1,-1
THIRTY.txt-979,0,1007,1007,6,Y,Y,1.0,0,1007
WESLEY.txt-980,0,395,395,3,N,N,-,-1,-1
TWOMEN.txt-981,0,314,314,4,N,Y,1.0,0,314
WESLEY.txt-982,0,115,115,1,N,N,-,-1,-1
TWOMEN.txt-983,0,368,368,6,N,Y,1.0,0,368
WESLEY.txt-984,0,353,353,6,N,N,-,-1,-1
TWOMEN.txt-985,0,373,373,4,N,Y,1.0,0,373
WESLEY.txt-986,0,306,306,3,N,N,-,-1,-1
WESLEY.txt-987,0,2523,2523,30,N,Y,1.0,0,2523
WESLEY.txt-988,0,1605,1605,16,N,N,-,-1,-1
WESLEY.txt-989,0,1056,1056,7,N,Y,1.0,0,1056
WESLEY.txt-990,0,517,517,4,N,N,-,-1,-1
WESLEY.txt-991,0,752,752,4,N,Y,1.0,0,752
WESLEY.txt-992,0,650,650,6,N,N,-,-1,-1
WESLEY.txt-993,0,424,424,5,N,Y,1.0,0,424
WESLEY.txt-994,0,794,794,14,N,N,-,-1,-1
WESLEY.txt-995,0,631,631,11,N,Y,1.0,0,631
WESLEY.txt-996,0,365,365,4,N,N,-,-1,-1
WESLEY.txt-997,0,255,255,4,N,Y,1.0,0,255
WESLEY.txt-998,0,176,176,3,N,N,-,-1,-1
WESLEY.txt-999,0,2650,2650,23,N,Y,1.0,0,2650
WESLEY.txt-1000,0,2550,2550,27,N,N,-,-1,-1
