GLOVER.txt-1,0,1089,1089,4,Y,Y,1.0,0,1089,HeatEntityEvaluator=0.863067617794217
GLOVER.txt-2,0,912,912,2,Y,N,-,-1,-1,HeatEntityEvaluator=0.5296407732208196
GLOVER.txt-3,0,1923,1923,9,Y,Y,1.0,0,1923,HeatEntityEvaluator=0.7559064491502518
GLOVER.txt-4,0,1530,1530,15,N,N,-,-1,-1,HeatEntityEvaluator=0.31112722227939854
GLOVER.txt-5,0,1263,1263,8,Y,Y,1.0,0,1263,HeatEntityEvaluator=1.2301077162780647
GLOVER.txt-6,0,721,721,6,Y,N,-,-1,-1,HeatEntityEvaluator=0.5115083174926416
GLOVER.txt-7,0,767,767,5,Y,Y,1.0,0,767,HeatEntityEvaluator=1.0007356623278572
GLOVER.txt-8,0,949,949,3,N,N,-,-1,-1,HeatEntityEvaluator=0.13775217059442105
GRONOW.txt-9,0,1099,1099,4,Y,Y,1.0,0,1099,HeatEntityEvaluator=0.5923736367159771
GRONOW.txt-10,0,832,832,5,N,N,-,-1,-1,HeatEntityEvaluator=0.20761776946907692
GRONOW.txt-11,0,899,899,4,Y,Y,1.0,0,899,HeatEntityEvaluator=1.2741808588197563
GRONOW.txt-12,0,906,906,4,N,N,-,-1,-1,HeatEntityEvaluator=0.042563292710526314
GRONOW.txt-13,0,1025,1025,6,Y,Y,1.0,0,1025,HeatEntityEvaluator=1.052992020666235
GRONOW.txt-14,0,1128,1128,9,N,N,-,-1,-1,HeatEntityEvaluator=0.013149635146341463
MASONB.txt-15,0,83,83,1,Y,Y,1.0,0,83,HeatEntityEvaluator=1.7506145331333334
MASONB.txt-16,0,122,122,1,N,N,-,-1,-1,HeatEntityEvaluator=0.0
MASONB.txt-17,0,225,225,2,N,Y,1.0,0,225,HeatEntityEvaluator=0.24394291809
MASONB.txt-18,0,245,245,2,Y,N,-,-1,-1,HeatEntityEvaluator=0.6551232118376
MASONB.txt-19,0,148,148,1,N,Y,1.0,0,148,HeatEntityEvaluator=0.3733196176563636
MASONB.txt-20,0,218,218,1,N,N,-,-1,-1,HeatEntityEvaluator=0.0
MASONB.txt-21,0,125,125,1,Y,Y,1.0,0,125,HeatEntityEvaluator=1.55643306057125
MASONB.txt-22,0,192,192,1,Y,N,-,-1,-1,HeatEntityEvaluator=1.0945950110282352
MASONB.txt-23,0,434,434,4,Y,Y,1.0,0,434,HeatEntityEvaluator=1.4935161634608571
MASONB.txt-24,0,290,290,1,Y,N,-,-1,-1,HeatEntityEvaluator=1.2211140310845832
MASONB.txt-25,0,1171,1171,9,Y,Y,1.0,0,1171,HeatEntityEvaluator=2.1448666653446726
MASONB.txt-26,0,1016,1016,8,N,N,-,-1,-1,HeatEntityEvaluator=0.1236267608555263
MASONB.txt-27,0,88,88,1,Y,Y,1.0,0,88,HeatEntityEvaluator=0.5575838127771429
MASONB.txt-28,0,164,164,2,Y,N,-,-1,-1,HeatEntityEvaluator=1.3869024517558335
MASONB.txt-29,0,710,710,4,Y,Y,1.0,0,710,HeatEntityEvaluator=2.5752381239799997
MASONB.txt-30,0,499,499,5,Y,N,-,-1,-1,HeatEntityEvaluator=1.48351705650325
MASONB.txt-31,0,133,133,1,Y,Y,1.0,0,133,HeatEntityEvaluator=0.513423209377
MASONB.txt-32,0,205,205,3,N,N,-,-1,-1,HeatEntityEvaluator=0.0
MASONB.txt-33,0,622,622,5,Y,Y,1.0,0,622,HeatEntityEvaluator=2.0377105636786443
MASONB.txt-34,0,530,530,4,N,N,-,-1,-1,HeatEntityEvaluator=0.3177488929170732
MASONB.txt-35,0,744,744,6,Y,Y,1.0,0,744,HeatEntityEvaluator=1.437949729466212
MASONB.txt-36,0,489,489,2,Y,N,-,-1,-1,HeatEntityEvaluator=1.7457966116779489
MASONB.txt-37,0,197,197,2,Y,Y,1.0,0,197,HeatEntityEvaluator=1.6664481836753333
MASONB.txt-38,0,380,380,2,Y,N,-,-1,-1,HeatEntityEvaluator=1.019987347596
MASONB.txt-39,0,450,450,3,Y,Y,1.0,0,450,HeatEntityEvaluator=1.1495669058707316
MASONB.txt-40,0,454,454,2,Y,N,-,-1,-1,HeatEntityEvaluator=1.6205194462704653
MASONB.txt-41,0,775,775,5,Y,Y,1.0,0,775,HeatEntityEvaluator=1.261014036832424
MASONB.txt-42,0,775,775,7,N,N,-,-1,-1,HeatEntityEvaluator=0.18484860269694917
MASONB.txt-43,0,627,627,2,Y,Y,1.0,0,627,HeatEntityEvaluator=0.7777355120662222
MASONB.txt-44,0,504,504,3,N,N,-,-1,-1,HeatEntityEvaluator=0.09757716723599999
MASONB.txt-45,0,1039,1039,7,Y,Y,1.0,0,1039,HeatEntityEvaluator=2.0986122895554447
MASONB.txt-46,0,808,808,9,N,N,-,-1,-1,HeatEntityEvaluator=0.35766079927969696
MASONB.txt-47,0,175,175,1,Y,Y,1.0,0,175,HeatEntityEvaluator=1.7593745496123074
MASONB.txt-48,0,459,459,2,Y,N,-,-1,-1,HeatEntityEvaluator=1.6205194462704653
MASONB.txt-49,0,173,173,2,Y,Y,1.0,0,173,HeatEntityEvaluator=1.2243237611400002
MASONB.txt-50,0,202,202,2,Y,N,-,-1,-1,HeatEntityEvaluator=0.9827346997935296
MASONB.txt-51,0,264,264,2,Y,Y,1.0,0,264,HeatEntityEvaluator=1.7729010299713637
MASONB.txt-52,0,304,304,4,N,N,-,-1,-1,HeatEntityEvaluator=0.48670483862384617
MASONB.txt-53,0,514,514,4,Y,Y,1.0,0,514,HeatEntityEvaluator=1.4082547943265218
MASONB.txt-54,0,272,272,2,Y,N,-,-1,-1,HeatEntityEvaluator=0.8270592814942856
MASONB.txt-55,0,328,328,1,Y,Y,1.0,0,328,HeatEntityEvaluator=1.3486435815060713
MASONB.txt-56,0,250,250,3,N,N,-,-1,-1,HeatEntityEvaluator=0.0
MASONB.txt-57,0,1097,1097,7,Y,Y,1.0,0,1097,HeatEntityEvaluator=1.678211009940909
MASONB.txt-58,0,928,928,4,Y,N,-,-1,-1,HeatEntityEvaluator=0.9496583954649398
MASONB.txt-59,0,101,101,1,N,Y,1.0,0,101,HeatEntityEvaluator=0.0
MASONB.txt-60,0,188,188,1,N,N,-,-1,-1,HeatEntityEvaluator=0.4915592895013334
MASONB.txt-61,0,499,499,3,Y,Y,1.0,0,499,HeatEntityEvaluator=1.7502781969705405
MASONB.txt-62,0,540,540,5,N,N,-,-1,-1,HeatEntityEvaluator=0.2124973640825
MASONB.txt-63,0,238,238,2,Y,Y,1.0,0,238,HeatEntityEvaluator=1.9120131406764709
MASONB.txt-64,0,228,228,1,N,N,-,-1,-1,HeatEntityEvaluator=0.05134619438095238
MASONB.txt-65,0,1012,1012,6,Y,Y,1.0,0,1012,HeatEntityEvaluator=2.3056974558160226
MASONB.txt-66,0,889,889,6,Y,N,-,-1,-1,HeatEntityEvaluator=1.0851412930770312
MASONB.txt-67,0,673,673,4,Y,Y,1.0,0,673,HeatEntityEvaluator=1.3181538659063332
MASONB.txt-68,0,532,532,3,N,N,-,-1,-1,HeatEntityEvaluator=0.10893479901166667
MASONB.txt-69,0,1231,1231,7,Y,Y,1.0,0,1231,HeatEntityEvaluator=1.0908715477422644
MASONB.txt-70,0,1264,1264,15,N,N,-,-1,-1,HeatEntityEvaluator=0.2638207868440909
MASONB.txt-71,0,522,522,3,Y,Y,1.0,0,522,HeatEntityEvaluator=1.9186047459990698
MASONB.txt-72,0,796,796,4,N,N,-,-1,-1,HeatEntityEvaluator=0.01684797003125
MASONB.txt-73,0,96,96,1,Y,Y,1.0,0,96,HeatEntityEvaluator=1.3677413011975
MASONB.txt-74,0,143,143,1,N,N,-,-1,-1,HeatEntityEvaluator=0.0
MASONB.txt-75,0,825,825,7,Y,Y,1.0,0,825,HeatEntityEvaluator=1.346833143781549
MASONB.txt-76,0,849,849,5,N,N,-,-1,-1,HeatEntityEvaluator=0.2714251789147457
MASONB.txt-77,0,230,230,2,Y,Y,1.0,0,230,HeatEntityEvaluator=2.3468436083485
MASONB.txt-78,0,345,345,2,N,N,-,-1,-1,HeatEntityEvaluator=0.0
MASONB.txt-79,0,1168,1168,5,Y,Y,1.0,0,1168,HeatEntityEvaluator=1.2375121349350486
MASONB.txt-80,0,967,967,5,Y,N,-,-1,-1,HeatEntityEvaluator=0.5179870283498649
MASONB.txt-81,0,601,601,2,Y,Y,1.0,0,601,HeatEntityEvaluator=1.7748774591904841
MASONB.txt-82,0,500,500,3,Y,N,-,-1,-1,HeatEntityEvaluator=0.58280776153
MASONB.txt-83,0,669,669,4,Y,Y,1.0,0,669,HeatEntityEvaluator=0.734513209014
MASONB.txt-84,0,633,633,5,N,N,-,-1,-1,HeatEntityEvaluator=0.1579711037023404
MASONB.txt-85,0,920,920,7,Y,Y,1.0,0,920,HeatEntityEvaluator=1.7441055876384
MASONB.txt-86,0,869,869,2,Y,N,-,-1,-1,HeatEntityEvaluator=0.6642600731815151
MASONB.txt-87,0,311,311,3,Y,Y,1.0,0,311,HeatEntityEvaluator=1.7670751387
MASONB.txt-88,0,461,461,1,Y,N,-,-1,-1,HeatEntityEvaluator=0.59603750489425
MASONB.txt-89,0,164,164,1,Y,Y,1.0,0,164,HeatEntityEvaluator=1.4206961037284616
MASONB.txt-90,0,118,118,1,N,N,-,-1,-1,HeatEntityEvaluator=0.0
MASONB.txt-91,0,236,236,1,Y,Y,1.0,0,236,HeatEntityEvaluator=1.3583049134264706
MASONB.txt-92,0,301,301,2,Y,N,-,-1,-1,HeatEntityEvaluator=0.5287594738852
MASONB.txt-93,0,846,846,5,Y,Y,1.0,0,846,HeatEntityEvaluator=1.8126881069838459
MASONB.txt-94,0,1065,1065,6,Y,N,-,-1,-1,HeatEntityEvaluator=0.7688885695324098
MASONB.txt-95,0,917,917,6,Y,Y,1.0,0,917,HeatEntityEvaluator=1.76218471132061
MASONB.txt-96,0,832,832,6,N,N,-,-1,-1,HeatEntityEvaluator=0.39707474197707693
MASONB.txt-97,0,354,354,2,Y,Y,1.0,0,354,HeatEntityEvaluator=1.8463206130764864
MASONB.txt-98,0,199,199,1,N,N,-,-1,-1,HeatEntityEvaluator=0.368300709738421
MASONB.txt-99,0,370,370,3,Y,Y,1.0,0,370,HeatEntityEvaluator=0.6446503976476001
MASONB.txt-100,0,452,452,2,N,N,-,-1,-1,HeatEntityEvaluator=0.3036859786186486
MASONB.txt-101,0,579,579,4,Y,Y,1.0,0,579,HeatEntityEvaluator=1.0116899377961999
MASONB.txt-102,0,634,634,5,Y,N,-,-1,-1,HeatEntityEvaluator=0.5329862570255319
MASONB.txt-103,0,376,376,3,Y,Y,1.0,0,376,HeatEntityEvaluator=1.3836238972922856
MASONB.txt-104,0,296,296,1,Y,N,-,-1,-1,HeatEntityEvaluator=0.7805818833565218
MASONB.txt-105,0,629,629,5,Y,Y,1.0,0,629,HeatEntityEvaluator=0.5443463367125
MASONB.txt-106,0,506,506,4,N,N,-,-1,-1,HeatEntityEvaluator=0.13462775660864865
MASONB.txt-107,0,1347,1347,11,Y,Y,1.0,0,1347,HeatEntityEvaluator=1.8343475708249994
MASONB.txt-108,0,1103,1103,6,N,N,-,-1,-1,HeatEntityEvaluator=0.14494540310786516
MASONB.txt-109,0,1298,1298,8,Y,Y,1.0,0,1298,HeatEntityEvaluator=0.909991866391468
MASONB.txt-110,0,1016,1016,6,N,N,-,-1,-1,HeatEntityEvaluator=0.44831670072946667
MASONB.txt-111,0,290,290,2,Y,Y,1.0,0,290,HeatEntityEvaluator=0.8706852383192593
MASONB.txt-112,0,97,97,1,N,N,-,-1,-1,HeatEntityEvaluator=0.48661356432375
MASONB.txt-113,0,305,305,2,Y,Y,1.0,0,305,HeatEntityEvaluator=1.0813749542180768
MASONB.txt-114,0,283,283,2,N,N,-,-1,-1,HeatEntityEvaluator=0.0
MASONB.txt-115,0,873,873,5,Y,Y,1.0,0,873,HeatEntityEvaluator=1.9669299858184932
MASONB.txt-116,0,726,726,7,Y,N,-,-1,-1,HeatEntityEvaluator=0.806825475069643
MASONB.txt-117,0,1306,1306,7,Y,Y,1.0,0,1306,HeatEntityEvaluator=0.7365957466198214
MASONB.txt-118,0,1208,1208,10,N,N,-,-1,-1,HeatEntityEvaluator=0.17290592817768421
MASONB.txt-119,0,1570,1570,10,Y,Y,1.0,0,1570,HeatEntityEvaluator=1.777756662644477
MASONB.txt-120,0,1184,1184,5,N,N,-,-1,-1,HeatEntityEvaluator=0.29291134210797876
MASONB.txt-121,0,705,705,4,Y,Y,1.0,0,705,HeatEntityEvaluator=1.0352932482023334
MASONB.txt-122,0,570,570,6,N,N,-,-1,-1,HeatEntityEvaluator=0.0
MASONB.txt-123,0,391,391,3,Y,Y,1.0,0,391,HeatEntityEvaluator=1.4752600181253124
MASONB.txt-124,0,241,241,2,N,N,-,-1,-1,HeatEntityEvaluator=0.35959862343047616
MASONB.txt-125,0,1073,1073,8,Y,Y,1.0,0,1073,HeatEntityEvaluator=1.1549868275316093
MASONB.txt-126,0,563,563,3,N,N,-,-1,-1,HeatEntityEvaluator=0.16516904268000002
MASONB.txt-127,0,262,262,2,N,Y,1.0,0,262,HeatEntityEvaluator=0.053913504099999995
GRONOW.txt-128,0,218,218,1,N,N,-,-1,-1,HeatEntityEvaluator=0.053913504099999995
MASONB.txt-129,0,319,319,4,Y,Y,1.0,0,319,HeatEntityEvaluator=0.9761804183696154
MASONB.txt-130,0,403,403,2,N,N,-,-1,-1,HeatEntityEvaluator=0.19890026381303028
MASONB.txt-131,0,111,111,1,Y,Y,1.0,0,111,HeatEntityEvaluator=1.8200971601816667
MASONB.txt-132,0,139,139,1,N,N,-,-1,-1,HeatEntityEvaluator=0.3026271327118182
MASONB.txt-133,0,298,298,2,Y,Y,1.0,0,298,HeatEntityEvaluator=1.2803031620473913
MASONB.txt-134,0,190,190,3,N,N,-,-1,-1,HeatEntityEvaluator=0.0
MASONB.txt-135,0,460,460,4,Y,Y,1.0,0,460,HeatEntityEvaluator=1.223853579116
MASONB.txt-136,0,491,491,7,N,N,-,-1,-1,HeatEntityEvaluator=0.0
MASONB.txt-137,0,1746,1746,12,Y,Y,1.0,0,1746,HeatEntityEvaluator=2.1223248555917174
GRONOW.txt-138,0,1937,1937,10,N,N,-,-1,-1,HeatEntityEvaluator=0.02279485454869281
MASONB.txt-139,0,243,243,2,Y,Y,1.0,0,243,HeatEntityEvaluator=1.0540704949095834
MASONB.txt-140,0,273,273,3,N,N,-,-1,-1,HeatEntityEvaluator=0.17539071554150001
MASONB.txt-141,0,1650,1650,14,Y,Y,1.0,0,1650,HeatEntityEvaluator=1.0283304781722389
GRONOW.txt-142,0,1349,1349,7,N,N,-,-1,-1,HeatEntityEvaluator=0.07113540905961538
MASONB.txt-143,0,1237,1237,9,Y,Y,1.0,0,1237,HeatEntityEvaluator=1.5045644134435394
MASONB.txt-144,0,1020,1020,10,N,N,-,-1,-1,HeatEntityEvaluator=0.21298853767901235
MASONB.txt-145,0,120,120,1,Y,Y,1.0,0,120,HeatEntityEvaluator=1.6512966022636364
MASONB.txt-146,0,142,142,1,N,N,-,-1,-1,HeatEntityEvaluator=0.08294385246153846
MASONB.txt-147,0,1123,1123,8,Y,Y,1.0,0,1123,HeatEntityEvaluator=1.7324384208996229
MASONB.txt-148,0,552,552,2,N,N,-,-1,-1,HeatEntityEvaluator=0.12194933771756099
MASONB.txt-149,0,268,268,2,Y,Y,1.0,0,268,HeatEntityEvaluator=1.4512883561876924
MASONB.txt-150,0,492,492,3,N,N,-,-1,-1,HeatEntityEvaluator=0.20903892182242426
MASONB.txt-151,0,804,804,5,Y,Y,1.0,0,804,HeatEntityEvaluator=1.7538769252535822
MASONB.txt-152,0,919,919,6,N,N,-,-1,-1,HeatEntityEvaluator=0.20033488476942857
MASONB.txt-153,0,2158,2158,13,Y,Y,1.0,0,2158,HeatEntityEvaluator=1.781884018943315
GRONOW.txt-154,0,1900,1900,6,N,N,-,-1,-1,HeatEntityEvaluator=0.0929297063258219
MASONB.txt-155,0,303,303,1,Y,Y,1.0,0,303,HeatEntityEvaluator=1.1191866387471427
GRONOW.txt-156,0,647,647,4,N,N,-,-1,-1,HeatEntityEvaluator=0.16975071184739998
MASONB.txt-157,0,732,732,4,Y,Y,1.0,0,732,HeatEntityEvaluator=1.417992407687414
GRONOW.txt-158,0,865,865,5,N,N,-,-1,-1,HeatEntityEvaluator=0.03267485096969697
MASONB.txt-159,0,225,225,1,N,Y,1.0,0,225,HeatEntityEvaluator=0.05134619438095238
GRONOW.txt-160,0,284,284,1,N,N,-,-1,-1,HeatEntityEvaluator=0.0
MASONB.txt-161,0,201,201,1,Y,Y,1.0,0,201,HeatEntityEvaluator=0.8018483993611111
GRONOW.txt-162,0,214,214,1,N,N,-,-1,-1,HeatEntityEvaluator=0.0
MASONB.txt-163,0,1207,1207,12,Y,Y,1.0,0,1207,HeatEntityEvaluator=2.3344409057742723
GRONOW.txt-164,0,1043,1043,5,N,N,-,-1,-1,HeatEntityEvaluator=0.0711005182661842
MASONB.txt-165,0,437,437,4,Y,Y,1.0,0,437,HeatEntityEvaluator=1.4969843520800001
GRONOW.txt-166,0,409,409,1,N,N,-,-1,-1,HeatEntityEvaluator=0.03267485096969697
MASONB.txt-167,0,281,281,3,Y,Y,1.0,0,281,HeatEntityEvaluator=0.9660860661054546
GRONOW.txt-168,0,333,333,1,N,N,-,-1,-1,HeatEntityEvaluator=0.17051775119
MASONB.txt-169,0,140,140,2,N,Y,1.0,0,140,HeatEntityEvaluator=0.0
GRONOW.txt-170,0,232,232,2,N,N,-,-1,-1,HeatEntityEvaluator=0.0
MASONB.txt-171,0,165,165,2,N,Y,1.0,0,165,HeatEntityEvaluator=0.3577329472470588
GRONOW.txt-172,0,145,145,1,N,N,-,-1,-1,HeatEntityEvaluator=0.0
MASONB.txt-173,0,354,354,1,Y,Y,1.0,0,354,HeatEntityEvaluator=1.0041032232088887
GRONOW.txt-174,0,379,379,1,N,N,-,-1,-1,HeatEntityEvaluator=0.24282585080125002
MASONB.txt-175,0,2949,2949,20,Y,Y,1.0,0,2949,HeatEntityEvaluator=1.5044015709636034
GRONOW.txt-176,0,2918,2918,22,N,N,-,-1,-1,HeatEntityEvaluator=0.12706811240526314
MASONB.txt-177,0,3413,3413,22,Y,Y,1.0,0,3413,HeatEntityEvaluator=1.818573469264934
GRONOW.txt-178,0,1901,1901,13,N,N,-,-1,-1,HeatEntityEvaluator=0.09965528304409722
MASONB.txt-179,0,75,75,1,Y,Y,1.0,0,75,HeatEntityEvaluator=1.79537604241
GRONOW.txt-180,0,138,138,1,N,N,-,-1,-1,HeatEntityEvaluator=0.0
MASONB.txt-181,0,674,674,5,Y,Y,1.0,0,674,HeatEntityEvaluator=2.6148081834247616
GRONOW.txt-182,0,778,778,7,N,N,-,-1,-1,HeatEntityEvaluator=0.058235159130158726
MASONB.txt-183,0,334,334,2,Y,Y,1.0,0,334,HeatEntityEvaluator=2.1963357057444446
GRONOW.txt-184,0,214,214,2,N,N,-,-1,-1,HeatEntityEvaluator=0.0
MASONB.txt-185,0,153,153,1,N,Y,1.0,0,153,HeatEntityEvaluator=0.0
GRONOW.txt-186,0,159,159,1,N,N,-,-1,-1,HeatEntityEvaluator=0.0
MASONB.txt-187,0,271,271,3,Y,Y,1.0,0,271,HeatEntityEvaluator=1.1285960206171428
GRONOW.txt-188,0,338,338,3,N,N,-,-1,-1,HeatEntityEvaluator=0.0
MASONB.txt-189,0,583,583,5,Y,Y,1.0,0,583,HeatEntityEvaluator=1.6841557551956523
GRONOW.txt-190,0,709,709,4,N,N,-,-1,-1,HeatEntityEvaluator=0.07269725388018868
MASONB.txt-191,0,1986,1986,11,Y,Y,1.0,0,1986,HeatEntityEvaluator=1.9975068574533137
GRONOW.txt-192,0,2255,2255,14,N,N,-,-1,-1,HeatEntityEvaluator=0.17103076752860336
MASONB.txt-193,0,2164,2164,15,Y,Y,1.0,0,2164,HeatEntityEvaluator=1.3729331249554644
GRONOW.txt-194,0,2101,2101,14,N,N,-,-1,-1,HeatEntityEvaluator=0.25012927195654977
MASONB.txt-195,0,541,541,2,Y,Y,1.0,0,541,HeatEntityEvaluator=1.291679897618372
GRONOW.txt-196,0,596,596,3,N,N,-,-1,-1,HeatEntityEvaluator=0.3486486431947619
MASONB.txt-197,0,339,339,3,Y,Y,1.0,0,339,HeatEntityEvaluator=1.7796659534115387
GRONOW.txt-198,0,286,286,2,N,N,-,-1,-1,HeatEntityEvaluator=0.0
MASONB.txt-199,0,904,904,6,Y,Y,1.0,0,904,HeatEntityEvaluator=2.558860569747333
GRONOW.txt-200,0,958,958,6,N,N,-,-1,-1,HeatEntityEvaluator=0.04735577704733333
MASONB.txt-201,0,308,308,2,Y,Y,1.0,0,308,HeatEntityEvaluator=1.9150230117717244
GRONOW.txt-202,0,817,817,5,N,N,-,-1,-1,HeatEntityEvaluator=0.14866069453766664
MASONB.txt-203,0,2054,2054,13,Y,Y,1.0,0,2054,HeatEntityEvaluator=1.5528948016180097
GRONOW.txt-204,0,1786,1786,12,N,N,-,-1,-1,HeatEntityEvaluator=0.15051961988197077
MASONB.txt-205,0,309,309,2,Y,Y,1.0,0,309,HeatEntityEvaluator=1.6307445121710715
GRONOW.txt-206,0,348,348,3,Y,N,-,-1,-1,HeatEntityEvaluator=0.5154907729948001
MASONB.txt-207,0,3534,3534,21,Y,Y,1.0,0,3534,HeatEntityEvaluator=1.3300081022715615
GRONOW.txt-208,0,3543,3543,23,N,N,-,-1,-1,HeatEntityEvaluator=0.2255473399170107
MASONB.txt-209,0,2390,2390,17,Y,Y,1.0,0,2390,HeatEntityEvaluator=2.0376166832652234
GRONOW.txt-210,0,2103,2103,21,N,N,-,-1,-1,HeatEntityEvaluator=0.2140703416609249
MASONB.txt-211,0,2159,2159,15,Y,Y,1.0,0,2159,HeatEntityEvaluator=1.8926837680960535
GRONOW.txt-212,0,1929,1929,11,N,N,-,-1,-1,HeatEntityEvaluator=0.12964705089479453
MASONB.txt-213,0,1458,1458,8,Y,Y,1.0,0,1458,HeatEntityEvaluator=1.8498385554730707
GRONOW.txt-214,0,1325,1325,9,N,N,-,-1,-1,HeatEntityEvaluator=0.15264951519390002
MASONB.txt-215,0,101,101,2,Y,Y,1.0,0,101,HeatEntityEvaluator=1.196515476052
GRONOW.txt-216,0,113,113,1,N,N,-,-1,-1,HeatEntityEvaluator=0.0
MASONB.txt-217,0,245,245,2,N,Y,1.0,0,245,HeatEntityEvaluator=0.0
GRONOW.txt-218,0,224,224,1,N,N,-,-1,-1,HeatEntityEvaluator=0.0
MASONB.txt-219,0,2768,2768,21,Y,Y,1.0,0,2768,HeatEntityEvaluator=1.2732727712883998
GRONOW.txt-220,0,2315,2315,15,N,N,-,-1,-1,HeatEntityEvaluator=0.2067810347084153
MASONB.txt-221,0,211,211,1,Y,Y,1.0,0,211,HeatEntityEvaluator=0.7908805010042105
GRONOW.txt-222,0,378,378,2,N,N,-,-1,-1,HeatEntityEvaluator=0.0
MEMMUS.txt-223,0,392,392,2,Y,Y,1.0,0,392,HeatEntityEvaluator=2.266786207617778
GRONOW.txt-224,0,468,468,3,N,N,-,-1,-1,HeatEntityEvaluator=0.1868639890564865
MEMMUS.txt-225,0,483,483,7,Y,Y,1.0,0,483,HeatEntityEvaluator=1.9539286846319515
MEMMUS.txt-226,0,367,367,2,N,N,-,-1,-1,HeatEntityEvaluator=0.03478290587096774
MEMMUS.txt-227,0,797,797,5,Y,Y,1.0,0,797,HeatEntityEvaluator=1.013612489985443
MEMMUS.txt-228,0,954,954,10,N,N,-,-1,-1,HeatEntityEvaluator=0.3196360710380822
MEMMUS.txt-229,0,1015,1015,7,Y,Y,1.0,0,1015,HeatEntityEvaluator=1.472128914349524
MEMMUS.txt-230,0,1155,1155,4,N,N,-,-1,-1,HeatEntityEvaluator=0.07436172847857143
MEMMUS.txt-231,0,586,586,4,N,Y,1.0,0,586,HeatEntityEvaluator=0.4060508202002174
MEMMUS.txt-232,0,405,405,3,N,N,-,-1,-1,HeatEntityEvaluator=0.17664140159869565
MEMMUS.txt-233,0,622,622,6,Y,Y,1.0,0,622,HeatEntityEvaluator=1.015627717894643
MEMMUS.txt-234,0,877,877,7,N,N,-,-1,-1,HeatEntityEvaluator=0.4706021178343836
MEMMUS.txt-235,0,704,704,8,Y,Y,1.0,0,704,HeatEntityEvaluator=2.100256851825926
MEMMUS.txt-236,0,816,816,5,N,N,-,-1,-1,HeatEntityEvaluator=0.11680058619792452
MEMMUS.txt-237,0,652,652,4,Y,Y,1.0,0,652,HeatEntityEvaluator=1.447125349357963
MEMMUS.txt-238,0,555,555,4,Y,N,-,-1,-1,HeatEntityEvaluator=0.8326081607366669
MEMMUS.txt-239,0,398,398,3,Y,Y,1.0,0,398,HeatEntityEvaluator=0.90563725206175
MEMMUS.txt-240,0,101,101,1,N,N,-,-1,-1,HeatEntityEvaluator=0.48647673447222217
MEMMUS.txt-241,0,398,398,3,Y,Y,1.0,0,398,HeatEntityEvaluator=1.9904460842567566
MEMMUS.txt-242,0,172,172,1,Y,N,-,-1,-1,HeatEntityEvaluator=1.19607708044
MEMMUS.txt-243,0,2109,2109,13,Y,Y,1.0,0,2109,HeatEntityEvaluator=1.2649871189410213
GRONOW.txt-244,0,2168,2168,9,N,N,-,-1,-1,HeatEntityEvaluator=0.14718384941965518
MEMMUS.txt-245,0,824,824,7,Y,Y,1.0,0,824,HeatEntityEvaluator=1.674725407881549
MEMMUS.txt-246,0,836,836,7,N,N,-,-1,-1,HeatEntityEvaluator=0.08359436102264706
MEMMUS.txt-247,0,607,607,4,Y,Y,1.0,0,607,HeatEntityEvaluator=1.9273173911272583
MEMMUS.txt-248,0,423,423,3,N,N,-,-1,-1,HeatEntityEvaluator=0.10382120678735295
MEMMUS.txt-249,0,567,567,5,Y,Y,1.0,0,567,HeatEntityEvaluator=1.6856640914295553
MEMMUS.txt-250,0,789,789,5,N,N,-,-1,-1,HeatEntityEvaluator=0.3296194006733333
MEMMUS.txt-251,0,591,591,3,Y,Y,1.0,0,591,HeatEntityEvaluator=2.5416313195014753
MEMMUS.txt-252,0,930,930,6,N,N,-,-1,-1,HeatEntityEvaluator=0.014376934426666666
MEMMUS.txt-253,0,369,369,3,Y,Y,1.0,0,369,HeatEntityEvaluator=1.9658413012375677
MEMMUS.txt-254,0,386,386,2,Y,N,-,-1,-1,HeatEntityEvaluator=1.0802322595874285
MEMMUS.txt-255,0,580,580,2,Y,Y,1.0,0,580,HeatEntityEvaluator=1.9552946894150987
MEMMUS.txt-256,0,762,762,11,N,N,-,-1,-1,HeatEntityEvaluator=0.0594628172783871
MEMMUS.txt-257,0,696,696,6,Y,Y,1.0,0,696,HeatEntityEvaluator=1.340132540965634
GRONOW.txt-258,0,673,673,3,Y,N,-,-1,-1,HeatEntityEvaluator=1.051507635190185
MEMMUS.txt-259,0,741,741,6,Y,Y,1.0,0,741,HeatEntityEvaluator=1.82953019149339
GRONOW.txt-260,0,726,726,4,N,N,-,-1,-1,HeatEntityEvaluator=0.0
MEMMUS.txt-261,0,482,482,3,Y,Y,1.0,0,482,HeatEntityEvaluator=2.0943494738042423
MEMMUS.txt-262,0,583,583,3,N,N,-,-1,-1,HeatEntityEvaluator=0.4037642438801961
MEMMUS.txt-263,0,718,718,5,Y,Y,1.0,0,718,HeatEntityEvaluator=2.1086091656358463
GRONOW.txt-264,0,802,802,5,N,N,-,-1,-1,HeatEntityEvaluator=0.21284056778350877
MEMMUS.txt-265,0,591,591,3,Y,Y,1.0,0,591,HeatEntityEvaluator=1.9475120194550004
MEMMUS.txt-266,0,452,452,3,N,N,-,-1,-1,HeatEntityEvaluator=0.0
MEMMUS.txt-267,0,1264,1264,8,Y,Y,1.0,0,1264,HeatEntityEvaluator=2.0505539754254922
GRONOW.txt-268,0,1230,1230,8,N,N,-,-1,-1,HeatEntityEvaluator=0.010269238876190476
MEMMUS.txt-269,0,632,632,4,Y,Y,1.0,0,632,HeatEntityEvaluator=1.7947571281708334
MEMMUS.txt-270,0,450,450,2,N,N,-,-1,-1,HeatEntityEvaluator=0.3846876052317391
MEMMUS.txt-271,0,1057,1057,11,Y,Y,1.0,0,1057,HeatEntityEvaluator=1.0197182990735107
MEMMUS.txt-272,0,1054,1054,6,Y,N,-,-1,-1,HeatEntityEvaluator=0.6608808375101151
MEMMUS.txt-273,0,579,579,4,Y,Y,1.0,0,579,HeatEntityEvaluator=1.8007156920175003
GRONOW.txt-274,0,573,573,3,N,N,-,-1,-1,HeatEntityEvaluator=0.0
MEMMUS.txt-275,0,994,994,6,Y,Y,1.0,0,994,HeatEntityEvaluator=2.269787523024255
GRONOW.txt-276,0,1025,1025,5,Y,N,-,-1,-1,HeatEntityEvaluator=0.5642432529345239
MEMMUS.txt-277,0,431,431,2,Y,Y,1.0,0,431,HeatEntityEvaluator=1.2175363637332501
MEMMUS.txt-278,0,291,291,3,N,N,-,-1,-1,HeatEntityEvaluator=0.24277764429166662
MEMMUS.txt-279,0,726,726,6,Y,Y,1.0,0,726,HeatEntityEvaluator=0.7343527770575
GRONOW.txt-280,0,1135,1135,5,N,N,-,-1,-1,HeatEntityEvaluator=0.28865042655388234
MEMMUS.txt-281,0,522,522,5,Y,Y,1.0,0,522,HeatEntityEvaluator=1.937251452955
GLOVER.txt-282,0,542,542,3,N,N,-,-1,-1,HeatEntityEvaluator=0.18428535864
MEMMUS.txt-283,0,747,747,6,Y,Y,1.0,0,747,HeatEntityEvaluator=2.072191194487
GRONOW.txt-284,0,860,860,6,N,N,-,-1,-1,HeatEntityEvaluator=0.4309454550848485
MEMMUS.txt-285,0,1166,1166,6,Y,Y,1.0,0,1166,HeatEntityEvaluator=1.2759493960144233
GRONOW.txt-286,0,1250,1250,11,N,N,-,-1,-1,HeatEntityEvaluator=0.22405508681608244
MEMMUS.txt-287,0,892,892,6,Y,Y,1.0,0,892,HeatEntityEvaluator=1.920422901761111
GRONOW.txt-288,0,1145,1145,5,N,N,-,-1,-1,HeatEntityEvaluator=0.3246889337431764
MEMMUS.txt-289,0,881,881,5,Y,Y,1.0,0,881,HeatEntityEvaluator=2.4574184227770886
GRONOW.txt-290,0,706,706,3,N,N,-,-1,-1,HeatEntityEvaluator=0.49387696095649125
MEMMUS.txt-291,0,687,687,6,Y,Y,1.0,0,687,HeatEntityEvaluator=1.4916729701163933
GRONOW.txt-292,0,660,660,4,N,N,-,-1,-1,HeatEntityEvaluator=0.22931539655
MEMMUS.txt-293,0,902,902,7,Y,Y,1.0,0,902,HeatEntityEvaluator=1.5347660619174361
GRONOW.txt-294,0,800,800,5,N,N,-,-1,-1,HeatEntityEvaluator=0.22071342822984372
MEMMUS.txt-295,0,755,755,5,Y,Y,1.0,0,755,HeatEntityEvaluator=2.0732978324817855
GRONOW.txt-296,0,955,955,6,N,N,-,-1,-1,HeatEntityEvaluator=0.37399651429303027
MEMMUS.txt-297,0,577,577,6,Y,Y,1.0,0,577,HeatEntityEvaluator=1.9125386290548274
GRONOW.txt-298,0,482,482,5,N,N,-,-1,-1,HeatEntityEvaluator=0.23104430806974358
MEMMUS.txt-299,0,688,688,6,Y,Y,1.0,0,688,HeatEntityEvaluator=2.4468666059805457
GRONOW.txt-300,0,880,880,5,N,N,-,-1,-1,HeatEntityEvaluator=0.1401342695833846
MEMMUS.txt-301,0,1240,1240,9,Y,Y,1.0,0,1240,HeatEntityEvaluator=0.9611922016323149
GLOVER.txt-302,0,1279,1279,8,N,N,-,-1,-1,HeatEntityEvaluator=0.40944871360131585
MEMMUS.txt-303,0,1451,1451,9,Y,Y,1.0,0,1451,HeatEntityEvaluator=1.501109781353644
MEMMUS.txt-304,0,1214,1214,14,N,N,-,-1,-1,HeatEntityEvaluator=0.26081895057147364
MEMMUS.txt-305,0,1436,1436,10,Y,Y,1.0,0,1436,HeatEntityEvaluator=1.8202558613603224
GRONOW.txt-306,0,1640,1640,10,N,N,-,-1,-1,HeatEntityEvaluator=0.18876601460047243
MEMMUS.txt-307,0,334,334,2,Y,Y,1.0,0,334,HeatEntityEvaluator=2.3660663911088893
MEMMUS.txt-308,0,286,286,3,N,N,-,-1,-1,HeatEntityEvaluator=0.0
MEMMUS.txt-309,0,478,478,4,Y,Y,1.0,0,478,HeatEntityEvaluator=0.6907730793880488
GRONOW.txt-310,0,680,680,3,N,N,-,-1,-1,HeatEntityEvaluator=0.2638944949007692
MEMMUS.txt-311,0,915,915,6,Y,Y,1.0,0,915,HeatEntityEvaluator=2.0646654636166217
GRONOW.txt-312,0,793,793,4,N,N,-,-1,-1,HeatEntityEvaluator=0.0
MEMMUS.txt-313,0,1213,1213,7,Y,Y,1.0,0,1213,HeatEntityEvaluator=2.3025328513691736
GRONOW.txt-314,0,1213,1213,7,N,N,-,-1,-1,HeatEntityEvaluator=0.01172032697826087
MEMMUS.txt-315,0,710,710,5,Y,Y,1.0,0,710,HeatEntityEvaluator=2.288396704136957
GRONOW.txt-316,0,1113,1113,5,N,N,-,-1,-1,HeatEntityEvaluator=0.2841052961603371
MEMMUS.txt-317,0,1345,1345,8,Y,Y,1.0,0,1345,HeatEntityEvaluator=1.550971005693559
GRONOW.txt-318,0,1292,1292,8,N,N,-,-1,-1,HeatEntityEvaluator=0.3770604418428125
MEMMUS.txt-319,0,1846,1846,12,Y,Y,1.0,0,1846,HeatEntityEvaluator=0.89438547177
GRONOW.txt-320,0,1936,1936,9,N,N,-,-1,-1,HeatEntityEvaluator=0.44239134714120254
MEMMUS.txt-321,0,966,966,7,Y,Y,1.0,0,966,HeatEntityEvaluator=1.7961531593345104
GRONOW.txt-322,0,1132,1132,5,N,N,-,-1,-1,HeatEntityEvaluator=0.2705837634408791
MEMMUS.txt-323,0,551,551,5,Y,Y,1.0,0,551,HeatEntityEvaluator=1.6616988860075999
GRONOW.txt-324,0,595,595,4,N,N,-,-1,-1,HeatEntityEvaluator=0.3237692006458333
MEMMUS.txt-325,0,854,854,5,Y,Y,1.0,0,854,HeatEntityEvaluator=1.6423095381688542
GRONOW.txt-326,0,977,977,5,N,N,-,-1,-1,HeatEntityEvaluator=0.16327319363038958
MEMMUS.txt-327,0,341,341,2,Y,Y,1.0,0,341,HeatEntityEvaluator=1.4567191671556665
GRONOW.txt-328,0,315,315,2,Y,N,-,-1,-1,HeatEntityEvaluator=0.5214809642184616
MEMMUS.txt-329,0,477,477,3,Y,Y,1.0,0,477,HeatEntityEvaluator=2.1619390924468744
GRONOW.txt-330,0,569,569,3,N,N,-,-1,-1,HeatEntityEvaluator=0.3238342239814285
MEMMUS.txt-331,0,806,806,4,Y,Y,1.0,0,806,HeatEntityEvaluator=2.3090723472486956
GRONOW.txt-332,0,1080,1080,5,Y,N,-,-1,-1,HeatEntityEvaluator=0.6297678359029267
MEMMUS.txt-333,0,1403,1403,9,Y,Y,1.0,0,1403,HeatEntityEvaluator=2.0626106525340617
GRONOW.txt-334,0,1451,1451,4,N,N,-,-1,-1,HeatEntityEvaluator=0.2821045920056842
MEMMUS.txt-335,0,821,821,7,Y,Y,1.0,0,821,HeatEntityEvaluator=2.1437658691386483
GRONOW.txt-336,0,834,834,4,N,N,-,-1,-1,HeatEntityEvaluator=0.4963408584329412
MEMMUS.txt-337,0,376,376,4,Y,Y,1.0,0,376,HeatEntityEvaluator=1.9148501864731429
MEMMUS.txt-338,0,264,264,1,N,N,-,-1,-1,HeatEntityEvaluator=0.0
MULIFE.txt-339,0,425,425,4,Y,Y,1.0,0,425,HeatEntityEvaluator=1.553298056248
GRONOW.txt-340,0,417,417,3,Y,N,-,-1,-1,HeatEntityEvaluator=0.5424591584554546
MULIFE.txt-341,0,683,683,6,Y,Y,1.0,0,683,HeatEntityEvaluator=1.3200006011911862
GRONOW.txt-342,0,886,886,5,Y,N,-,-1,-1,HeatEntityEvaluator=0.8500486651986668
MULIFE.txt-343,0,387,387,4,Y,Y,1.0,0,387,HeatEntityEvaluator=2.557230769256579
GRONOW.txt-344,0,397,397,4,Y,N,-,-1,-1,HeatEntityEvaluator=0.799547317789697
MULIFE.txt-345,0,626,626,5,Y,Y,1.0,0,626,HeatEntityEvaluator=1.2965370684466666
GRONOW.txt-346,0,730,730,2,Y,N,-,-1,-1,HeatEntityEvaluator=0.7576547111329508
MULIFE.txt-347,0,660,660,5,Y,Y,1.0,0,660,HeatEntityEvaluator=0.6698443457816
GRONOW.txt-348,0,837,837,3,Y,N,-,-1,-1,HeatEntityEvaluator=0.804107966440294
MULIFE.txt-349,0,1253,1253,6,Y,Y,1.0,0,1253,HeatEntityEvaluator=0.9700313176761469
GRONOW.txt-350,0,1405,1405,4,N,N,-,-1,-1,HeatEntityEvaluator=0.3150608520747369
MULIFE.txt-351,0,653,653,5,Y,Y,1.0,0,653,HeatEntityEvaluator=0.763746866576
GRONOW.txt-352,0,687,687,5,Y,N,-,-1,-1,HeatEntityEvaluator=0.5209852572205264
MULIFE.txt-353,0,676,676,5,Y,Y,1.0,0,676,HeatEntityEvaluator=1.8412920595888713
GRONOW.txt-354,0,532,532,4,N,N,-,-1,-1,HeatEntityEvaluator=0.08941364793351352
MULIFE.txt-355,0,269,269,4,Y,Y,1.0,0,269,HeatEntityEvaluator=1.1594840689265216
GRONOW.txt-356,0,288,288,2,N,N,-,-1,-1,HeatEntityEvaluator=0.39190506987125
MULIFE.txt-357,0,282,282,2,Y,Y,1.0,0,282,HeatEntityEvaluator=2.0731781205917854
GRONOW.txt-358,0,262,262,1,N,N,-,-1,-1,HeatEntityEvaluator=0.21693775188136363
MULIFE.txt-359,0,840,840,6,Y,Y,1.0,0,840,HeatEntityEvaluator=1.1027973684411763
GRONOW.txt-360,0,1134,1134,7,N,N,-,-1,-1,HeatEntityEvaluator=0.10002075143924732
MULIFE.txt-361,0,486,486,3,Y,Y,1.0,0,486,HeatEntityEvaluator=2.1337867157344186
GRONOW.txt-362,0,729,729,7,N,N,-,-1,-1,HeatEntityEvaluator=0.14172836610653847
MULIFE.txt-363,0,664,664,4,Y,Y,1.0,0,664,HeatEntityEvaluator=1.0938859536628336
GRONOW.txt-364,0,563,563,1,N,N,-,-1,-1,HeatEntityEvaluator=0.10235881038977779
MULIFE.txt-365,0,523,523,4,Y,Y,1.0,0,523,HeatEntityEvaluator=2.220128766618302
MULIFE.txt-366,0,473,473,3,N,N,-,-1,-1,HeatEntityEvaluator=0.1192729347382353
MULIFE.txt-367,0,1204,1204,12,Y,Y,1.0,0,1204,HeatEntityEvaluator=1.6296788674833331
MULIFE.txt-368,0,650,650,4,Y,N,-,-1,-1,HeatEntityEvaluator=1.5945627268058185
MULIFE.txt-369,0,744,744,8,Y,Y,1.0,0,744,HeatEntityEvaluator=1.7792960887355176
MULIFE.txt-370,0,769,769,4,Y,N,-,-1,-1,HeatEntityEvaluator=0.5919805671703225
MULIFE.txt-371,0,1947,1947,16,Y,Y,1.0,0,1947,HeatEntityEvaluator=0.8343245489678823
MULIFE.txt-372,0,1188,1188,10,Y,N,-,-1,-1,HeatEntityEvaluator=1.0477677303331083
MULIFE.txt-373,0,2138,2138,17,Y,Y,1.0,0,2138,HeatEntityEvaluator=1.3384282438867057
GRONOW.txt-374,0,2258,2258,11,N,N,-,-1,-1,HeatEntityEvaluator=0.48709400363690064
MULIFE.txt-375,0,866,866,6,Y,Y,1.0,0,866,HeatEntityEvaluator=1.9402441896569875
GRONOW.txt-376,0,1041,1041,6,N,N,-,-1,-1,HeatEntityEvaluator=0.3168370706970732
MULIFE.txt-377,0,2918,2918,28,Y,Y,1.0,0,2918,HeatEntityEvaluator=1.1520898167808133
GRONOW.txt-378,0,3008,3008,14,N,N,-,-1,-1,HeatEntityEvaluator=0.37132714622768903
MULIFE.txt-379,0,533,533,7,Y,Y,1.0,0,533,HeatEntityEvaluator=1.3391966003025533
GRONOW.txt-380,0,573,573,5,Y,N,-,-1,-1,HeatEntityEvaluator=1.4796234663487235
MULIFE.txt-381,0,1433,1433,9,Y,Y,1.0,0,1433,HeatEntityEvaluator=0.7701306360462501
GRONOW.txt-382,0,1453,1453,6,N,N,-,-1,-1,HeatEntityEvaluator=0.3725883446314159
MULIFE.txt-383,0,1336,1336,8,Y,Y,1.0,0,1336,HeatEntityEvaluator=1.0476121046084403
GRONOW.txt-384,0,1720,1720,11,N,N,-,-1,-1,HeatEntityEvaluator=0.2183585281123308
MULIFE.txt-385,0,1273,1273,6,Y,Y,1.0,0,1273,HeatEntityEvaluator=2.1210026962783584
MULIFE.txt-386,0,1153,1153,5,N,N,-,-1,-1,HeatEntityEvaluator=0.45429413191677787
MULIFE.txt-387,0,768,768,5,Y,Y,1.0,0,768,HeatEntityEvaluator=1.177017386736129
GRONOW.txt-388,0,725,725,2,Y,N,-,-1,-1,HeatEntityEvaluator=0.5971928193964913
MULIFE.txt-389,0,473,473,4,Y,Y,1.0,0,473,HeatEntityEvaluator=1.3742355481467392
GRONOW.txt-390,0,499,499,6,N,N,-,-1,-1,HeatEntityEvaluator=0.38694652012512193
MUSING.txt-391,0,347,347,1,Y,Y,1.0,0,347,HeatEntityEvaluator=2.5720309016473335
MUSING.txt-392,0,360,360,2,N,N,-,-1,-1,HeatEntityEvaluator=0.0
MUSING.txt-393,0,658,658,3,Y,Y,1.0,0,658,HeatEntityEvaluator=2.109838874480351
MUSING.txt-394,0,822,822,2,Y,N,-,-1,-1,HeatEntityEvaluator=0.6801477508653334
MUSING.txt-395,0,558,558,3,Y,Y,1.0,0,558,HeatEntityEvaluator=2.1656528653742555
MUSING.txt-396,0,540,540,2,N,N,-,-1,-1,HeatEntityEvaluator=0.09105385197
MUSING.txt-397,0,392,392,3,Y,Y,1.0,0,392,HeatEntityEvaluator=2.5198449454775758
MEMMUS.txt-398,0,378,378,3,N,N,-,-1,-1,HeatEntityEvaluator=0.15701432894029413
MUSING.txt-399,0,996,996,4,Y,Y,1.0,0,996,HeatEntityEvaluator=0.8249627328559495
GRONOW.txt-400,0,835,835,3,N,N,-,-1,-1,HeatEntityEvaluator=0.15508070661869566
MUSING.txt-401,0,573,573,2,Y,Y,1.0,0,573,HeatEntityEvaluator=1.3767256741533334
MUSING.txt-402,0,744,744,2,N,N,-,-1,-1,HeatEntityEvaluator=0.1439925384285965
MUSING.txt-403,0,423,423,2,Y,Y,1.0,0,423,HeatEntityEvaluator=1.6057725332829031
MUSING.txt-404,0,357,357,1,N,N,-,-1,-1,HeatEntityEvaluator=0.27520511153785715
MUSING.txt-405,0,621,621,5,Y,Y,1.0,0,621,HeatEntityEvaluator=1.072154874243182
MUSING.txt-406,0,357,357,2,N,N,-,-1,-1,HeatEntityEvaluator=0.04313080328
MUSING.txt-407,0,340,340,1,Y,Y,1.0,0,340,HeatEntityEvaluator=1.094444112395
MUSING.txt-408,0,487,487,4,N,N,-,-1,-1,HeatEntityEvaluator=0.11721661419314286
MUSING.txt-409,0,568,568,2,Y,Y,1.0,0,568,HeatEntityEvaluator=2.403779765218511
MUSING.txt-410,0,362,362,2,Y,N,-,-1,-1,HeatEntityEvaluator=0.5516573200467647
MUSING.txt-411,0,466,466,2,Y,Y,1.0,0,466,HeatEntityEvaluator=2.013736517548293
MUSING.txt-412,0,517,517,4,N,N,-,-1,-1,HeatEntityEvaluator=0.27526390328625
MUSING.txt-413,0,608,608,5,Y,Y,1.0,0,608,HeatEntityEvaluator=2.4374958018130437
MUSING.txt-414,0,420,420,2,N,N,-,-1,-1,HeatEntityEvaluator=0.09566499723625001
MUSING.txt-415,0,487,487,3,Y,Y,1.0,0,487,HeatEntityEvaluator=1.8950822866425003
MUSING.txt-416,0,451,451,1,N,N,-,-1,-1,HeatEntityEvaluator=0.06161543325714285
MUSING.txt-417,0,478,478,2,Y,Y,1.0,0,478,HeatEntityEvaluator=2.408551007826429
MUSING.txt-418,0,553,553,2,N,N,-,-1,-1,HeatEntityEvaluator=0.10163122472604165
MUSING.txt-419,0,515,515,1,N,Y,1.0,0,515,HeatEntityEvaluator=0.38476681110999994
MUSING.txt-420,0,585,585,4,N,N,-,-1,-1,HeatEntityEvaluator=0.4443141337448889
MUSING.txt-421,0,406,406,2,Y,Y,1.0,0,406,HeatEntityEvaluator=1.0467107600183334
MUSING.txt-422,0,451,451,2,Y,N,-,-1,-1,HeatEntityEvaluator=1.356120043070513
MUSING.txt-423,0,470,470,2,Y,Y,1.0,0,470,HeatEntityEvaluator=1.6579371435065915
GRONOW.txt-424,0,455,455,4,N,N,-,-1,-1,HeatEntityEvaluator=0.05675105694736842
MUSING.txt-425,0,971,971,6,Y,Y,1.0,0,971,HeatEntityEvaluator=1.3276892779131884
MUSING.txt-426,0,552,552,3,Y,N,-,-1,-1,HeatEntityEvaluator=0.8505329798862501
MUSING.txt-427,0,938,938,5,Y,Y,1.0,0,938,HeatEntityEvaluator=1.4495801284581946
MUSING.txt-428,0,940,940,4,Y,N,-,-1,-1,HeatEntityEvaluator=1.0918818677447126
MUSREM.txt-429,0,159,159,1,Y,Y,1.0,0,159,HeatEntityEvaluator=2.1317699848894116
MUSING.txt-430,0,259,259,2,Y,N,-,-1,-1,HeatEntityEvaluator=0.545478133635
MUSREM.txt-431,0,322,322,2,Y,Y,1.0,0,322,HeatEntityEvaluator=2.0583244101226668
MUSREM.txt-432,0,291,291,2,Y,N,-,-1,-1,HeatEntityEvaluator=0.8325181366671428
MUSREM.txt-433,0,318,318,3,Y,Y,1.0,0,318,HeatEntityEvaluator=0.8416357800881481
MUSREM.txt-434,0,400,400,1,Y,N,-,-1,-1,HeatEntityEvaluator=2.44651651896147
MUSREM.txt-435,0,392,392,2,Y,Y,1.0,0,392,HeatEntityEvaluator=1.5056955054674999
MUSING.txt-436,0,466,466,2,Y,N,-,-1,-1,HeatEntityEvaluator=0.571003684722162
MUSREM.txt-437,0,529,529,7,Y,Y,1.0,0,529,HeatEntityEvaluator=1.1793439274611905
MUSING.txt-438,0,422,422,4,N,N,-,-1,-1,HeatEntityEvaluator=0.4392335754403125
MUSREM.txt-439,0,561,561,3,Y,Y,1.0,0,561,HeatEntityEvaluator=1.6967902606421954
MUSING.txt-440,0,401,401,1,Y,N,-,-1,-1,HeatEntityEvaluator=1.1105804977205556
MUSREM.txt-441,0,397,397,1,Y,Y,1.0,0,397,HeatEntityEvaluator=1.3270750801773334
MUSING.txt-442,0,683,683,3,Y,N,-,-1,-1,HeatEntityEvaluator=1.0236441699520689
MUSREM.txt-443,0,379,379,3,Y,Y,1.0,0,379,HeatEntityEvaluator=1.0197994421348389
MUSING.txt-444,0,553,553,2,Y,N,-,-1,-1,HeatEntityEvaluator=1.0987902095578184
MUSREM.txt-445,0,248,248,1,Y,Y,1.0,0,248,HeatEntityEvaluator=1.0609680098927272
GRONOW.txt-446,0,236,236,2,Y,N,-,-1,-1,HeatEntityEvaluator=0.6602555285220832
MUSREM.txt-447,0,311,311,2,Y,Y,1.0,0,311,HeatEntityEvaluator=2.2167425511296157
GRONOW.txt-448,0,299,299,2,Y,N,-,-1,-1,HeatEntityEvaluator=0.6970064389322727
MUSREM.txt-449,0,197,197,1,Y,Y,1.0,0,197,HeatEntityEvaluator=1.364359910202353
GRONOW.txt-450,0,269,269,2,N,N,-,-1,-1,HeatEntityEvaluator=0.2541160434652
MUSREM.txt-451,0,190,190,1,Y,Y,1.0,0,190,HeatEntityEvaluator=1.9620150666299996
MEMMUS.txt-452,0,226,226,1,Y,N,-,-1,-1,HeatEntityEvaluator=1.2600478788162501
MUSREM.txt-453,0,190,190,1,Y,Y,1.0,0,190,HeatEntityEvaluator=2.8112056823700002
GRONOW.txt-454,0,277,277,1,N,N,-,-1,-1,HeatEntityEvaluator=0.0
MUSREM.txt-455,0,190,190,2,Y,Y,1.0,0,190,HeatEntityEvaluator=1.710872873494737
MEMMUS.txt-456,0,139,139,2,Y,N,-,-1,-1,HeatEntityEvaluator=0.9868740855827273
MUSREM.txt-457,0,526,526,2,Y,Y,1.0,0,526,HeatEntityEvaluator=1.7542018836067501
GRONOW.txt-458,0,536,536,3,N,N,-,-1,-1,HeatEntityEvaluator=0.02114255062745098
MUSREM.txt-459,0,347,347,2,Y,Y,1.0,0,347,HeatEntityEvaluator=1.1353720286067743
GRONOW.txt-460,0,509,509,2,Y,N,-,-1,-1,HeatEntityEvaluator=0.5148931946295121
MUSREM.txt-461,0,382,382,3,Y,Y,1.0,0,382,HeatEntityEvaluator=1.7023292830768573
GRONOW.txt-462,0,351,351,1,N,N,-,-1,-1,HeatEntityEvaluator=0.5062763329106666
MUSREM.txt-463,0,553,553,3,Y,Y,1.0,0,553,HeatEntityEvaluator=1.7855426290159184
GRONOW.txt-464,0,599,599,3,N,N,-,-1,-1,HeatEntityEvaluator=0.3902892655223077
MUSREM.txt-465,0,118,118,1,Y,Y,1.0,0,118,HeatEntityEvaluator=1.7653337772779998
GRONOW.txt-466,0,361,361,2,N,N,-,-1,-1,HeatEntityEvaluator=0.15378001530399998
MUSREM.txt-467,0,553,553,2,Y,Y,1.0,0,553,HeatEntityEvaluator=1.2667966751064
GRONOW.txt-468,0,658,658,4,N,N,-,-1,-1,HeatEntityEvaluator=0.1528571885901852
MUSREM.txt-469,0,320,320,4,Y,Y,1.0,0,320,HeatEntityEvaluator=2.0896358017762497
GRONOW.txt-470,0,583,583,2,N,N,-,-1,-1,HeatEntityEvaluator=0.02200551187755102
MUSREM.txt-471,0,1688,1688,11,Y,Y,1.0,0,1688,HeatEntityEvaluator=1.276653961366934
GRONOW.txt-472,0,1412,1412,14,N,N,-,-1,-1,HeatEntityEvaluator=0.16140679268583333
MUSREM.txt-473,0,527,527,3,Y,Y,1.0,0,527,HeatEntityEvaluator=2.146966584624878
GRONOW.txt-474,0,534,534,4,N,N,-,-1,-1,HeatEntityEvaluator=0.2089442958042857
MUSREM.txt-475,0,333,333,2,Y,Y,1.0,0,333,HeatEntityEvaluator=1.7671323988300003
REMKEL1.txt-476,0,389,389,2,N,N,-,-1,-1,HeatEntityEvaluator=0.16134568281517242
MUSREM.txt-477,0,229,229,2,Y,Y,1.0,0,229,HeatEntityEvaluator=1.874707368796842
REMKEL1.txt-478,0,415,415,2,N,N,-,-1,-1,HeatEntityEvaluator=0.23919482942333334
MUSREM.txt-479,0,229,229,2,Y,Y,1.0,0,229,HeatEntityEvaluator=2.6659945519116666
REMKEL1.txt-480,0,217,217,1,Y,N,-,-1,-1,HeatEntityEvaluator=0.5085994405352942
MUSREM.txt-481,0,1235,1235,5,Y,Y,1.0,0,1235,HeatEntityEvaluator=1.766062864960377
REMKEL1.txt-482,0,1209,1209,6,N,N,-,-1,-1,HeatEntityEvaluator=0.2781719538116304
MUSREM.txt-483,0,267,267,2,Y,Y,1.0,0,267,HeatEntityEvaluator=1.0885577179171428
REMKEL1.txt-484,0,325,325,2,N,N,-,-1,-1,HeatEntityEvaluator=0.0
MUSREM.txt-485,0,531,531,3,Y,Y,1.0,0,531,HeatEntityEvaluator=1.382138834500408
REMKEL1.txt-486,0,548,548,4,Y,N,-,-1,-1,HeatEntityEvaluator=0.704582806446279
MUSREM.txt-487,0,563,563,5,Y,Y,1.0,0,563,HeatEntityEvaluator=1.10972547445675
REMKEL1.txt-488,0,410,410,3,N,N,-,-1,-1,HeatEntityEvaluator=0.25178331179147057
MUSREM.txt-489,0,1069,1069,7,Y,Y,1.0,0,1069,HeatEntityEvaluator=1.5079858255694507
REMKEL1.txt-490,0,1181,1181,9,N,N,-,-1,-1,HeatEntityEvaluator=0.12077879169620001
MUSREM.txt-491,0,343,343,1,Y,Y,1.0,0,343,HeatEntityEvaluator=1.4730362689725
REMKEL1.txt-492,0,268,268,2,Y,N,-,-1,-1,HeatEntityEvaluator=1.9833097277309089
OUSELEY.txt-493,0,2313,2313,14,Y,Y,1.0,0,2313,HeatEntityEvaluator=1.4395844199736167
OUSLEY.txt-494,0,2259,2259,18,N,N,-,-1,-1,HeatEntityEvaluator=0.35474738271105266
PILGRIM.txt-495,0,766,766,6,Y,Y,1.0,0,766,HeatEntityEvaluator=2.5113579315269225
OUSLEY.txt-496,0,1277,1277,6,N,N,-,-1,-1,HeatEntityEvaluator=0.04313080328
PILGRIM.txt-497,0,659,659,4,Y,Y,1.0,0,659,HeatEntityEvaluator=0.6183686317213725
OUSLEY.txt-498,0,750,750,4,Y,N,-,-1,-1,HeatEntityEvaluator=0.6091685214625863
PILGRIM.txt-499,0,940,940,4,Y,Y,1.0,0,940,HeatEntityEvaluator=0.5847669768662195
OUSLEY.txt-500,0,601,601,4,N,N,-,-1,-1,HeatEntityEvaluator=0.19768726958382976
PILGRIM.txt-501,0,962,962,9,Y,Y,1.0,0,962,HeatEntityEvaluator=1.1364425796113793
PILGRIM.txt-502,0,660,660,6,N,N,-,-1,-1,HeatEntityEvaluator=0.26346327835125
PILGRIM.txt-503,0,1470,1470,14,Y,Y,1.0,0,1470,HeatEntityEvaluator=1.6134197387482645
PILGRIM.txt-504,0,1324,1324,9,N,N,-,-1,-1,HeatEntityEvaluator=0.4083672795930928
PILGRIM.txt-505,0,406,406,3,N,Y,1.0,0,406,HeatEntityEvaluator=0.47222434790296297
PILGRIM.txt-506,0,262,262,1,N,N,-,-1,-1,HeatEntityEvaluator=0.21205533000185184
PILGRIM.txt-507,0,861,861,4,Y,Y,1.0,0,861,HeatEntityEvaluator=1.6060997411326585
PILGRIM.txt-508,0,679,679,3,N,N,-,-1,-1,HeatEntityEvaluator=0.03718172696551724
PILGRIM.txt-509,0,1981,1981,12,Y,Y,1.0,0,1981,HeatEntityEvaluator=1.4624493849337659
PILGRIM.txt-510,0,2094,2094,17,N,N,-,-1,-1,HeatEntityEvaluator=0.336509733299139
PILGRIM.txt-511,0,2501,2501,14,Y,Y,1.0,0,2501,HeatEntityEvaluator=1.2549780893014604
PILGRIM.txt-512,0,2650,2650,19,N,N,-,-1,-1,HeatEntityEvaluator=0.16082184814782607
PILGRIM.txt-513,0,554,554,4,Y,Y,1.0,0,554,HeatEntityEvaluator=1.8689499444024997
PILGRIM.txt-514,0,520,520,3,Y,N,-,-1,-1,HeatEntityEvaluator=0.587906231087907
PILGRIM.txt-515,0,1796,1796,19,Y,Y,1.0,0,1796,HeatEntityEvaluator=0.7869625573864028
PILGRIM.txt-516,0,1399,1399,12,Y,N,-,-1,-1,HeatEntityEvaluator=0.7515459394227049
PILGRIM.txt-517,0,1653,1653,12,Y,Y,1.0,0,1653,HeatEntityEvaluator=1.959703714575789
PILGRIM.txt-518,0,788,788,7,Y,N,-,-1,-1,HeatEntityEvaluator=0.7249323107710001
PILGRIM.txt-519,0,1507,1507,9,Y,Y,1.0,0,1507,HeatEntityEvaluator=1.3909535285308336
PILGRIM.txt-520,0,813,813,7,N,N,-,-1,-1,HeatEntityEvaluator=0.1870695546035135
PILGRIM.txt-521,0,1354,1354,8,Y,Y,1.0,0,1354,HeatEntityEvaluator=0.7261135701950001
PILGRIM.txt-522,0,936,936,8,Y,N,-,-1,-1,HeatEntityEvaluator=0.6511080529034178
RECMUS.txt-523,0,228,228,1,N,Y,1.0,0,228,HeatEntityEvaluator=0.15403858314285715
PILGRIM.txt-524,0,243,243,1,N,N,-,-1,-1,HeatEntityEvaluator=0.053913504099999995
RECMUS.txt-525,0,157,157,1,Y,Y,1.0,0,157,HeatEntityEvaluator=2.905347342473333
PILGRIM.txt-526,0,228,228,2,N,N,-,-1,-1,HeatEntityEvaluator=0.36194900697
RECMUS.txt-527,0,231,231,1,Y,Y,1.0,0,231,HeatEntityEvaluator=2.139179798771538
PILGRIM.txt-528,0,296,296,2,N,N,-,-1,-1,HeatEntityEvaluator=0.21011671723130435
RECMUS.txt-529,0,339,339,1,Y,Y,1.0,0,339,HeatEntityEvaluator=2.2904141912364517
PILGRIM.txt-530,0,316,316,2,N,N,-,-1,-1,HeatEntityEvaluator=0.35601732918
RECMUS.txt-531,0,228,228,2,Y,Y,1.0,0,228,HeatEntityEvaluator=2.771030927033684
PILGRIM.txt-532,0,298,298,2,N,N,-,-1,-1,HeatEntityEvaluator=0.13333801338846155
RECMUS.txt-533,0,128,128,2,Y,Y,1.0,0,128,HeatEntityEvaluator=2.204187416554545
PILGRIM.txt-534,0,258,258,1,N,N,-,-1,-1,HeatEntityEvaluator=0.04492792008333333
RECMUS.txt-535,0,126,126,1,N,Y,1.0,0,126,HeatEntityEvaluator=0.410651579422
PILGRIM.txt-536,0,240,240,2,N,N,-,-1,-1,HeatEntityEvaluator=0.0
RECMUS.txt-537,0,98,98,1,Y,Y,1.0,0,98,HeatEntityEvaluator=1.521575059892
PILGRIM.txt-538,0,133,133,2,Y,N,-,-1,-1,HeatEntityEvaluator=0.6869175926891667
RECMUS.txt-539,0,318,318,3,Y,Y,1.0,0,318,HeatEntityEvaluator=1.5675771238444116
PILGRIM.txt-540,0,441,441,2,Y,N,-,-1,-1,HeatEntityEvaluator=0.61036155657975
RECMUS.txt-541,0,386,386,2,Y,Y,1.0,0,386,HeatEntityEvaluator=2.0904046204838465
PILGRIM.txt-542,0,373,373,3,N,N,-,-1,-1,HeatEntityEvaluator=0.0
RECMUS.txt-543,0,140,140,2,Y,Y,1.0,0,140,HeatEntityEvaluator=1.388807058588182
PILGRIM.txt-544,0,147,147,1,N,N,-,-1,-1,HeatEntityEvaluator=0.0
RECMUS.txt-545,0,349,349,2,Y,Y,1.0,0,349,HeatEntityEvaluator=1.5521350874436364
PILGRIM.txt-546,0,477,477,5,N,N,-,-1,-1,HeatEntityEvaluator=0.41796005335342856
RECMUS.txt-547,0,331,331,2,Y,Y,1.0,0,331,HeatEntityEvaluator=2.29483179167
PILGRIM.txt-548,0,216,216,2,Y,N,-,-1,-1,HeatEntityEvaluator=0.87346188331
RECMUS.txt-549,0,706,706,2,Y,Y,1.0,0,706,HeatEntityEvaluator=2.3698019814271665
PILGRIM.txt-550,0,651,651,6,N,N,-,-1,-1,HeatEntityEvaluator=0.1609809707092157
RECMUS.txt-551,0,265,265,4,Y,Y,1.0,0,265,HeatEntityEvaluator=1.659474915915
PILGRIM.txt-552,0,249,249,2,N,N,-,-1,-1,HeatEntityEvaluator=0.04313080328
RECMUS.txt-553,0,391,391,3,Y,Y,1.0,0,391,HeatEntityEvaluator=1.2336765859990908
PILGRIM.txt-554,0,360,360,2,N,N,-,-1,-1,HeatEntityEvaluator=0.0
RECMUS.txt-555,0,350,350,2,Y,Y,1.0,0,350,HeatEntityEvaluator=1.6320654922716669
PILGRIM.txt-556,0,288,288,4,N,N,-,-1,-1,HeatEntityEvaluator=0.0
RECMUS.txt-557,0,491,491,5,Y,Y,1.0,0,491,HeatEntityEvaluator=0.681501523476111
PILGRIM.txt-558,0,338,338,4,N,N,-,-1,-1,HeatEntityEvaluator=0.2995385350924138
RECMUS.txt-559,0,358,358,2,Y,Y,1.0,0,358,HeatEntityEvaluator=1.584182122323077
PILGRIM.txt-560,0,214,214,2,N,N,-,-1,-1,HeatEntityEvaluator=0.0
RECMUS.txt-561,0,125,125,1,Y,Y,1.0,0,125,HeatEntityEvaluator=2.14477637302
PILGRIM.txt-562,0,106,106,1,N,N,-,-1,-1,HeatEntityEvaluator=0.0
RECMUS.txt-563,0,258,258,2,Y,Y,1.0,0,258,HeatEntityEvaluator=2.2867409254526088
PILGRIM.txt-564,0,227,227,1,N,N,-,-1,-1,HeatEntityEvaluator=0.067391880125
RECMUS.txt-565,0,341,341,5,Y,Y,1.0,0,341,HeatEntityEvaluator=2.3089010989482355
PILGRIM.txt-566,0,342,342,2,N,N,-,-1,-1,HeatEntityEvaluator=0.16670383667730768
RECMUS.txt-567,0,168,168,1,Y,Y,1.0,0,168,HeatEntityEvaluator=1.7706858193011112
PILGRIM.txt-568,0,177,177,1,N,N,-,-1,-1,HeatEntityEvaluator=0.0
RECMUS.txt-569,0,704,704,6,Y,Y,1.0,0,704,HeatEntityEvaluator=1.7082399850256063
PILGRIM.txt-570,0,1193,1193,12,N,N,-,-1,-1,HeatEntityEvaluator=0.06613387535816326
RECMUS.txt-571,0,164,164,2,Y,Y,1.0,0,164,HeatEntityEvaluator=2.803043139440625
PILGRIM.txt-572,0,328,328,2,N,N,-,-1,-1,HeatEntityEvaluator=0.0
RECMUS.txt-573,0,510,510,3,Y,Y,1.0,0,510,HeatEntityEvaluator=2.111563873248
PILGRIM.txt-574,0,447,447,2,N,N,-,-1,-1,HeatEntityEvaluator=0.12541085108421052
RECMUS.txt-575,0,280,280,3,Y,Y,1.0,0,280,HeatEntityEvaluator=2.504981854391667
RECMUS.txt-576,0,312,312,1,Y,N,-,-1,-1,HeatEntityEvaluator=0.598086310187
RECMUS.txt-577,0,491,491,2,Y,Y,1.0,0,491,HeatEntityEvaluator=3.0740667293056254
RECMUS.txt-578,0,457,457,3,Y,N,-,-1,-1,HeatEntityEvaluator=0.9748765150234211
RECMUS.txt-579,0,348,348,3,Y,Y,1.0,0,348,HeatEntityEvaluator=2.2077941621534483
RECMUS.txt-580,0,296,296,2,N,N,-,-1,-1,HeatEntityEvaluator=0.41170338425450004
RECMUS.txt-581,0,435,435,4,Y,Y,1.0,0,435,HeatEntityEvaluator=0.9358965692516216
RECMUS.txt-582,0,449,449,3,Y,N,-,-1,-1,HeatEntityEvaluator=0.6918084535871053
RECMUS.txt-583,0,445,445,3,Y,Y,1.0,0,445,HeatEntityEvaluator=1.8343519419102634
PILGRIM.txt-584,0,455,455,4,Y,N,-,-1,-1,HeatEntityEvaluator=0.6283086349367742
RECMUS.txt-585,0,250,250,2,Y,Y,1.0,0,250,HeatEntityEvaluator=1.7108099578222222
PILGRIM.txt-586,0,220,220,2,Y,N,-,-1,-1,HeatEntityEvaluator=1.1090015348609523
RECMUS.txt-587,0,262,262,3,Y,Y,1.0,0,262,HeatEntityEvaluator=2.9614577765379164
PILGRIM.txt-588,0,296,296,4,N,N,-,-1,-1,HeatEntityEvaluator=0.32969508104458334
RECMUS.txt-589,0,269,269,3,Y,Y,1.0,0,269,HeatEntityEvaluator=1.7242718326437934
PILGRIM.txt-590,0,231,231,3,N,N,-,-1,-1,HeatEntityEvaluator=0.2294052200086364
RECMUS.txt-591,0,401,401,2,Y,Y,1.0,0,401,HeatEntityEvaluator=2.596486654628205
PILGRIM.txt-592,0,374,374,2,N,N,-,-1,-1,HeatEntityEvaluator=0.18142934924727275
RECMUS.txt-593,0,231,231,2,Y,Y,1.0,0,231,HeatEntityEvaluator=1.3709072916528
PILGRIM.txt-594,0,206,206,2,Y,N,-,-1,-1,HeatEntityEvaluator=0.6625868608671429
RECMUS.txt-595,0,742,742,10,Y,Y,1.0,0,742,HeatEntityEvaluator=1.5328183952793106
PILGRIM.txt-596,0,678,678,5,Y,N,-,-1,-1,HeatEntityEvaluator=0.7685985069782691
RECMUS.txt-597,0,357,357,1,Y,Y,1.0,0,357,HeatEntityEvaluator=2.2462456832228948
PILGRIM.txt-598,0,325,325,2,N,N,-,-1,-1,HeatEntityEvaluator=0.1905985901304
RECMUS.txt-599,0,419,419,2,Y,Y,1.0,0,419,HeatEntityEvaluator=2.31687403058025
PILGRIM.txt-600,0,392,392,4,Y,N,-,-1,-1,HeatEntityEvaluator=0.6074043513978787
RECMUS.txt-601,0,279,279,3,Y,Y,1.0,0,279,HeatEntityEvaluator=2.7448049345025
PILGRIM.txt-602,0,176,176,2,N,N,-,-1,-1,HeatEntityEvaluator=0.0
RECMUS.txt-603,0,199,199,2,Y,Y,1.0,0,199,HeatEntityEvaluator=2.922197717763125
RECMUS.txt-604,0,460,460,3,N,N,-,-1,-1,HeatEntityEvaluator=0.23626702863179488
RECMUS.txt-605,0,146,146,1,Y,Y,1.0,0,146,HeatEntityEvaluator=2.297410170603571
RECMUS.txt-606,0,283,283,1,N,N,-,-1,-1,HeatEntityEvaluator=0.44018036751
RECMUS.txt-607,0,265,265,4,Y,Y,1.0,0,265,HeatEntityEvaluator=0.7956109113200001
RECMUS.txt-608,0,234,234,1,N,N,-,-1,-1,HeatEntityEvaluator=0.05675105694736842
RECMUS.txt-609,0,492,492,2,Y,Y,1.0,0,492,HeatEntityEvaluator=2.7077561378808337
RECMUS.txt-610,0,299,299,2,Y,N,-,-1,-1,HeatEntityEvaluator=1.3402029055067999
RECMUS.txt-611,0,306,306,3,Y,Y,1.0,0,306,HeatEntityEvaluator=1.5970607813221742
RECMUS.txt-612,0,314,314,2,N,N,-,-1,-1,HeatEntityEvaluator=0.36293273595583336
RECMUS.txt-613,0,162,162,3,Y,Y,1.0,0,162,HeatEntityEvaluator=2.6448821238050004
RECMUS.txt-614,0,174,174,1,Y,N,-,-1,-1,HeatEntityEvaluator=0.8582161201137499
RECMUS.txt-615,0,200,200,1,Y,Y,1.0,0,200,HeatEntityEvaluator=4.101906765533914
RECMUS.txt-616,0,115,115,1,Y,N,-,-1,-1,HeatEntityEvaluator=1.4395689192214287
RECMUS.txt-617,0,111,111,1,Y,Y,1.0,0,111,HeatEntityEvaluator=0.8446637882218181
RECMUS.txt-618,0,144,144,1,N,N,-,-1,-1,HeatEntityEvaluator=0.38054550384
RECMUS.txt-619,0,222,222,3,Y,Y,1.0,0,222,HeatEntityEvaluator=1.6553121027026318
RECMUS.txt-620,0,190,190,3,Y,N,-,-1,-1,HeatEntityEvaluator=0.747918330974706
RECOLL.txt-621,0,904,904,6,Y,Y,1.0,0,904,HeatEntityEvaluator=2.6212208511182555
RECMUS.txt-622,0,832,832,5,Y,N,-,-1,-1,HeatEntityEvaluator=0.581743885554
RECOLL.txt-623,0,537,537,3,Y,Y,1.0,0,537,HeatEntityEvaluator=1.7239234876197873
RECMUS.txt-624,0,435,435,5,N,N,-,-1,-1,HeatEntityEvaluator=0.4811129141355172
RECOLL.txt-625,0,179,179,1,Y,Y,1.0,0,179,HeatEntityEvaluator=0.8203917242800001
RECMUS.txt-626,0,261,261,3,N,N,-,-1,-1,HeatEntityEvaluator=0.0
RECOLL.txt-627,0,312,312,4,Y,Y,1.0,0,312,HeatEntityEvaluator=1.9367928082977781
RECMUS.txt-628,0,399,399,4,N,N,-,-1,-1,HeatEntityEvaluator=0.0336959400625
RECOLL.txt-629,0,372,372,4,Y,Y,1.0,0,372,HeatEntityEvaluator=1.7332716197100004
RECMUS.txt-630,0,197,197,2,N,N,-,-1,-1,HeatEntityEvaluator=0.0
RECOLL.txt-631,0,647,647,7,Y,Y,1.0,0,647,HeatEntityEvaluator=1.2881184968346002
RECOLL.txt-632,0,508,508,3,Y,N,-,-1,-1,HeatEntityEvaluator=1.0497359893007316
RECOLL.txt-633,0,602,602,4,Y,Y,1.0,0,602,HeatEntityEvaluator=2.859678980640625
RECOLL.txt-634,0,494,494,4,Y,N,-,-1,-1,HeatEntityEvaluator=0.6050730885915
RECOLL.txt-635,0,1212,1212,15,Y,Y,1.0,0,1212,HeatEntityEvaluator=2.4291735840068314
RECOLL.txt-636,0,1260,1260,9,Y,N,-,-1,-1,HeatEntityEvaluator=0.9987085757607216
RECOLL.txt-637,0,279,279,2,Y,Y,1.0,0,279,HeatEntityEvaluator=1.9693161790365383
RECOLL.txt-638,0,320,320,2,Y,N,-,-1,-1,HeatEntityEvaluator=0.8183791050916
RECOLL.txt-639,0,491,491,5,Y,Y,1.0,0,491,HeatEntityEvaluator=1.6178857816079073
RECOLL.txt-640,0,516,516,4,N,N,-,-1,-1,HeatEntityEvaluator=0.08474972490595238
RECOLL.txt-641,0,664,664,7,Y,Y,1.0,0,664,HeatEntityEvaluator=1.6561464123871932
RECOLL.txt-642,0,561,561,4,N,N,-,-1,-1,HeatEntityEvaluator=0.41519331336224996
RECOLL.txt-643,0,1004,1004,8,Y,Y,1.0,0,1004,HeatEntityEvaluator=1.2559427645534067
RECOLL.txt-644,0,687,687,6,Y,N,-,-1,-1,HeatEntityEvaluator=1.0540734171298245
RECOLL.txt-645,0,824,824,8,Y,Y,1.0,0,824,HeatEntityEvaluator=0.6058432520391177
RECOLL.txt-646,0,679,679,4,N,N,-,-1,-1,HeatEntityEvaluator=0.309982811241
RECOLL.txt-647,0,447,447,3,Y,Y,1.0,0,447,HeatEntityEvaluator=1.8586355412152176
RECOLL.txt-648,0,570,570,2,N,N,-,-1,-1,HeatEntityEvaluator=0.4488200527724999
RECOLL.txt-649,0,598,598,3,Y,Y,1.0,0,598,HeatEntityEvaluator=1.254442006123148
RECOLL.txt-650,0,521,521,3,N,N,-,-1,-1,HeatEntityEvaluator=0.13624621259833333
RECOLL.txt-651,0,506,506,4,Y,Y,1.0,0,506,HeatEntityEvaluator=1.857271700484902
RECOLL.txt-652,0,675,675,4,Y,N,-,-1,-1,HeatEntityEvaluator=1.072700430750678
RECOLL.txt-653,0,328,328,4,Y,Y,1.0,0,328,HeatEntityEvaluator=1.0623197508396551
RECOLL.txt-654,0,321,321,3,N,N,-,-1,-1,HeatEntityEvaluator=0.20385496327039998
RECOLL.txt-655,0,1001,1001,7,Y,Y,1.0,0,1001,HeatEntityEvaluator=1.9349280712043428
RECOLL.txt-656,0,754,754,7,Y,N,-,-1,-1,HeatEntityEvaluator=0.6977586240177418
RECOLL.txt-657,0,604,604,4,Y,Y,1.0,0,604,HeatEntityEvaluator=1.750849127013621
RECOLL.txt-658,0,692,692,6,N,N,-,-1,-1,HeatEntityEvaluator=0.33309578065867645
RECOLL.txt-659,0,989,989,7,Y,Y,1.0,0,989,HeatEntityEvaluator=2.35907731398043
RECOLL.txt-660,0,1047,1047,9,Y,N,-,-1,-1,HeatEntityEvaluator=0.5481230958665853
RECOLL.txt-661,0,208,208,2,Y,Y,1.0,0,208,HeatEntityEvaluator=2.1014325040305555
RECOLL.txt-662,0,224,224,3,Y,N,-,-1,-1,HeatEntityEvaluator=0.7854174819044446
RECOLL.txt-663,0,512,512,5,Y,Y,1.0,0,512,HeatEntityEvaluator=2.477666977608864
RECOLL.txt-664,0,502,502,4,Y,N,-,-1,-1,HeatEntityEvaluator=0.8818759276397675
RECOLL.txt-665,0,493,493,4,Y,Y,1.0,0,493,HeatEntityEvaluator=2.481550190532273
RECOLL.txt-666,0,362,362,5,N,N,-,-1,-1,HeatEntityEvaluator=0.3314767315818518
REMKEL1.txt-667,0,1028,1028,7,Y,Y,1.0,0,1028,HeatEntityEvaluator=1.5455741456948888
RECOLL.txt-668,0,1269,1269,11,N,N,-,-1,-1,HeatEntityEvaluator=0.37935623798766993
REMKEL1.txt-669,0,646,646,1,Y,Y,1.0,0,646,HeatEntityEvaluator=0.6271278732395555
REMKEL1.txt-670,0,318,318,2,Y,N,-,-1,-1,HeatEntityEvaluator=0.55544730661
REMKEL1.txt-671,0,563,563,3,Y,Y,1.0,0,563,HeatEntityEvaluator=0.9081824499517778
REMKEL1.txt-672,0,542,542,3,N,N,-,-1,-1,HeatEntityEvaluator=0.0501520968372093
REMKEL1.txt-673,0,546,546,4,Y,Y,1.0,0,546,HeatEntityEvaluator=1.5946272034444005
REMKEL1.txt-674,0,406,406,2,Y,N,-,-1,-1,HeatEntityEvaluator=0.5272416591390625
REMKEL1.txt-675,0,564,564,3,Y,Y,1.0,0,564,HeatEntityEvaluator=1.7080408664212001
REMKEL1.txt-676,0,503,503,10,N,N,-,-1,-1,HeatEntityEvaluator=0.3717291237566667
REMKEL1.txt-677,0,399,399,1,Y,Y,1.0,0,399,HeatEntityEvaluator=0.8220592521056757
REMKEL1.txt-678,0,607,607,10,N,N,-,-1,-1,HeatEntityEvaluator=0.09679621361439024
REMKEL1.txt-679,0,462,462,4,N,Y,1.0,0,462,HeatEntityEvaluator=0.43083274417799994
REMKEL1.txt-680,0,481,481,2,N,N,-,-1,-1,HeatEntityEvaluator=0.22344451995048778
REMKEL1.txt-681,0,1000,1000,7,Y,Y,1.0,0,1000,HeatEntityEvaluator=1.3022005241637804
REMKEL1.txt-682,0,826,826,3,N,N,-,-1,-1,HeatEntityEvaluator=0.375320833262459
REMKEL1.txt-683,0,852,852,4,Y,Y,1.0,0,852,HeatEntityEvaluator=1.1927049547021336
REMKEL1.txt-684,0,819,819,5,N,N,-,-1,-1,HeatEntityEvaluator=0.15969142279703125
REMKEL1.txt-685,0,862,862,8,Y,Y,1.0,0,862,HeatEntityEvaluator=1.3664435844322225
REMKEL1.txt-686,0,835,835,5,N,N,-,-1,-1,HeatEntityEvaluator=0.14082202487289855
REMKEL1.txt-687,0,446,446,2,Y,Y,1.0,0,446,HeatEntityEvaluator=1.950316687243696
REMKEL1.txt-688,0,325,325,3,Y,N,-,-1,-1,HeatEntityEvaluator=0.8062926911026923
REMKEL1.txt-689,0,433,433,3,Y,Y,1.0,0,433,HeatEntityEvaluator=0.6867633906871794
REMKEL1.txt-690,0,443,443,4,N,N,-,-1,-1,HeatEntityEvaluator=0.11654694260545455
REMKEL1.txt-691,0,1002,1002,5,Y,Y,1.0,0,1002,HeatEntityEvaluator=1.4992220785589412
REMKEL1.txt-692,0,997,997,8,Y,N,-,-1,-1,HeatEntityEvaluator=0.7277983392651316
REMKEL1.txt-693,0,665,665,6,Y,Y,1.0,0,665,HeatEntityEvaluator=1.1057959949073215
REMKEL1.txt-694,0,790,790,3,N,N,-,-1,-1,HeatEntityEvaluator=0.13879504074614035
REMKEL1.txt-695,0,909,909,6,Y,Y,1.0,0,909,HeatEntityEvaluator=1.5863837097032942
REMKEL1.txt-696,0,676,676,4,N,N,-,-1,-1,HeatEntityEvaluator=0.062207889346153844
REMKEL1.txt-697,0,1285,1285,10,Y,Y,1.0,0,1285,HeatEntityEvaluator=0.5947971839144546
REMKEL1.txt-698,0,1245,1245,7,N,N,-,-1,-1,HeatEntityEvaluator=0.14075467408914286
REMKEL1.txt-699,0,553,553,1,Y,Y,1.0,0,553,HeatEntityEvaluator=1.6115464228840422
REMKEL1.txt-700,0,549,549,1,Y,N,-,-1,-1,HeatEntityEvaluator=0.5616562536023809
REMKEL1.txt-701,0,1172,1172,6,Y,Y,1.0,0,1172,HeatEntityEvaluator=0.9500081374402127
REMKEL1.txt-702,0,1034,1034,9,Y,N,-,-1,-1,HeatEntityEvaluator=0.7042012753029788
REMKEL1.txt-703,0,527,527,3,Y,Y,1.0,0,527,HeatEntityEvaluator=0.9709698373937778
REMKEL1.txt-704,0,308,308,3,N,N,-,-1,-1,HeatEntityEvaluator=0.21258394751049997
REMKEL1.txt-705,0,953,953,6,Y,Y,1.0,0,953,HeatEntityEvaluator=1.2592940364423075
REMKEL1.txt-706,0,920,920,7,N,N,-,-1,-1,HeatEntityEvaluator=0.3978971160973077
REMKEL1.txt-707,0,573,573,4,Y,Y,1.0,0,573,HeatEntityEvaluator=1.5045790601274471
REMKEL1.txt-708,0,540,540,2,N,N,-,-1,-1,HeatEntityEvaluator=0.3731891121697143
REMKEL1.txt-709,0,1833,1833,11,Y,Y,1.0,0,1833,HeatEntityEvaluator=1.699200003905125
REMKEL1.txt-710,0,1405,1405,9,N,N,-,-1,-1,HeatEntityEvaluator=0.3256200103545536
REMKEL1.txt-711,0,2384,2384,12,Y,Y,1.0,0,2384,HeatEntityEvaluator=2.1233031393318176
REMKEL1.txt-712,0,1742,1742,12,N,N,-,-1,-1,HeatEntityEvaluator=0.4138741304351851
REMKEL1.txt-713,0,841,841,8,Y,Y,1.0,0,841,HeatEntityEvaluator=1.3488159328784377
REMKEL1.txt-714,0,904,904,6,N,N,-,-1,-1,HeatEntityEvaluator=0.34812651744310813
REMKEL1.txt-715,0,1556,1556,9,Y,Y,1.0,0,1556,HeatEntityEvaluator=0.9444230840150422
REMKEL1.txt-716,0,692,692,3,N,N,-,-1,-1,HeatEntityEvaluator=0.17428445984115384
REMKEL1.txt-717,0,5668,5668,33,Y,Y,1.0,0,5668,HeatEntityEvaluator=1.119722076083156
GRONOW.txt-718,0,5304,5304,22,N,N,-,-1,-1,HeatEntityEvaluator=0.381331645019431
REMKEL1.txt-719,0,2042,2042,16,Y,Y,1.0,0,2042,HeatEntityEvaluator=0.9062122395668589
REMKEL1.txt-720,0,2204,2204,15,N,N,-,-1,-1,HeatEntityEvaluator=0.18092987537242425
REMKEL1.txt-721,0,3558,3558,18,N,Y,1.0,0,3558,HeatEntityEvaluator=0.48670381328646656
REMKEL1.txt-722,0,3532,3532,21,Y,N,-,-1,-1,HeatEntityEvaluator=0.5451378848429967
REMKEL1.txt-723,0,3445,3445,21,Y,Y,1.0,0,3445,HeatEntityEvaluator=1.8238015734881703
GRONOW.txt-724,0,3797,3797,18,N,N,-,-1,-1,HeatEntityEvaluator=0.2324444230731271
REMKEL1.txt-725,0,1183,1183,8,Y,Y,1.0,0,1183,HeatEntityEvaluator=0.6148098059870104
REMKEL1.txt-726,0,1317,1317,7,Y,N,-,-1,-1,HeatEntityEvaluator=0.596745498688022
REMKEL1.txt-727,0,1259,1259,7,Y,Y,1.0,0,1259,HeatEntityEvaluator=0.9118470758011341
REMKEL1.txt-728,0,1355,1355,7,N,N,-,-1,-1,HeatEntityEvaluator=0.47946307129850874
REMKEL2.txt-729,0,190,190,2,N,Y,1.0,0,190,HeatEntityEvaluator=0.3140833467425
REMKEL1.txt-730,0,539,539,4,N,N,-,-1,-1,HeatEntityEvaluator=0.3323881821825
REMKEL2.txt-731,0,761,761,4,Y,Y,1.0,0,761,HeatEntityEvaluator=1.7744879202538464
REMKEL1.txt-732,0,580,580,4,N,N,-,-1,-1,HeatEntityEvaluator=0.21234027016333332
REMKEL2.txt-733,0,288,288,1,Y,Y,1.0,0,288,HeatEntityEvaluator=1.0834865155103703
REMKEL1.txt-734,0,191,191,1,Y,N,-,-1,-1,HeatEntityEvaluator=2.0029027249305553
REMKEL2.txt-735,0,189,189,2,Y,Y,1.0,0,189,HeatEntityEvaluator=2.110793102628235
REMKEL1.txt-736,0,285,285,2,N,N,-,-1,-1,HeatEntityEvaluator=0.04688130791304348
REMKEL2.txt-737,0,760,760,5,Y,Y,1.0,0,760,HeatEntityEvaluator=2.319363632029594
REMKEL1.txt-738,0,529,529,3,N,N,-,-1,-1,HeatEntityEvaluator=0.17780623521512195
REMKEL2.txt-739,0,253,253,3,Y,Y,1.0,0,253,HeatEntityEvaluator=1.3884133714981817
REMKEL1.txt-740,0,477,477,5,Y,N,-,-1,-1,HeatEntityEvaluator=0.5191020996154054
REMKEL2.txt-741,0,377,377,2,Y,Y,1.0,0,377,HeatEntityEvaluator=0.7092480955448276
REMKEL1.txt-742,0,394,394,3,N,N,-,-1,-1,HeatEntityEvaluator=0.2724866533745454
REMKEL2.txt-743,0,637,637,5,N,Y,1.0,0,637,HeatEntityEvaluator=0.38684902623051726
REMKEL1.txt-744,0,971,971,7,N,N,-,-1,-1,HeatEntityEvaluator=0.3596606991841976
REMKEL2.txt-745,0,523,523,3,Y,Y,1.0,0,523,HeatEntityEvaluator=1.665422642565
REMKEL1.txt-746,0,392,392,3,N,N,-,-1,-1,HeatEntityEvaluator=0.11447343494766667
REMKEL2.txt-747,0,922,922,6,Y,Y,1.0,0,922,HeatEntityEvaluator=0.5538320432508107
REMKEL1.txt-748,0,1046,1046,5,N,N,-,-1,-1,HeatEntityEvaluator=0.36129262916925925
REMKEL2.txt-749,0,633,633,4,N,Y,1.0,0,633,HeatEntityEvaluator=0.18898567532749996
REMKEL1.txt-750,0,575,575,4,Y,N,-,-1,-1,HeatEntityEvaluator=0.5734917241266667
REMKEL2.txt-751,0,344,344,2,Y,Y,1.0,0,344,HeatEntityEvaluator=0.7002754132478571
REMKEL2.txt-752,0,188,188,1,Y,N,-,-1,-1,HeatEntityEvaluator=1.0363801849815384
REMKEL2.txt-753,0,1021,1021,5,Y,Y,1.0,0,1021,HeatEntityEvaluator=2.170073045682625
REMKEL2.txt-754,0,464,464,3,N,N,-,-1,-1,HeatEntityEvaluator=0.37987583847516126
REMKEL2.txt-755,0,504,504,3,Y,Y,1.0,0,504,HeatEntityEvaluator=0.6451882509597726
REMKEL2.txt-756,0,674,674,5,N,N,-,-1,-1,HeatEntityEvaluator=0.44127461305
REMKEL2.txt-757,0,348,348,2,Y,Y,1.0,0,348,HeatEntityEvaluator=1.985343039609412
REMKEL2.txt-758,0,484,484,3,Y,N,-,-1,-1,HeatEntityEvaluator=0.7687320824453124
REMKEL2.txt-759,0,706,706,5,Y,Y,1.0,0,706,HeatEntityEvaluator=0.5576147495491071
REMKEL2.txt-760,0,761,761,2,N,N,-,-1,-1,HeatEntityEvaluator=0.36058111821775857
REMKEL2.txt-761,0,1026,1026,7,Y,Y,1.0,0,1026,HeatEntityEvaluator=1.7968421038618998
REMKEL2.txt-762,0,727,727,5,N,N,-,-1,-1,HeatEntityEvaluator=0.23992584400078434
REMKEL2.txt-763,0,455,455,5,Y,Y,1.0,0,455,HeatEntityEvaluator=1.1111980650086841
REMKEL2.txt-764,0,467,467,3,N,N,-,-1,-1,HeatEntityEvaluator=0.13573803429405407
REMKEL2.txt-765,0,635,635,6,Y,Y,1.0,0,635,HeatEntityEvaluator=1.762850271241186
REMKEL2.txt-766,0,400,400,3,Y,N,-,-1,-1,HeatEntityEvaluator=1.0096804335335714
REMKEL2.txt-767,0,566,566,4,Y,Y,1.0,0,566,HeatEntityEvaluator=1.0347278578252175
REMKEL2.txt-768,0,529,529,6,Y,N,-,-1,-1,HeatEntityEvaluator=0.882616964065
REMKEL2.txt-769,0,388,388,3,Y,Y,1.0,0,388,HeatEntityEvaluator=0.878951202778
REMKEL2.txt-770,0,403,403,3,Y,N,-,-1,-1,HeatEntityEvaluator=0.5241829629626471
REMKEL2.txt-771,0,226,226,3,Y,Y,1.0,0,226,HeatEntityEvaluator=1.7486094814209525
REMKEL2.txt-772,0,318,318,2,Y,N,-,-1,-1,HeatEntityEvaluator=1.0870119341088889
REMKEL2.txt-773,0,525,525,2,Y,Y,1.0,0,525,HeatEntityEvaluator=1.2454787616476088
REMKEL2.txt-774,0,374,374,2,Y,N,-,-1,-1,HeatEntityEvaluator=0.9212697920109374
REMKEL2.txt-775,0,540,540,3,Y,Y,1.0,0,540,HeatEntityEvaluator=1.026975669285
REMKEL2.txt-776,0,612,612,2,N,N,-,-1,-1,HeatEntityEvaluator=0.33600526247159995
REMKEL2.txt-777,0,558,558,2,Y,Y,1.0,0,558,HeatEntityEvaluator=0.9864513124575
REMKEL2.txt-778,0,568,568,3,Y,N,-,-1,-1,HeatEntityEvaluator=0.6576218135446666
REMKEL2.txt-779,0,345,345,2,N,Y,1.0,0,345,HeatEntityEvaluator=0.38047067111833327
REMKEL2.txt-780,0,282,282,2,Y,N,-,-1,-1,HeatEntityEvaluator=0.614287316991
REMKEL2.txt-781,0,448,448,2,Y,Y,1.0,0,448,HeatEntityEvaluator=0.7313963023346666
REMKEL2.txt-782,0,395,395,3,N,N,-,-1,-1,HeatEntityEvaluator=0.30891639606119997
REMKEL2.txt-783,0,748,748,6,Y,Y,1.0,0,748,HeatEntityEvaluator=0.7627753779412901
REMKEL2.txt-784,0,282,282,3,N,N,-,-1,-1,HeatEntityEvaluator=0.23218020387529412
REMKEL2.txt-785,0,691,691,3,Y,Y,1.0,0,691,HeatEntityEvaluator=0.8614632677193105
REMKEL2.txt-786,0,442,442,2,N,N,-,-1,-1,HeatEntityEvaluator=0.4641607527994736
REMKEL2.txt-787,0,310,310,2,N,Y,1.0,0,310,HeatEntityEvaluator=0.46463661633759995
REMKEL2.txt-788,0,610,610,3,Y,N,-,-1,-1,HeatEntityEvaluator=1.1889941397657897
REMKEL2.txt-789,0,147,147,2,Y,Y,1.0,0,147,HeatEntityEvaluator=2.12812523204125
REMKEL2.txt-790,0,488,488,2,N,N,-,-1,-1,HeatEntityEvaluator=0.2570003273709756
REMKEL2.txt-791,0,175,175,2,Y,Y,1.0,0,175,HeatEntityEvaluator=1.4292583470815385
REMKEL2.txt-792,0,799,799,3,N,N,-,-1,-1,HeatEntityEvaluator=0.3930933311585
REMKEL2.txt-793,0,546,546,2,Y,Y,1.0,0,546,HeatEntityEvaluator=1.0434060904166669
REMKEL2.txt-794,0,458,458,2,Y,N,-,-1,-1,HeatEntityEvaluator=0.9647297706044737
REMKEL2.txt-795,0,936,936,7,Y,Y,1.0,0,936,HeatEntityEvaluator=1.058537286245122
REMKEL2.txt-796,0,631,631,3,N,N,-,-1,-1,HeatEntityEvaluator=0.38604836383980395
REMKEL2.txt-797,0,476,476,2,Y,Y,1.0,0,476,HeatEntityEvaluator=0.76116149655
REMKEL2.txt-798,0,530,530,1,Y,N,-,-1,-1,HeatEntityEvaluator=0.7455735448457779
REMKEL2.txt-799,0,695,695,5,N,Y,1.0,0,695,HeatEntityEvaluator=0.35752545154019605
REMKEL2.txt-800,0,787,787,2,N,N,-,-1,-1,HeatEntityEvaluator=0.28067643318761193
REMKEL2.txt-801,0,194,194,2,Y,Y,1.0,0,194,HeatEntityEvaluator=1.292087741715294
REMKEL2.txt-802,0,262,262,1,N,N,-,-1,-1,HeatEntityEvaluator=0.053913504099999995
REMKEL2.txt-803,0,193,193,1,Y,Y,1.0,0,193,HeatEntityEvaluator=1.2315174802331579
REMKEL2.txt-804,0,308,308,2,N,N,-,-1,-1,HeatEntityEvaluator=0.04492792008333333
REMKEL2.txt-805,0,330,330,4,N,Y,1.0,0,330,HeatEntityEvaluator=0.3634357222163636
REMKEL2.txt-806,0,497,497,4,N,N,-,-1,-1,HeatEntityEvaluator=0.08087025615
REMKEL2.txt-807,0,1358,1358,6,Y,Y,1.0,0,1358,HeatEntityEvaluator=1.8142402915121418
REMKEL2.txt-808,0,1335,1335,7,N,N,-,-1,-1,HeatEntityEvaluator=0.3576583333244954
REMKEL2.txt-809,0,397,397,3,Y,Y,1.0,0,397,HeatEntityEvaluator=1.4103828125608335
REMKEL2.txt-810,0,201,201,1,N,N,-,-1,-1,HeatEntityEvaluator=0.0
REMKEL2.txt-811,0,792,792,3,Y,Y,1.0,0,792,HeatEntityEvaluator=1.31101132672
REMKEL2.txt-812,0,451,451,1,N,N,-,-1,-1,HeatEntityEvaluator=0.0
REMKEL2.txt-813,0,226,226,2,Y,Y,1.0,0,226,HeatEntityEvaluator=0.7729839480923999
REMKEL2.txt-814,0,387,387,1,N,N,-,-1,-1,HeatEntityEvaluator=0.0
REMKEL2.txt-815,0,1334,1334,10,Y,Y,1.0,0,1334,HeatEntityEvaluator=1.2568378097115178
REMKEL2.txt-816,0,779,779,4,Y,N,-,-1,-1,HeatEntityEvaluator=0.6621642783991228
REMKEL2.txt-817,0,1431,1431,11,Y,Y,1.0,0,1431,HeatEntityEvaluator=1.04366111348
REMKEL2.txt-818,0,862,862,3,N,N,-,-1,-1,HeatEntityEvaluator=0.2196006315708197
REMKEL2.txt-819,0,481,481,2,Y,Y,1.0,0,481,HeatEntityEvaluator=1.168154119067381
REMKEL2.txt-820,0,603,603,3,N,N,-,-1,-1,HeatEntityEvaluator=0.0
REMKEL2.txt-821,0,175,175,2,Y,Y,1.0,0,175,HeatEntityEvaluator=1.2091628915146666
REMKEL2.txt-822,0,93,93,1,N,N,-,-1,-1,HeatEntityEvaluator=0.0
REMKEL2.txt-823,0,252,252,1,N,Y,1.0,0,252,HeatEntityEvaluator=0.08626160656
REMKEL2.txt-824,0,432,432,1,N,N,-,-1,-1,HeatEntityEvaluator=0.14752868602588234
REMKEL2.txt-825,0,311,311,2,Y,Y,1.0,0,311,HeatEntityEvaluator=1.216602010035
REMKEL2.txt-826,0,450,450,3,N,N,-,-1,-1,HeatEntityEvaluator=0.0
REOPER.txt-827,0,648,648,2,Y,Y,1.0,0,648,HeatEntityEvaluator=0.9755945907912069
REMKEL2.txt-828,0,844,844,5,N,N,-,-1,-1,HeatEntityEvaluator=0.0
REOPER.txt-829,0,879,879,6,Y,Y,1.0,0,879,HeatEntityEvaluator=1.1493946195558824
REOPER.txt-830,0,605,605,2,Y,N,-,-1,-1,HeatEntityEvaluator=0.8698731076742001
REOPER.txt-831,0,1091,1091,7,Y,Y,1.0,0,1091,HeatEntityEvaluator=1.3071452863319355
REOPER.txt-832,0,1039,1039,6,Y,N,-,-1,-1,HeatEntityEvaluator=0.7499334517074712
REOPER.txt-833,0,906,906,4,Y,Y,1.0,0,906,HeatEntityEvaluator=1.0914243264176924
REOPER.txt-834,0,1029,1029,7,N,N,-,-1,-1,HeatEntityEvaluator=0.3715617525559259
REOPER.txt-835,0,833,833,7,Y,Y,1.0,0,833,HeatEntityEvaluator=1.1709391340650748
REOPER.txt-836,0,474,474,2,N,N,-,-1,-1,HeatEntityEvaluator=0.05259854058536585
REOPER.txt-837,0,723,723,5,Y,Y,1.0,0,723,HeatEntityEvaluator=0.8396487632912499
REOPER.txt-838,0,609,609,4,N,N,-,-1,-1,HeatEntityEvaluator=0.48039596611770835
REOPER.txt-839,0,1580,1580,8,Y,Y,1.0,0,1580,HeatEntityEvaluator=0.8827209293342656
REOPER.txt-840,0,2056,2056,9,N,N,-,-1,-1,HeatEntityEvaluator=0.3081070915682608
REOPER.txt-841,0,815,815,5,Y,Y,1.0,0,815,HeatEntityEvaluator=2.026518676503649
REOPER.txt-842,0,687,687,3,N,N,-,-1,-1,HeatEntityEvaluator=0.4759612930823529
REOPER.txt-843,0,490,490,4,Y,Y,1.0,0,490,HeatEntityEvaluator=0.7404350162006818
REOPER.txt-844,0,469,469,2,N,N,-,-1,-1,HeatEntityEvaluator=0.15427520425945948
REOPER.txt-845,0,771,771,6,Y,Y,1.0,0,771,HeatEntityEvaluator=1.0476285281122388
REOPER.txt-846,0,509,509,3,N,N,-,-1,-1,HeatEntityEvaluator=0.07889781087804877
REOPER.txt-847,0,431,431,3,Y,Y,1.0,0,431,HeatEntityEvaluator=1.7543914272297725
REOPER.txt-848,0,232,232,1,Y,N,-,-1,-1,HeatEntityEvaluator=1.3460783220976191
REOPER.txt-849,0,609,609,4,Y,Y,1.0,0,609,HeatEntityEvaluator=1.5493809776442593
REOPER.txt-850,0,769,769,4,N,N,-,-1,-1,HeatEntityEvaluator=0.23409816030158728
REOPER.txt-851,0,460,460,4,Y,Y,1.0,0,460,HeatEntityEvaluator=0.8223829043834147
REOPER.txt-852,0,270,270,2,N,N,-,-1,-1,HeatEntityEvaluator=0.31169303509874996
REOPER.txt-853,0,723,723,4,Y,Y,1.0,0,723,HeatEntityEvaluator=0.9489609480150726
REOPER.txt-854,0,697,697,2,Y,N,-,-1,-1,HeatEntityEvaluator=0.9348584377803846
REOPER.txt-855,0,508,508,4,Y,Y,1.0,0,508,HeatEntityEvaluator=0.6400694516335899
REOPER.txt-856,0,180,180,1,N,N,-,-1,-1,HeatEntityEvaluator=0.31432879040846157
REOPER.txt-857,0,796,796,4,N,Y,1.0,0,796,HeatEntityEvaluator=0.36911562567619716
REOPER.txt-858,0,501,501,1,N,N,-,-1,-1,HeatEntityEvaluator=0.09122204656121952
REOPER.txt-859,0,758,758,5,Y,Y,1.0,0,758,HeatEntityEvaluator=1.4978420871116178
REOPER.txt-860,0,411,411,2,N,N,-,-1,-1,HeatEntityEvaluator=0.3350222365253333
REOPER.txt-861,0,591,591,5,Y,Y,1.0,0,591,HeatEntityEvaluator=1.9212148744375515
REOPER.txt-862,0,899,899,4,N,N,-,-1,-1,HeatEntityEvaluator=0.12124910600272729
REOPER.txt-863,0,945,945,6,Y,Y,1.0,0,945,HeatEntityEvaluator=0.7605011501581481
REOPER.txt-864,0,525,525,2,N,N,-,-1,-1,HeatEntityEvaluator=0.48839453224833324
REOPER.txt-865,0,436,436,2,Y,Y,1.0,0,436,HeatEntityEvaluator=1.052842870966579
REOPER.txt-866,0,320,320,1,N,N,-,-1,-1,HeatEntityEvaluator=0.03993592896296296
REOPER.txt-867,0,1574,1574,8,Y,Y,1.0,0,1574,HeatEntityEvaluator=1.1652374900276086
REOPER.txt-868,0,1403,1403,11,N,N,-,-1,-1,HeatEntityEvaluator=0.49469511271291255
REOPER.txt-869,0,691,691,4,Y,Y,1.0,0,691,HeatEntityEvaluator=1.390083301294426
REOPER.txt-870,0,280,280,2,N,N,-,-1,-1,HeatEntityEvaluator=0.33587934109
REOPER.txt-871,0,471,471,2,Y,Y,1.0,0,471,HeatEntityEvaluator=1.6069034042963415
REOPER.txt-872,0,387,387,1,N,N,-,-1,-1,HeatEntityEvaluator=0.035942336066666664
REOPER.txt-873,0,2015,2015,15,Y,Y,1.0,0,2015,HeatEntityEvaluator=1.524790229872989
REOPER.txt-874,0,1789,1789,12,N,N,-,-1,-1,HeatEntityEvaluator=0.4317652343913235
REOPER.txt-875,0,650,650,3,Y,Y,1.0,0,650,HeatEntityEvaluator=1.298531980292281
REOPER.txt-876,0,238,238,3,N,N,-,-1,-1,HeatEntityEvaluator=0.0
REOPER.txt-877,0,1528,1528,10,Y,Y,1.0,0,1528,HeatEntityEvaluator=1.29509427015073
REOPER.txt-878,0,283,283,1,N,N,-,-1,-1,HeatEntityEvaluator=0.3588239514436364
REOPER.txt-879,0,1037,1037,6,Y,Y,1.0,0,1037,HeatEntityEvaluator=0.6498745357070931
REOPER.txt-880,0,477,477,2,N,N,-,-1,-1,HeatEntityEvaluator=0.10312325642388889
REOPER.txt-881,0,2310,2310,15,Y,Y,1.0,0,2310,HeatEntityEvaluator=1.3438082773454723
REOPER.txt-882,0,1231,1231,5,N,N,-,-1,-1,HeatEntityEvaluator=0.3247911317816191
REOPER.txt-883,0,1101,1101,8,Y,Y,1.0,0,1101,HeatEntityEvaluator=0.8216585042532633
REOPER.txt-884,0,1882,1882,13,N,N,-,-1,-1,HeatEntityEvaluator=0.2858324485386
REOPER.txt-885,0,2049,2049,11,Y,Y,1.0,0,2049,HeatEntityEvaluator=1.2913716631648875
REOPER.txt-886,0,1664,1664,12,N,N,-,-1,-1,HeatEntityEvaluator=0.2842157970238168
REOPER.txt-887,0,3621,3621,30,Y,Y,1.0,0,3621,HeatEntityEvaluator=1.1684681648963378
REOPER.txt-888,0,3537,3537,14,N,N,-,-1,-1,HeatEntityEvaluator=0.4129657009189818
THIRTY.txt-889,0,588,588,4,Y,Y,1.0,0,588,HeatEntityEvaluator=0.6126280058966037
THIRTY.txt-890,0,631,631,4,Y,N,-,-1,-1,HeatEntityEvaluator=0.7430601748028847
THIRTY.txt-891,0,956,956,5,Y,Y,1.0,0,956,HeatEntityEvaluator=2.370924386805484
THIRTY.txt-892,0,530,530,4,N,N,-,-1,-1,HeatEntityEvaluator=0.3947547895986364
THIRTY.txt-893,0,470,470,2,Y,Y,1.0,0,470,HeatEntityEvaluator=1.4162718301023405
THIRTY.txt-894,0,330,330,2,N,N,-,-1,-1,HeatEntityEvaluator=0.36926097779
THIRTY.txt-895,0,233,233,1,Y,Y,1.0,0,233,HeatEntityEvaluator=2.599182141209048
THIRTY.txt-896,0,264,264,1,Y,N,-,-1,-1,HeatEntityEvaluator=0.732411201205
THIRTY.txt-897,0,863,863,5,Y,Y,1.0,0,863,HeatEntityEvaluator=1.491966017829857
THIRTY.txt-898,0,1038,1038,12,N,N,-,-1,-1,HeatEntityEvaluator=0.30371963671579544
THIRTY.txt-899,0,580,580,4,Y,Y,1.0,0,580,HeatEntityEvaluator=1.8461454304032694
THIRTY.txt-900,0,655,655,5,Y,N,-,-1,-1,HeatEntityEvaluator=0.5587408251403226
THIRTY.txt-901,0,1079,1079,7,Y,Y,1.0,0,1079,HeatEntityEvaluator=1.372076301262935
THIRTY.txt-902,0,719,719,8,N,N,-,-1,-1,HeatEntityEvaluator=0.29366136562491224
THIRTY.txt-903,0,1541,1541,11,Y,Y,1.0,0,1541,HeatEntityEvaluator=0.935893244332459
GLOVER.txt-904,0,870,870,8,N,N,-,-1,-1,HeatEntityEvaluator=0.2076358875382895
THIRTY.txt-905,0,684,684,5,Y,Y,1.0,0,684,HeatEntityEvaluator=1.5134493162004918
THIRTY.txt-906,0,688,688,4,Y,N,-,-1,-1,HeatEntityEvaluator=1.1839132717822582
THIRTY.txt-907,0,361,361,2,Y,Y,1.0,0,361,HeatEntityEvaluator=1.3487499280931035
GLOVER.txt-908,0,440,440,4,N,N,-,-1,-1,HeatEntityEvaluator=0.22632686250000003
THIRTY.txt-909,0,375,375,1,Y,Y,1.0,0,375,HeatEntityEvaluator=0.744175822721842
GLOVER.txt-910,0,344,344,2,N,N,-,-1,-1,HeatEntityEvaluator=0.3039575631524
THIRTY.txt-911,0,728,728,5,Y,Y,1.0,0,728,HeatEntityEvaluator=0.9849648024679365
GLOVER.txt-912,0,611,611,3,N,N,-,-1,-1,HeatEntityEvaluator=0.40058195947666664
THIRTY.txt-913,0,436,436,1,Y,Y,1.0,0,436,HeatEntityEvaluator=2.7520983648299997
GLOVER.txt-914,0,562,562,5,N,N,-,-1,-1,HeatEntityEvaluator=0.3820312491038
THIRTY.txt-915,0,580,580,5,Y,Y,1.0,0,580,HeatEntityEvaluator=1.021333557267447
GLOVER.txt-916,0,522,522,2,Y,N,-,-1,-1,HeatEntityEvaluator=0.5389172931807318
THIRTY.txt-917,0,1105,1105,7,Y,Y,1.0,0,1105,HeatEntityEvaluator=0.9690541765781179
GLOVER.txt-918,0,832,832,4,N,N,-,-1,-1,HeatEntityEvaluator=0.3532161717415625
THIRTY.txt-919,0,929,929,4,Y,Y,1.0,0,929,HeatEntityEvaluator=1.168882013827286
GLOVER.txt-920,0,476,476,2,N,N,-,-1,-1,HeatEntityEvaluator=0.0
THIRTY.txt-921,0,646,646,3,Y,Y,1.0,0,646,HeatEntityEvaluator=0.7973937867435938
GLOVER.txt-922,0,540,540,4,Y,N,-,-1,-1,HeatEntityEvaluator=0.510626702496087
THIRTY.txt-923,0,387,387,1,Y,Y,1.0,0,387,HeatEntityEvaluator=2.141225206735588
GLOVER.txt-924,0,255,255,2,N,N,-,-1,-1,HeatEntityEvaluator=0.0
THIRTY.txt-925,0,446,446,4,Y,Y,1.0,0,446,HeatEntityEvaluator=1.5283107807539476
GLOVER.txt-926,0,605,605,5,N,N,-,-1,-1,HeatEntityEvaluator=0.24259984257195652
THIRTY.txt-927,0,654,654,3,Y,Y,1.0,0,654,HeatEntityEvaluator=1.8397375033764405
TWOMEN.txt-928,0,519,519,8,N,N,-,-1,-1,HeatEntityEvaluator=0.5001493063623913
THIRTY.txt-929,0,397,397,2,Y,Y,1.0,0,397,HeatEntityEvaluator=1.3229147730814708
TWOMEN.txt-930,0,447,447,3,N,N,-,-1,-1,HeatEntityEvaluator=0.1293407709534375
THIRTY.txt-931,0,1034,1034,6,Y,Y,1.0,0,1034,HeatEntityEvaluator=1.6764605208275263
TWOMEN.txt-932,0,673,673,4,Y,N,-,-1,-1,HeatEntityEvaluator=0.6838370235103703
THIRTY.txt-933,0,585,585,3,Y,Y,1.0,0,585,HeatEntityEvaluator=1.3840598179261667
TWOMEN.txt-934,0,658,658,4,Y,N,-,-1,-1,HeatEntityEvaluator=0.9780243387589289
THIRTY.txt-935,0,413,413,2,Y,Y,1.0,0,413,HeatEntityEvaluator=2.323229448222
WESLEY.txt-936,0,319,319,2,N,N,-,-1,-1,HeatEntityEvaluator=0.26647488901
THIRTY.txt-937,0,1177,1177,5,Y,Y,1.0,0,1177,HeatEntityEvaluator=1.0816604606103297
WESLEY.txt-938,0,754,754,2,N,N,-,-1,-1,HeatEntityEvaluator=0.14962069655254548
THIRTY.txt-939,0,2843,2843,19,Y,Y,1.0,0,2843,HeatEntityEvaluator=1.211719222276812
WESLEY.txt-940,0,1342,1342,10,N,N,-,-1,-1,HeatEntityEvaluator=0.3225050596568751
THIRTY.txt-941,0,481,481,4,Y,Y,1.0,0,481,HeatEntityEvaluator=1.134859308196383
WESLEY.txt-942,0,353,353,4,N,N,-,-1,-1,HeatEntityEvaluator=0.16679491392846155
THIRTY.txt-943,0,439,439,3,Y,Y,1.0,0,439,HeatEntityEvaluator=1.270218192554872
WESLEY.txt-944,0,505,505,6,N,N,-,-1,-1,HeatEntityEvaluator=0.3554588217283784
THIRTY.txt-945,0,575,575,3,Y,Y,1.0,0,575,HeatEntityEvaluator=1.2310238159605458
WESLEY.txt-946,0,625,625,9,N,N,-,-1,-1,HeatEntityEvaluator=0.33371124341659575
THIRTY.txt-947,0,929,929,6,Y,Y,1.0,0,929,HeatEntityEvaluator=1.4436045472874997
WESLEY.txt-948,0,526,526,4,N,N,-,-1,-1,HeatEntityEvaluator=0.030807716628571426
THIRTY.txt-949,0,769,769,5,Y,Y,1.0,0,769,HeatEntityEvaluator=1.085592389003816
WESLEY.txt-950,0,469,469,3,N,N,-,-1,-1,HeatEntityEvaluator=0.03267485096969697
THIRTY.txt-951,0,1285,1285,8,Y,Y,1.0,0,1285,HeatEntityEvaluator=1.5635524309117972
WESLEY.txt-952,0,1739,1739,11,N,N,-,-1,-1,HeatEntityEvaluator=0.10178505952619835
THIRTY.txt-953,0,959,959,6,Y,Y,1.0,0,959,HeatEntityEvaluator=1.2456154949101252
WESLEY.txt-954,0,333,333,1,N,N,-,-1,-1,HeatEntityEvaluator=0.04492792008333333
THIRTY.txt-955,0,534,534,4,Y,Y,1.0,0,534,HeatEntityEvaluator=0.8422627791072224
WESLEY.txt-956,0,439,439,2,N,N,-,-1,-1,HeatEntityEvaluator=0.0
THIRTY.txt-957,0,442,442,4,Y,Y,1.0,0,442,HeatEntityEvaluator=1.0257854264411628
WESLEY.txt-958,0,359,359,1,N,N,-,-1,-1,HeatEntityEvaluator=0.0
THIRTY.txt-959,0,546,546,3,Y,Y,1.0,0,546,HeatEntityEvaluator=1.6653125796510526
WESLEY.txt-960,0,750,750,4,N,N,-,-1,-1,HeatEntityEvaluator=0.2364637537525
THIRTY.txt-961,0,1611,1611,11,Y,Y,1.0,0,1611,HeatEntityEvaluator=1.242961886143154
WESLEY.txt-962,0,629,629,4,N,N,-,-1,-1,HeatEntityEvaluator=0.20063764051791666
THIRTY.txt-963,0,2153,2153,15,Y,Y,1.0,0,2153,HeatEntityEvaluator=0.7932157192927219
WESLEY.txt-964,0,2059,2059,12,N,N,-,-1,-1,HeatEntityEvaluator=0.3513450164739131
THIRTY.txt-965,0,1013,1013,7,Y,Y,1.0,0,1013,HeatEntityEvaluator=1.2415548819985227
WESLEY.txt-966,0,1234,1234,10,N,N,-,-1,-1,HeatEntityEvaluator=0.18945658880151514
THIRTY.txt-967,0,654,654,4,Y,Y,1.0,0,654,HeatEntityEvaluator=1.8733253603110174
WESLEY.txt-968,0,499,499,3,N,N,-,-1,-1,HeatEntityEvaluator=0.08552286387128205
THIRTY.txt-969,0,380,380,5,Y,Y,1.0,0,380,HeatEntityEvaluator=0.8867822669680769
WESLEY.txt-970,0,359,359,4,N,N,-,-1,-1,HeatEntityEvaluator=0.18166161679777776
THIRTY.txt-971,0,1132,1132,7,Y,Y,1.0,0,1132,HeatEntityEvaluator=0.8507086465951458
WESLEY.txt-972,0,1096,1096,10,N,N,-,-1,-1,HeatEntityEvaluator=0.43423854630255326
THIRTY.txt-973,0,1046,1046,8,Y,Y,1.0,0,1046,HeatEntityEvaluator=1.8028365103062638
WESLEY.txt-974,0,767,767,8,N,N,-,-1,-1,HeatEntityEvaluator=0.01960491058181818
THIRTY.txt-975,0,855,855,7,Y,Y,1.0,0,855,HeatEntityEvaluator=1.1995153716776057
WESLEY.txt-976,0,1406,1406,12,N,N,-,-1,-1,HeatEntityEvaluator=0.011116186412371134
THIRTY.txt-977,0,2357,2357,13,Y,Y,1.0,0,2357,HeatEntityEvaluator=2.06852510286475
WESLEY.txt-978,0,740,740,7,N,N,-,-1,-1,HeatEntityEvaluator=0.294244470548644
THIRTY.txt-979,0,749,749,5,Y,Y,1.0,0,749,HeatEntityEvaluator=1.593372683526087
WESLEY.txt-980,0,399,399,3,N,N,-,-1,-1,HeatEntityEvaluator=0.1634021985175
TWOMEN.txt-981,0,307,307,3,N,Y,1.0,0,307,HeatEntityEvaluator=0.3576712410403846
WESLEY.txt-982,0,114,114,1,N,N,-,-1,-1,HeatEntityEvaluator=0.0
TWOMEN.txt-983,0,361,361,5,Y,Y,1.0,0,361,HeatEntityEvaluator=1.5528995612846876
WESLEY.txt-984,0,352,352,6,N,N,-,-1,-1,HeatEntityEvaluator=0.1352294056696552
TWOMEN.txt-985,0,366,366,3,Y,Y,1.0,0,366,HeatEntityEvaluator=1.2897647692861767
WESLEY.txt-986,0,305,305,3,N,N,-,-1,-1,HeatEntityEvaluator=0.0
WESLEY.txt-987,0,2412,2412,29,N,Y,1.0,0,2412,HeatEntityEvaluator=0.4534853669455555
WESLEY.txt-988,0,1605,1605,16,N,N,-,-1,-1,HeatEntityEvaluator=0.16174602380457365
WESLEY.txt-989,0,981,981,6,Y,Y,1.0,0,981,HeatEntityEvaluator=0.5844295504402327
WESLEY.txt-990,0,516,516,4,N,N,-,-1,-1,HeatEntityEvaluator=0.0
WESLEY.txt-991,0,507,507,3,Y,Y,1.0,0,507,HeatEntityEvaluator=0.876926172258718
WESLEY.txt-992,0,649,649,6,N,N,-,-1,-1,HeatEntityEvaluator=0.05881473174545454
WESLEY.txt-993,0,417,417,4,Y,Y,1.0,0,417,HeatEntityEvaluator=0.8548364590990908
WESLEY.txt-994,0,794,794,14,N,N,-,-1,-1,HeatEntityEvaluator=0.01739145293548387
WESLEY.txt-995,0,624,624,10,N,Y,1.0,0,624,HeatEntityEvaluator=0.3522381506729825
WESLEY.txt-996,0,364,364,4,N,N,-,-1,-1,HeatEntityEvaluator=0.067391880125
WESLEY.txt-997,0,249,249,3,Y,Y,1.0,0,249,HeatEntityEvaluator=1.165257412976111
WESLEY.txt-998,0,175,175,3,N,N,-,-1,-1,HeatEntityEvaluator=0.0
WESLEY.txt-999,0,2507,2507,22,N,Y,1.0,0,2507,HeatEntityEvaluator=0.09511473360336897
WESLEY.txt-1000,0,2550,2550,27,N,N,-,-1,-1,HeatEntityEvaluator=0.12608588467327778
