GLOVER.txt-1,0,1089,1089,4,N,Y,1.0,0,1089
GLOVER.txt-2,0,912,912,2,N,N,-,-1,-1
GLOVER.txt-3,0,1923,1923,9,N,Y,1.0,0,1923
GLOVER.txt-4,0,1530,1530,15,N,N,-,-1,-1
GLOVER.txt-5,0,1263,1263,8,N,Y,1.0,0,1263
GLOVER.txt-6,0,721,721,6,N,N,-,-1,-1
GLOVER.txt-7,0,767,767,5,N,Y,1.0,0,767
GLOVER.txt-8,0,949,949,3,N,N,-,-1,-1
GRONOW.txt-9,0,1099,1099,4,N,Y,1.0,0,1099
GRONOW.txt-10,0,832,832,5,N,N,-,-1,-1
GRONOW.txt-11,0,899,899,4,N,Y,1.0,0,899
GRONOW.txt-12,0,906,906,4,N,N,-,-1,-1
GRONOW.txt-13,0,1025,1025,6,N,Y,1.0,0,1025
GRONOW.txt-14,0,1128,1128,9,N,N,-,-1,-1
MASONB.txt-15,0,83,83,1,N,Y,1.0,0,83
MASONB.txt-16,0,122,122,1,N,N,-,-1,-1
MASONB.txt-17,0,225,225,2,N,Y,1.0,0,225
MASONB.txt-18,0,245,245,2,N,N,-,-1,-1
MASONB.txt-19,0,148,148,1,N,Y,1.0,0,148
MASONB.txt-20,0,218,218,1,N,N,-,-1,-1
MASONB.txt-21,0,125,125,1,N,Y,1.0,0,125
MASONB.txt-22,0,192,192,1,N,N,-,-1,-1
MASONB.txt-23,0,434,434,4,N,Y,1.0,0,434
MASONB.txt-24,0,290,290,1,N,N,-,-1,-1
MASONB.txt-25,0,1171,1171,9,N,Y,1.0,0,1171
MASONB.txt-26,0,1016,1016,8,N,N,-,-1,-1
MASONB.txt-27,0,88,88,1,N,Y,1.0,0,88
MASONB.txt-28,0,164,164,2,N,N,-,-1,-1
MASONB.txt-29,0,710,710,4,N,Y,1.0,0,710
MASONB.txt-30,0,499,499,5,N,N,-,-1,-1
MASONB.txt-31,0,133,133,1,N,Y,1.0,0,133
MASONB.txt-32,0,205,205,3,N,N,-,-1,-1
MASONB.txt-33,0,622,622,5,N,Y,1.0,0,622
MASONB.txt-34,0,530,530,4,N,N,-,-1,-1
MASONB.txt-35,0,744,744,6,N,Y,1.0,0,744
MASONB.txt-36,0,489,489,2,N,N,-,-1,-1
MASONB.txt-37,0,197,197,2,Y,Y,1.0,0,197
MASONB.txt-38,0,380,380,2,N,N,-,-1,-1
MASONB.txt-39,0,450,450,3,N,Y,1.0,0,450
MASONB.txt-40,0,454,454,2,Y,N,-,-1,-1
MASONB.txt-41,0,775,775,5,N,Y,1.0,0,775
MASONB.txt-42,0,775,775,7,N,N,-,-1,-1
MASONB.txt-43,0,627,627,2,N,Y,1.0,0,627
MASONB.txt-44,0,504,504,3,N,N,-,-1,-1
MASONB.txt-45,0,1039,1039,7,N,Y,1.0,0,1039
MASONB.txt-46,0,808,808,9,N,N,-,-1,-1
MASONB.txt-47,0,175,175,1,N,Y,1.0,0,175
MASONB.txt-48,0,459,459,2,Y,N,-,-1,-1
MASONB.txt-49,0,173,173,2,N,Y,1.0,0,173
MASONB.txt-50,0,202,202,2,N,N,-,-1,-1
MASONB.txt-51,0,264,264,2,N,Y,1.0,0,264
MASONB.txt-52,0,304,304,4,N,N,-,-1,-1
MASONB.txt-53,0,514,514,4,N,Y,1.0,0,514
MASONB.txt-54,0,272,272,2,N,N,-,-1,-1
MASONB.txt-55,0,328,328,1,N,Y,1.0,0,328
MASONB.txt-56,0,250,250,3,N,N,-,-1,-1
MASONB.txt-57,0,1097,1097,7,N,Y,1.0,0,1097
MASONB.txt-58,0,928,928,4,N,N,-,-1,-1
MASONB.txt-59,0,101,101,1,N,Y,1.0,0,101
MASONB.txt-60,0,188,188,1,N,N,-,-1,-1
MASONB.txt-61,0,499,499,3,N,Y,1.0,0,499
MASONB.txt-62,0,540,540,5,N,N,-,-1,-1
MASONB.txt-63,0,238,238,2,N,Y,1.0,0,238
MASONB.txt-64,0,228,228,1,N,N,-,-1,-1
MASONB.txt-65,0,1012,1012,6,Y,Y,1.0,0,1012
MASONB.txt-66,0,889,889,6,N,N,-,-1,-1
MASONB.txt-67,0,673,673,4,N,Y,1.0,0,673
MASONB.txt-68,0,532,532,3,N,N,-,-1,-1
MASONB.txt-69,0,1231,1231,7,N,Y,1.0,0,1231
MASONB.txt-70,0,1264,1264,15,N,N,-,-1,-1
MASONB.txt-71,0,522,522,3,N,Y,1.0,0,522
MASONB.txt-72,0,796,796,4,N,N,-,-1,-1
MASONB.txt-73,0,96,96,1,N,Y,1.0,0,96
MASONB.txt-74,0,143,143,1,N,N,-,-1,-1
MASONB.txt-75,0,825,825,7,N,Y,1.0,0,825
MASONB.txt-76,0,849,849,5,N,N,-,-1,-1
MASONB.txt-77,0,230,230,2,N,Y,1.0,0,230
MASONB.txt-78,0,345,345,2,N,N,-,-1,-1
MASONB.txt-79,0,1168,1168,5,N,Y,1.0,0,1168
MASONB.txt-80,0,967,967,5,N,N,-,-1,-1
MASONB.txt-81,0,601,601,2,N,Y,1.0,0,601
MASONB.txt-82,0,500,500,3,N,N,-,-1,-1
MASONB.txt-83,0,669,669,4,N,Y,1.0,0,669
MASONB.txt-84,0,633,633,5,N,N,-,-1,-1
MASONB.txt-85,0,920,920,7,N,Y,1.0,0,920
MASONB.txt-86,0,869,869,2,N,N,-,-1,-1
MASONB.txt-87,0,311,311,3,N,Y,1.0,0,311
MASONB.txt-88,0,461,461,1,N,N,-,-1,-1
MASONB.txt-89,0,164,164,1,N,Y,1.0,0,164
MASONB.txt-90,0,118,118,1,N,N,-,-1,-1
MASONB.txt-91,0,236,236,1,N,Y,1.0,0,236
MASONB.txt-92,0,301,301,2,N,N,-,-1,-1
MASONB.txt-93,0,846,846,5,Y,Y,1.0,0,846
MASONB.txt-94,0,1065,1065,6,N,N,-,-1,-1
MASONB.txt-95,0,917,917,6,Y,Y,1.0,0,917
MASONB.txt-96,0,832,832,6,N,N,-,-1,-1
MASONB.txt-97,0,354,354,2,N,Y,1.0,0,354
MASONB.txt-98,0,199,199,1,N,N,-,-1,-1
MASONB.txt-99,0,370,370,3,N,Y,1.0,0,370
MASONB.txt-100,0,452,452,2,N,N,-,-1,-1
MASONB.txt-101,0,579,579,4,N,Y,1.0,0,579
MASONB.txt-102,0,634,634,5,N,N,-,-1,-1
MASONB.txt-103,0,376,376,3,N,Y,1.0,0,376
MASONB.txt-104,0,296,296,1,N,N,-,-1,-1
MASONB.txt-105,0,629,629,5,N,Y,1.0,0,629
MASONB.txt-106,0,506,506,4,N,N,-,-1,-1
MASONB.txt-107,0,1347,1347,11,Y,Y,1.0,0,1347
MASONB.txt-108,0,1103,1103,6,N,N,-,-1,-1
MASONB.txt-109,0,1298,1298,8,N,Y,1.0,0,1298
MASONB.txt-110,0,1016,1016,6,N,N,-,-1,-1
MASONB.txt-111,0,290,290,2,N,Y,1.0,0,290
MASONB.txt-112,0,97,97,1,N,N,-,-1,-1
MASONB.txt-113,0,305,305,2,N,Y,1.0,0,305
MASONB.txt-114,0,283,283,2,N,N,-,-1,-1
MASONB.txt-115,0,873,873,5,N,Y,1.0,0,873
MASONB.txt-116,0,726,726,7,N,N,-,-1,-1
MASONB.txt-117,0,1306,1306,7,N,Y,1.0,0,1306
MASONB.txt-118,0,1208,1208,10,N,N,-,-1,-1
MASONB.txt-119,0,1570,1570,10,N,Y,1.0,0,1570
MASONB.txt-120,0,1184,1184,5,N,N,-,-1,-1
MASONB.txt-121,0,705,705,4,N,Y,1.0,0,705
MASONB.txt-122,0,570,570,6,N,N,-,-1,-1
MASONB.txt-123,0,391,391,3,N,Y,1.0,0,391
MASONB.txt-124,0,241,241,2,N,N,-,-1,-1
MASONB.txt-125,0,1073,1073,8,N,Y,1.0,0,1073
MASONB.txt-126,0,563,563,3,N,N,-,-1,-1
MASONB.txt-127,0,262,262,2,N,Y,1.0,0,262
GRONOW.txt-128,0,218,218,1,N,N,-,-1,-1
MASONB.txt-129,0,319,319,4,N,Y,1.0,0,319
MASONB.txt-130,0,403,403,2,N,N,-,-1,-1
MASONB.txt-131,0,111,111,1,N,Y,1.0,0,111
MASONB.txt-132,0,139,139,1,N,N,-,-1,-1
MASONB.txt-133,0,298,298,2,N,Y,1.0,0,298
MASONB.txt-134,0,190,190,3,N,N,-,-1,-1
MASONB.txt-135,0,460,460,4,N,Y,1.0,0,460
MASONB.txt-136,0,491,491,7,N,N,-,-1,-1
MASONB.txt-137,0,1746,1746,12,N,Y,1.0,0,1746
GRONOW.txt-138,0,1937,1937,10,N,N,-,-1,-1
MASONB.txt-139,0,243,243,2,N,Y,1.0,0,243
MASONB.txt-140,0,273,273,3,N,N,-,-1,-1
MASONB.txt-141,0,1650,1650,14,N,Y,1.0,0,1650
GRONOW.txt-142,0,1349,1349,7,N,N,-,-1,-1
MASONB.txt-143,0,1237,1237,9,N,Y,1.0,0,1237
MASONB.txt-144,0,1020,1020,10,N,N,-,-1,-1
MASONB.txt-145,0,120,120,1,N,Y,1.0,0,120
MASONB.txt-146,0,142,142,1,N,N,-,-1,-1
MASONB.txt-147,0,1123,1123,8,Y,Y,1.0,0,1123
MASONB.txt-148,0,552,552,2,N,N,-,-1,-1
MASONB.txt-149,0,268,268,2,N,Y,1.0,0,268
MASONB.txt-150,0,492,492,3,N,N,-,-1,-1
MASONB.txt-151,0,804,804,5,N,Y,1.0,0,804
MASONB.txt-152,0,919,919,6,N,N,-,-1,-1
MASONB.txt-153,0,2158,2158,13,N,Y,1.0,0,2158
GRONOW.txt-154,0,1900,1900,6,N,N,-,-1,-1
MASONB.txt-155,0,303,303,1,N,Y,1.0,0,303
GRONOW.txt-156,0,647,647,4,N,N,-,-1,-1
MASONB.txt-157,0,732,732,4,N,Y,1.0,0,732
GRONOW.txt-158,0,865,865,5,N,N,-,-1,-1
MASONB.txt-159,0,225,225,1,N,Y,1.0,0,225
GRONOW.txt-160,0,284,284,1,N,N,-,-1,-1
MASONB.txt-161,0,201,201,1,N,Y,1.0,0,201
GRONOW.txt-162,0,214,214,1,N,N,-,-1,-1
MASONB.txt-163,0,1207,1207,12,N,Y,1.0,0,1207
GRONOW.txt-164,0,1043,1043,5,N,N,-,-1,-1
MASONB.txt-165,0,437,437,4,N,Y,1.0,0,437
GRONOW.txt-166,0,409,409,1,N,N,-,-1,-1
MASONB.txt-167,0,281,281,3,N,Y,1.0,0,281
GRONOW.txt-168,0,333,333,1,N,N,-,-1,-1
MASONB.txt-169,0,140,140,2,N,Y,1.0,0,140
GRONOW.txt-170,0,232,232,2,N,N,-,-1,-1
MASONB.txt-171,0,165,165,2,N,Y,1.0,0,165
GRONOW.txt-172,0,145,145,1,N,N,-,-1,-1
MASONB.txt-173,0,354,354,1,N,Y,1.0,0,354
GRONOW.txt-174,0,379,379,1,N,N,-,-1,-1
MASONB.txt-175,0,2949,2949,20,N,Y,1.0,0,2949
GRONOW.txt-176,0,2918,2918,22,N,N,-,-1,-1
MASONB.txt-177,0,3413,3413,22,N,Y,1.0,0,3413
GRONOW.txt-178,0,1901,1901,13,N,N,-,-1,-1
MASONB.txt-179,0,75,75,1,N,Y,1.0,0,75
GRONOW.txt-180,0,138,138,1,N,N,-,-1,-1
MASONB.txt-181,0,674,674,5,N,Y,1.0,0,674
GRONOW.txt-182,0,778,778,7,N,N,-,-1,-1
MASONB.txt-183,0,334,334,2,Y,Y,1.0,0,334
GRONOW.txt-184,0,214,214,2,N,N,-,-1,-1
MASONB.txt-185,0,153,153,1,N,Y,1.0,0,153
GRONOW.txt-186,0,159,159,1,N,N,-,-1,-1
MASONB.txt-187,0,271,271,3,N,Y,1.0,0,271
GRONOW.txt-188,0,338,338,3,N,N,-,-1,-1
MASONB.txt-189,0,583,583,5,N,Y,1.0,0,583
GRONOW.txt-190,0,709,709,4,N,N,-,-1,-1
MASONB.txt-191,0,1986,1986,11,N,Y,1.0,0,1986
GRONOW.txt-192,0,2255,2255,14,N,N,-,-1,-1
MASONB.txt-193,0,2164,2164,15,N,Y,1.0,0,2164
GRONOW.txt-194,0,2101,2101,14,N,N,-,-1,-1
MASONB.txt-195,0,541,541,2,N,Y,1.0,0,541
GRONOW.txt-196,0,596,596,3,N,N,-,-1,-1
MASONB.txt-197,0,339,339,3,N,Y,1.0,0,339
GRONOW.txt-198,0,286,286,2,N,N,-,-1,-1
MASONB.txt-199,0,904,904,6,N,Y,1.0,0,904
GRONOW.txt-200,0,958,958,6,N,N,-,-1,-1
MASONB.txt-201,0,308,308,2,Y,Y,1.0,0,308
GRONOW.txt-202,0,817,817,5,N,N,-,-1,-1
MASONB.txt-203,0,2054,2054,13,N,Y,1.0,0,2054
GRONOW.txt-204,0,1786,1786,12,N,N,-,-1,-1
MASONB.txt-205,0,309,309,2,N,Y,1.0,0,309
GRONOW.txt-206,0,348,348,3,N,N,-,-1,-1
MASONB.txt-207,0,3534,3534,21,N,Y,1.0,0,3534
GRONOW.txt-208,0,3543,3543,23,N,N,-,-1,-1
MASONB.txt-209,0,2390,2390,17,N,Y,1.0,0,2390
GRONOW.txt-210,0,2103,2103,21,N,N,-,-1,-1
MASONB.txt-211,0,2159,2159,15,N,Y,1.0,0,2159
GRONOW.txt-212,0,1929,1929,11,N,N,-,-1,-1
MASONB.txt-213,0,1458,1458,8,N,Y,1.0,0,1458
GRONOW.txt-214,0,1325,1325,9,N,N,-,-1,-1
MASONB.txt-215,0,101,101,2,N,Y,1.0,0,101
GRONOW.txt-216,0,113,113,1,N,N,-,-1,-1
MASONB.txt-217,0,245,245,2,N,Y,1.0,0,245
GRONOW.txt-218,0,224,224,1,N,N,-,-1,-1
MASONB.txt-219,0,2768,2768,21,N,Y,1.0,0,2768
GRONOW.txt-220,0,2315,2315,15,N,N,-,-1,-1
MASONB.txt-221,0,211,211,1,N,Y,1.0,0,211
GRONOW.txt-222,0,378,378,2,N,N,-,-1,-1
MEMMUS.txt-223,0,392,392,2,Y,Y,1.0,0,392
GRONOW.txt-224,0,468,468,3,N,N,-,-1,-1
MEMMUS.txt-225,0,483,483,7,N,Y,1.0,0,483
MEMMUS.txt-226,0,367,367,2,N,N,-,-1,-1
MEMMUS.txt-227,0,797,797,5,N,Y,1.0,0,797
MEMMUS.txt-228,0,954,954,10,N,N,-,-1,-1
MEMMUS.txt-229,0,1015,1015,7,Y,Y,1.0,0,1015
MEMMUS.txt-230,0,1155,1155,4,N,N,-,-1,-1
MEMMUS.txt-231,0,586,586,4,N,Y,1.0,0,586
MEMMUS.txt-232,0,405,405,3,N,N,-,-1,-1
MEMMUS.txt-233,0,622,622,6,N,Y,1.0,0,622
MEMMUS.txt-234,0,877,877,7,N,N,-,-1,-1
MEMMUS.txt-235,0,704,704,8,N,Y,1.0,0,704
MEMMUS.txt-236,0,816,816,5,N,N,-,-1,-1
MEMMUS.txt-237,0,652,652,4,Y,Y,1.0,0,652
MEMMUS.txt-238,0,555,555,4,N,N,-,-1,-1
MEMMUS.txt-239,0,398,398,3,N,Y,1.0,0,398
MEMMUS.txt-240,0,101,101,1,N,N,-,-1,-1
MEMMUS.txt-241,0,398,398,3,N,Y,1.0,0,398
MEMMUS.txt-242,0,172,172,1,N,N,-,-1,-1
MEMMUS.txt-243,0,2109,2109,13,N,Y,1.0,0,2109
GRONOW.txt-244,0,2168,2168,9,N,N,-,-1,-1
MEMMUS.txt-245,0,824,824,7,N,Y,1.0,0,824
MEMMUS.txt-246,0,836,836,7,N,N,-,-1,-1
MEMMUS.txt-247,0,607,607,4,N,Y,1.0,0,607
MEMMUS.txt-248,0,423,423,3,N,N,-,-1,-1
MEMMUS.txt-249,0,567,567,5,N,Y,1.0,0,567
MEMMUS.txt-250,0,789,789,5,N,N,-,-1,-1
MEMMUS.txt-251,0,591,591,3,N,Y,1.0,0,591
MEMMUS.txt-252,0,930,930,6,N,N,-,-1,-1
MEMMUS.txt-253,0,369,369,3,N,Y,1.0,0,369
MEMMUS.txt-254,0,386,386,2,N,N,-,-1,-1
MEMMUS.txt-255,0,580,580,2,Y,Y,1.0,0,580
MEMMUS.txt-256,0,762,762,11,N,N,-,-1,-1
MEMMUS.txt-257,0,696,696,6,N,Y,1.0,0,696
GRONOW.txt-258,0,673,673,3,N,N,-,-1,-1
MEMMUS.txt-259,0,741,741,6,N,Y,1.0,0,741
GRONOW.txt-260,0,726,726,4,N,N,-,-1,-1
MEMMUS.txt-261,0,482,482,3,N,Y,1.0,0,482
MEMMUS.txt-262,0,583,583,3,N,N,-,-1,-1
MEMMUS.txt-263,0,718,718,5,N,Y,1.0,0,718
GRONOW.txt-264,0,802,802,5,N,N,-,-1,-1
MEMMUS.txt-265,0,591,591,3,N,Y,1.0,0,591
MEMMUS.txt-266,0,452,452,3,N,N,-,-1,-1
MEMMUS.txt-267,0,1264,1264,8,N,Y,1.0,0,1264
GRONOW.txt-268,0,1230,1230,8,N,N,-,-1,-1
MEMMUS.txt-269,0,632,632,4,N,Y,1.0,0,632
MEMMUS.txt-270,0,450,450,2,N,N,-,-1,-1
MEMMUS.txt-271,0,1057,1057,11,N,Y,1.0,0,1057
MEMMUS.txt-272,0,1054,1054,6,N,N,-,-1,-1
MEMMUS.txt-273,0,579,579,4,N,Y,1.0,0,579
GRONOW.txt-274,0,573,573,3,N,N,-,-1,-1
MEMMUS.txt-275,0,994,994,6,N,Y,1.0,0,994
GRONOW.txt-276,0,1025,1025,5,N,N,-,-1,-1
MEMMUS.txt-277,0,431,431,2,N,Y,1.0,0,431
MEMMUS.txt-278,0,291,291,3,N,N,-,-1,-1
MEMMUS.txt-279,0,726,726,6,N,Y,1.0,0,726
GRONOW.txt-280,0,1135,1135,5,N,N,-,-1,-1
MEMMUS.txt-281,0,522,522,5,Y,Y,1.0,0,522
GLOVER.txt-282,0,542,542,3,N,N,-,-1,-1
MEMMUS.txt-283,0,747,747,6,Y,Y,1.0,0,747
GRONOW.txt-284,0,860,860,6,N,N,-,-1,-1
MEMMUS.txt-285,0,1166,1166,6,N,Y,1.0,0,1166
GRONOW.txt-286,0,1250,1250,11,N,N,-,-1,-1
MEMMUS.txt-287,0,892,892,6,N,Y,1.0,0,892
GRONOW.txt-288,0,1145,1145,5,N,N,-,-1,-1
MEMMUS.txt-289,0,881,881,5,N,Y,1.0,0,881
GRONOW.txt-290,0,706,706,3,N,N,-,-1,-1
MEMMUS.txt-291,0,687,687,6,N,Y,1.0,0,687
GRONOW.txt-292,0,660,660,4,N,N,-,-1,-1
MEMMUS.txt-293,0,902,902,7,Y,Y,1.0,0,902
GRONOW.txt-294,0,800,800,5,N,N,-,-1,-1
MEMMUS.txt-295,0,755,755,5,Y,Y,1.0,0,755
GRONOW.txt-296,0,955,955,6,N,N,-,-1,-1
MEMMUS.txt-297,0,577,577,6,Y,Y,1.0,0,577
GRONOW.txt-298,0,482,482,5,N,N,-,-1,-1
MEMMUS.txt-299,0,688,688,6,N,Y,1.0,0,688
GRONOW.txt-300,0,880,880,5,N,N,-,-1,-1
MEMMUS.txt-301,0,1240,1240,9,N,Y,1.0,0,1240
GLOVER.txt-302,0,1279,1279,8,N,N,-,-1,-1
MEMMUS.txt-303,0,1451,1451,9,N,Y,1.0,0,1451
MEMMUS.txt-304,0,1214,1214,14,N,N,-,-1,-1
MEMMUS.txt-305,0,1436,1436,10,N,Y,1.0,0,1436
GRONOW.txt-306,0,1640,1640,10,N,N,-,-1,-1
MEMMUS.txt-307,0,334,334,2,N,Y,1.0,0,334
MEMMUS.txt-308,0,286,286,3,N,N,-,-1,-1
MEMMUS.txt-309,0,478,478,4,N,Y,1.0,0,478
GRONOW.txt-310,0,680,680,3,N,N,-,-1,-1
MEMMUS.txt-311,0,915,915,6,N,Y,1.0,0,915
GRONOW.txt-312,0,793,793,4,N,N,-,-1,-1
MEMMUS.txt-313,0,1213,1213,7,N,Y,1.0,0,1213
GRONOW.txt-314,0,1213,1213,7,N,N,-,-1,-1
MEMMUS.txt-315,0,710,710,5,Y,Y,1.0,0,710
GRONOW.txt-316,0,1113,1113,5,N,N,-,-1,-1
MEMMUS.txt-317,0,1345,1345,8,N,Y,1.0,0,1345
GRONOW.txt-318,0,1292,1292,8,N,N,-,-1,-1
MEMMUS.txt-319,0,1846,1846,12,N,Y,1.0,0,1846
GRONOW.txt-320,0,1936,1936,9,N,N,-,-1,-1
MEMMUS.txt-321,0,966,966,7,N,Y,1.0,0,966
GRONOW.txt-322,0,1132,1132,5,N,N,-,-1,-1
MEMMUS.txt-323,0,551,551,5,N,Y,1.0,0,551
GRONOW.txt-324,0,595,595,4,N,N,-,-1,-1
MEMMUS.txt-325,0,854,854,5,N,Y,1.0,0,854
GRONOW.txt-326,0,977,977,5,N,N,-,-1,-1
MEMMUS.txt-327,0,341,341,2,N,Y,1.0,0,341
GRONOW.txt-328,0,315,315,2,N,N,-,-1,-1
MEMMUS.txt-329,0,477,477,3,N,Y,1.0,0,477
GRONOW.txt-330,0,569,569,3,N,N,-,-1,-1
MEMMUS.txt-331,0,806,806,4,Y,Y,1.0,0,806
GRONOW.txt-332,0,1080,1080,5,N,N,-,-1,-1
MEMMUS.txt-333,0,1403,1403,9,Y,Y,1.0,0,1403
GRONOW.txt-334,0,1451,1451,4,N,N,-,-1,-1
MEMMUS.txt-335,0,821,821,7,N,Y,1.0,0,821
GRONOW.txt-336,0,834,834,4,N,N,-,-1,-1
MEMMUS.txt-337,0,376,376,4,N,Y,1.0,0,376
MEMMUS.txt-338,0,264,264,1,N,N,-,-1,-1
MULIFE.txt-339,0,425,425,4,N,Y,1.0,0,425
GRONOW.txt-340,0,417,417,3,N,N,-,-1,-1
MULIFE.txt-341,0,683,683,6,N,Y,1.0,0,683
GRONOW.txt-342,0,886,886,5,N,N,-,-1,-1
MULIFE.txt-343,0,387,387,4,Y,Y,1.0,0,387
GRONOW.txt-344,0,397,397,4,N,N,-,-1,-1
MULIFE.txt-345,0,626,626,5,N,Y,1.0,0,626
GRONOW.txt-346,0,730,730,2,N,N,-,-1,-1
MULIFE.txt-347,0,660,660,5,N,Y,1.0,0,660
GRONOW.txt-348,0,837,837,3,N,N,-,-1,-1
MULIFE.txt-349,0,1253,1253,6,N,Y,1.0,0,1253
GRONOW.txt-350,0,1405,1405,4,N,N,-,-1,-1
MULIFE.txt-351,0,653,653,5,N,Y,1.0,0,653
GRONOW.txt-352,0,687,687,5,N,N,-,-1,-1
MULIFE.txt-353,0,676,676,5,N,Y,1.0,0,676
GRONOW.txt-354,0,532,532,4,N,N,-,-1,-1
MULIFE.txt-355,0,269,269,4,N,Y,1.0,0,269
GRONOW.txt-356,0,288,288,2,N,N,-,-1,-1
MULIFE.txt-357,0,282,282,2,Y,Y,1.0,0,282
GRONOW.txt-358,0,262,262,1,N,N,-,-1,-1
MULIFE.txt-359,0,840,840,6,N,Y,1.0,0,840
GRONOW.txt-360,0,1134,1134,7,N,N,-,-1,-1
MULIFE.txt-361,0,486,486,3,N,Y,1.0,0,486
GRONOW.txt-362,0,729,729,7,N,N,-,-1,-1
MULIFE.txt-363,0,664,664,4,N,Y,1.0,0,664
GRONOW.txt-364,0,563,563,1,N,N,-,-1,-1
MULIFE.txt-365,0,523,523,4,N,Y,1.0,0,523
MULIFE.txt-366,0,473,473,3,N,N,-,-1,-1
MULIFE.txt-367,0,1204,1204,12,N,Y,1.0,0,1204
MULIFE.txt-368,0,650,650,4,N,N,-,-1,-1
MULIFE.txt-369,0,744,744,8,N,Y,1.0,0,744
MULIFE.txt-370,0,769,769,4,N,N,-,-1,-1
MULIFE.txt-371,0,1947,1947,16,N,Y,1.0,0,1947
MULIFE.txt-372,0,1188,1188,10,N,N,-,-1,-1
MULIFE.txt-373,0,2138,2138,17,N,Y,1.0,0,2138
GRONOW.txt-374,0,2258,2258,11,N,N,-,-1,-1
MULIFE.txt-375,0,866,866,6,Y,Y,1.0,0,866
GRONOW.txt-376,0,1041,1041,6,N,N,-,-1,-1
MULIFE.txt-377,0,2918,2918,28,N,Y,1.0,0,2918
GRONOW.txt-378,0,3008,3008,14,N,N,-,-1,-1
MULIFE.txt-379,0,533,533,7,N,Y,1.0,0,533
GRONOW.txt-380,0,573,573,5,N,N,-,-1,-1
MULIFE.txt-381,0,1433,1433,9,N,Y,1.0,0,1433
GRONOW.txt-382,0,1453,1453,6,N,N,-,-1,-1
MULIFE.txt-383,0,1336,1336,8,N,Y,1.0,0,1336
GRONOW.txt-384,0,1720,1720,11,N,N,-,-1,-1
MULIFE.txt-385,0,1273,1273,6,N,Y,1.0,0,1273
MULIFE.txt-386,0,1153,1153,5,N,N,-,-1,-1
MULIFE.txt-387,0,768,768,5,N,Y,1.0,0,768
GRONOW.txt-388,0,725,725,2,N,N,-,-1,-1
MULIFE.txt-389,0,473,473,4,N,Y,1.0,0,473
GRONOW.txt-390,0,499,499,6,N,N,-,-1,-1
MUSING.txt-391,0,347,347,1,Y,Y,1.0,0,347
MUSING.txt-392,0,360,360,2,N,N,-,-1,-1
MUSING.txt-393,0,658,658,3,Y,Y,1.0,0,658
MUSING.txt-394,0,822,822,2,N,N,-,-1,-1
MUSING.txt-395,0,558,558,3,Y,Y,1.0,0,558
MUSING.txt-396,0,540,540,2,N,N,-,-1,-1
MUSING.txt-397,0,392,392,3,Y,Y,1.0,0,392
MEMMUS.txt-398,0,378,378,3,N,N,-,-1,-1
MUSING.txt-399,0,996,996,4,N,Y,1.0,0,996
GRONOW.txt-400,0,835,835,3,N,N,-,-1,-1
MUSING.txt-401,0,573,573,2,N,Y,1.0,0,573
MUSING.txt-402,0,744,744,2,N,N,-,-1,-1
MUSING.txt-403,0,423,423,2,Y,Y,1.0,0,423
MUSING.txt-404,0,357,357,1,N,N,-,-1,-1
MUSING.txt-405,0,621,621,5,N,Y,1.0,0,621
MUSING.txt-406,0,357,357,2,N,N,-,-1,-1
MUSING.txt-407,0,340,340,1,N,Y,1.0,0,340
MUSING.txt-408,0,487,487,4,N,N,-,-1,-1
MUSING.txt-409,0,568,568,2,N,Y,1.0,0,568
MUSING.txt-410,0,362,362,2,N,N,-,-1,-1
MUSING.txt-411,0,466,466,2,Y,Y,1.0,0,466
MUSING.txt-412,0,517,517,4,N,N,-,-1,-1
MUSING.txt-413,0,608,608,5,Y,Y,1.0,0,608
MUSING.txt-414,0,420,420,2,N,N,-,-1,-1
MUSING.txt-415,0,487,487,3,N,Y,1.0,0,487
MUSING.txt-416,0,451,451,1,N,N,-,-1,-1
MUSING.txt-417,0,478,478,2,Y,Y,1.0,0,478
MUSING.txt-418,0,553,553,2,N,N,-,-1,-1
MUSING.txt-419,0,515,515,1,N,Y,1.0,0,515
MUSING.txt-420,0,585,585,4,N,N,-,-1,-1
MUSING.txt-421,0,406,406,2,N,Y,1.0,0,406
MUSING.txt-422,0,451,451,2,N,N,-,-1,-1
MUSING.txt-423,0,470,470,2,N,Y,1.0,0,470
GRONOW.txt-424,0,455,455,4,N,N,-,-1,-1
MUSING.txt-425,0,971,971,6,N,Y,1.0,0,971
MUSING.txt-426,0,552,552,3,N,N,-,-1,-1
MUSING.txt-427,0,938,938,5,N,Y,1.0,0,938
MUSING.txt-428,0,940,940,4,N,N,-,-1,-1
MUSREM.txt-429,0,159,159,1,Y,Y,1.0,0,159
MUSING.txt-430,0,259,259,2,N,N,-,-1,-1
MUSREM.txt-431,0,322,322,2,Y,Y,1.0,0,322
MUSREM.txt-432,0,291,291,2,N,N,-,-1,-1
MUSREM.txt-433,0,318,318,3,N,Y,1.0,0,318
MUSREM.txt-434,0,400,400,1,N,N,-,-1,-1
MUSREM.txt-435,0,392,392,2,N,Y,1.0,0,392
MUSING.txt-436,0,466,466,2,N,N,-,-1,-1
MUSREM.txt-437,0,529,529,7,N,Y,1.0,0,529
MUSING.txt-438,0,422,422,4,N,N,-,-1,-1
MUSREM.txt-439,0,561,561,3,N,Y,1.0,0,561
MUSING.txt-440,0,401,401,1,N,N,-,-1,-1
MUSREM.txt-441,0,397,397,1,N,Y,1.0,0,397
MUSING.txt-442,0,683,683,3,N,N,-,-1,-1
MUSREM.txt-443,0,379,379,3,N,Y,1.0,0,379
MUSING.txt-444,0,553,553,2,N,N,-,-1,-1
MUSREM.txt-445,0,248,248,1,N,Y,1.0,0,248
GRONOW.txt-446,0,236,236,2,N,N,-,-1,-1
MUSREM.txt-447,0,311,311,2,N,Y,1.0,0,311
GRONOW.txt-448,0,299,299,2,N,N,-,-1,-1
MUSREM.txt-449,0,197,197,1,N,Y,1.0,0,197
GRONOW.txt-450,0,269,269,2,N,N,-,-1,-1
MUSREM.txt-451,0,190,190,1,N,Y,1.0,0,190
MEMMUS.txt-452,0,226,226,1,N,N,-,-1,-1
MUSREM.txt-453,0,190,190,1,N,Y,1.0,0,190
GRONOW.txt-454,0,277,277,1,N,N,-,-1,-1
MUSREM.txt-455,0,190,190,2,N,Y,1.0,0,190
MEMMUS.txt-456,0,139,139,2,N,N,-,-1,-1
MUSREM.txt-457,0,526,526,2,N,Y,1.0,0,526
GRONOW.txt-458,0,536,536,3,N,N,-,-1,-1
MUSREM.txt-459,0,347,347,2,N,Y,1.0,0,347
GRONOW.txt-460,0,509,509,2,N,N,-,-1,-1
MUSREM.txt-461,0,382,382,3,N,Y,1.0,0,382
GRONOW.txt-462,0,351,351,1,N,N,-,-1,-1
MUSREM.txt-463,0,553,553,3,N,Y,1.0,0,553
GRONOW.txt-464,0,599,599,3,N,N,-,-1,-1
MUSREM.txt-465,0,118,118,1,Y,Y,1.0,0,118
GRONOW.txt-466,0,361,361,2,N,N,-,-1,-1
MUSREM.txt-467,0,553,553,2,N,Y,1.0,0,553
GRONOW.txt-468,0,658,658,4,N,N,-,-1,-1
MUSREM.txt-469,0,320,320,4,N,Y,1.0,0,320
GRONOW.txt-470,0,583,583,2,N,N,-,-1,-1
MUSREM.txt-471,0,1688,1688,11,N,Y,1.0,0,1688
GRONOW.txt-472,0,1412,1412,14,N,N,-,-1,-1
MUSREM.txt-473,0,527,527,3,N,Y,1.0,0,527
GRONOW.txt-474,0,534,534,4,N,N,-,-1,-1
MUSREM.txt-475,0,333,333,2,N,Y,1.0,0,333
REMKEL1.txt-476,0,389,389,2,N,N,-,-1,-1
MUSREM.txt-477,0,229,229,2,Y,Y,1.0,0,229
REMKEL1.txt-478,0,415,415,2,N,N,-,-1,-1
MUSREM.txt-479,0,229,229,2,N,Y,1.0,0,229
REMKEL1.txt-480,0,217,217,1,N,N,-,-1,-1
MUSREM.txt-481,0,1235,1235,5,N,Y,1.0,0,1235
REMKEL1.txt-482,0,1209,1209,6,N,N,-,-1,-1
MUSREM.txt-483,0,267,267,2,N,Y,1.0,0,267
REMKEL1.txt-484,0,325,325,2,N,N,-,-1,-1
MUSREM.txt-485,0,531,531,3,N,Y,1.0,0,531
REMKEL1.txt-486,0,548,548,4,N,N,-,-1,-1
MUSREM.txt-487,0,563,563,5,N,Y,1.0,0,563
REMKEL1.txt-488,0,410,410,3,N,N,-,-1,-1
MUSREM.txt-489,0,1069,1069,7,N,Y,1.0,0,1069
REMKEL1.txt-490,0,1181,1181,9,N,N,-,-1,-1
MUSREM.txt-491,0,343,343,1,N,Y,1.0,0,343
REMKEL1.txt-492,0,268,268,2,N,N,-,-1,-1
OUSELEY.txt-493,0,2313,2313,14,N,Y,1.0,0,2313
OUSLEY.txt-494,0,2259,2259,18,N,N,-,-1,-1
PILGRIM.txt-495,0,766,766,6,Y,Y,1.0,0,766
OUSLEY.txt-496,0,1277,1277,6,N,N,-,-1,-1
PILGRIM.txt-497,0,659,659,4,N,Y,1.0,0,659
OUSLEY.txt-498,0,750,750,4,N,N,-,-1,-1
PILGRIM.txt-499,0,940,940,4,N,Y,1.0,0,940
OUSLEY.txt-500,0,601,601,4,N,N,-,-1,-1
PILGRIM.txt-501,0,962,962,9,N,Y,1.0,0,962
PILGRIM.txt-502,0,660,660,6,N,N,-,-1,-1
PILGRIM.txt-503,0,1470,1470,14,N,Y,1.0,0,1470
PILGRIM.txt-504,0,1324,1324,9,N,N,-,-1,-1
PILGRIM.txt-505,0,406,406,3,N,Y,1.0,0,406
PILGRIM.txt-506,0,262,262,1,N,N,-,-1,-1
PILGRIM.txt-507,0,861,861,4,N,Y,1.0,0,861
PILGRIM.txt-508,0,679,679,3,N,N,-,-1,-1
PILGRIM.txt-509,0,1981,1981,12,N,Y,1.0,0,1981
PILGRIM.txt-510,0,2094,2094,17,N,N,-,-1,-1
PILGRIM.txt-511,0,2501,2501,14,N,Y,1.0,0,2501
PILGRIM.txt-512,0,2650,2650,19,N,N,-,-1,-1
PILGRIM.txt-513,0,554,554,4,N,Y,1.0,0,554
PILGRIM.txt-514,0,520,520,3,N,N,-,-1,-1
PILGRIM.txt-515,0,1796,1796,19,N,Y,1.0,0,1796
PILGRIM.txt-516,0,1399,1399,12,N,N,-,-1,-1
PILGRIM.txt-517,0,1653,1653,12,N,Y,1.0,0,1653
PILGRIM.txt-518,0,788,788,7,N,N,-,-1,-1
PILGRIM.txt-519,0,1507,1507,9,N,Y,1.0,0,1507
PILGRIM.txt-520,0,813,813,7,N,N,-,-1,-1
PILGRIM.txt-521,0,1354,1354,8,N,Y,1.0,0,1354
PILGRIM.txt-522,0,936,936,8,N,N,-,-1,-1
RECMUS.txt-523,0,228,228,1,N,Y,1.0,0,228
PILGRIM.txt-524,0,243,243,1,N,N,-,-1,-1
RECMUS.txt-525,0,157,157,1,N,Y,1.0,0,157
PILGRIM.txt-526,0,228,228,2,N,N,-,-1,-1
RECMUS.txt-527,0,231,231,1,Y,Y,1.0,0,231
PILGRIM.txt-528,0,296,296,2,N,N,-,-1,-1
RECMUS.txt-529,0,339,339,1,N,Y,1.0,0,339
PILGRIM.txt-530,0,316,316,2,N,N,-,-1,-1
RECMUS.txt-531,0,228,228,2,N,Y,1.0,0,228
PILGRIM.txt-532,0,298,298,2,N,N,-,-1,-1
RECMUS.txt-533,0,128,128,2,Y,Y,1.0,0,128
PILGRIM.txt-534,0,258,258,1,N,N,-,-1,-1
RECMUS.txt-535,0,126,126,1,N,Y,1.0,0,126
PILGRIM.txt-536,0,240,240,2,N,N,-,-1,-1
RECMUS.txt-537,0,98,98,1,N,Y,1.0,0,98
PILGRIM.txt-538,0,133,133,2,N,N,-,-1,-1
RECMUS.txt-539,0,318,318,3,N,Y,1.0,0,318
PILGRIM.txt-540,0,441,441,2,N,N,-,-1,-1
RECMUS.txt-541,0,386,386,2,N,Y,1.0,0,386
PILGRIM.txt-542,0,373,373,3,N,N,-,-1,-1
RECMUS.txt-543,0,140,140,2,Y,Y,1.0,0,140
PILGRIM.txt-544,0,147,147,1,N,N,-,-1,-1
RECMUS.txt-545,0,349,349,2,N,Y,1.0,0,349
PILGRIM.txt-546,0,477,477,5,N,N,-,-1,-1
RECMUS.txt-547,0,331,331,2,Y,Y,1.0,0,331
PILGRIM.txt-548,0,216,216,2,N,N,-,-1,-1
RECMUS.txt-549,0,706,706,2,N,Y,1.0,0,706
PILGRIM.txt-550,0,651,651,6,N,N,-,-1,-1
RECMUS.txt-551,0,265,265,4,N,Y,1.0,0,265
PILGRIM.txt-552,0,249,249,2,N,N,-,-1,-1
RECMUS.txt-553,0,391,391,3,Y,Y,1.0,0,391
PILGRIM.txt-554,0,360,360,2,N,N,-,-1,-1
RECMUS.txt-555,0,350,350,2,N,Y,1.0,0,350
PILGRIM.txt-556,0,288,288,4,N,N,-,-1,-1
RECMUS.txt-557,0,491,491,5,N,Y,1.0,0,491
PILGRIM.txt-558,0,338,338,4,N,N,-,-1,-1
RECMUS.txt-559,0,358,358,2,N,Y,1.0,0,358
PILGRIM.txt-560,0,214,214,2,N,N,-,-1,-1
RECMUS.txt-561,0,125,125,1,N,Y,1.0,0,125
PILGRIM.txt-562,0,106,106,1,N,N,-,-1,-1
RECMUS.txt-563,0,258,258,2,Y,Y,1.0,0,258
PILGRIM.txt-564,0,227,227,1,N,N,-,-1,-1
RECMUS.txt-565,0,341,341,5,N,Y,1.0,0,341
PILGRIM.txt-566,0,342,342,2,N,N,-,-1,-1
RECMUS.txt-567,0,168,168,1,N,Y,1.0,0,168
PILGRIM.txt-568,0,177,177,1,N,N,-,-1,-1
RECMUS.txt-569,0,704,704,6,N,Y,1.0,0,704
PILGRIM.txt-570,0,1193,1193,12,N,N,-,-1,-1
RECMUS.txt-571,0,164,164,2,N,Y,1.0,0,164
PILGRIM.txt-572,0,328,328,2,N,N,-,-1,-1
RECMUS.txt-573,0,510,510,3,Y,Y,1.0,0,510
PILGRIM.txt-574,0,447,447,2,N,N,-,-1,-1
RECMUS.txt-575,0,280,280,3,Y,Y,1.0,0,280
RECMUS.txt-576,0,312,312,1,N,N,-,-1,-1
RECMUS.txt-577,0,491,491,2,N,Y,1.0,0,491
RECMUS.txt-578,0,457,457,3,N,N,-,-1,-1
RECMUS.txt-579,0,348,348,3,N,Y,1.0,0,348
RECMUS.txt-580,0,296,296,2,N,N,-,-1,-1
RECMUS.txt-581,0,435,435,4,N,Y,1.0,0,435
RECMUS.txt-582,0,449,449,3,N,N,-,-1,-1
RECMUS.txt-583,0,445,445,3,N,Y,1.0,0,445
PILGRIM.txt-584,0,455,455,4,N,N,-,-1,-1
RECMUS.txt-585,0,250,250,2,Y,Y,1.0,0,250
PILGRIM.txt-586,0,220,220,2,N,N,-,-1,-1
RECMUS.txt-587,0,262,262,3,N,Y,1.0,0,262
PILGRIM.txt-588,0,296,296,4,N,N,-,-1,-1
RECMUS.txt-589,0,269,269,3,N,Y,1.0,0,269
PILGRIM.txt-590,0,231,231,3,N,N,-,-1,-1
RECMUS.txt-591,0,401,401,2,Y,Y,1.0,0,401
PILGRIM.txt-592,0,374,374,2,N,N,-,-1,-1
RECMUS.txt-593,0,231,231,2,N,Y,1.0,0,231
PILGRIM.txt-594,0,206,206,2,N,N,-,-1,-1
RECMUS.txt-595,0,742,742,10,N,Y,1.0,0,742
PILGRIM.txt-596,0,678,678,5,N,N,-,-1,-1
RECMUS.txt-597,0,357,357,1,N,Y,1.0,0,357
PILGRIM.txt-598,0,325,325,2,N,N,-,-1,-1
RECMUS.txt-599,0,419,419,2,N,Y,1.0,0,419
PILGRIM.txt-600,0,392,392,4,N,N,-,-1,-1
RECMUS.txt-601,0,279,279,3,N,Y,1.0,0,279
PILGRIM.txt-602,0,176,176,2,N,N,-,-1,-1
RECMUS.txt-603,0,199,199,2,N,Y,1.0,0,199
RECMUS.txt-604,0,460,460,3,N,N,-,-1,-1
RECMUS.txt-605,0,146,146,1,N,Y,1.0,0,146
RECMUS.txt-606,0,283,283,1,N,N,-,-1,-1
RECMUS.txt-607,0,265,265,4,N,Y,1.0,0,265
RECMUS.txt-608,0,234,234,1,N,N,-,-1,-1
RECMUS.txt-609,0,492,492,2,N,Y,1.0,0,492
RECMUS.txt-610,0,299,299,2,N,N,-,-1,-1
RECMUS.txt-611,0,306,306,3,N,Y,1.0,0,306
RECMUS.txt-612,0,314,314,2,N,N,-,-1,-1
RECMUS.txt-613,0,162,162,3,N,Y,1.0,0,162
RECMUS.txt-614,0,174,174,1,N,N,-,-1,-1
RECMUS.txt-615,0,200,200,1,N,Y,1.0,0,200
RECMUS.txt-616,0,115,115,1,N,N,-,-1,-1
RECMUS.txt-617,0,111,111,1,N,Y,1.0,0,111
RECMUS.txt-618,0,144,144,1,N,N,-,-1,-1
RECMUS.txt-619,0,222,222,3,N,Y,1.0,0,222
RECMUS.txt-620,0,190,190,3,N,N,-,-1,-1
RECOLL.txt-621,0,904,904,6,N,Y,1.0,0,904
RECMUS.txt-622,0,832,832,5,N,N,-,-1,-1
RECOLL.txt-623,0,537,537,3,N,Y,1.0,0,537
RECMUS.txt-624,0,435,435,5,N,N,-,-1,-1
RECOLL.txt-625,0,179,179,1,N,Y,1.0,0,179
RECMUS.txt-626,0,261,261,3,N,N,-,-1,-1
RECOLL.txt-627,0,312,312,4,N,Y,1.0,0,312
RECMUS.txt-628,0,399,399,4,N,N,-,-1,-1
RECOLL.txt-629,0,372,372,4,N,Y,1.0,0,372
RECMUS.txt-630,0,197,197,2,N,N,-,-1,-1
RECOLL.txt-631,0,647,647,7,Y,Y,1.0,0,647
RECOLL.txt-632,0,508,508,3,N,N,-,-1,-1
RECOLL.txt-633,0,602,602,4,N,Y,1.0,0,602
RECOLL.txt-634,0,494,494,4,N,N,-,-1,-1
RECOLL.txt-635,0,1212,1212,15,N,Y,1.0,0,1212
RECOLL.txt-636,0,1260,1260,9,N,N,-,-1,-1
RECOLL.txt-637,0,279,279,2,N,Y,1.0,0,279
RECOLL.txt-638,0,320,320,2,N,N,-,-1,-1
RECOLL.txt-639,0,491,491,5,N,Y,1.0,0,491
RECOLL.txt-640,0,516,516,4,N,N,-,-1,-1
RECOLL.txt-641,0,664,664,7,Y,Y,1.0,0,664
RECOLL.txt-642,0,561,561,4,N,N,-,-1,-1
RECOLL.txt-643,0,1004,1004,8,N,Y,1.0,0,1004
RECOLL.txt-644,0,687,687,6,N,N,-,-1,-1
RECOLL.txt-645,0,824,824,8,N,Y,1.0,0,824
RECOLL.txt-646,0,679,679,4,N,N,-,-1,-1
RECOLL.txt-647,0,447,447,3,N,Y,1.0,0,447
RECOLL.txt-648,0,570,570,2,N,N,-,-1,-1
RECOLL.txt-649,0,598,598,3,N,Y,1.0,0,598
RECOLL.txt-650,0,521,521,3,N,N,-,-1,-1
RECOLL.txt-651,0,506,506,4,Y,Y,1.0,0,506
RECOLL.txt-652,0,675,675,4,N,N,-,-1,-1
RECOLL.txt-653,0,328,328,4,N,Y,1.0,0,328
RECOLL.txt-654,0,321,321,3,N,N,-,-1,-1
RECOLL.txt-655,0,1001,1001,7,N,Y,1.0,0,1001
RECOLL.txt-656,0,754,754,7,N,N,-,-1,-1
RECOLL.txt-657,0,604,604,4,N,Y,1.0,0,604
RECOLL.txt-658,0,692,692,6,N,N,-,-1,-1
RECOLL.txt-659,0,989,989,7,N,Y,1.0,0,989
RECOLL.txt-660,0,1047,1047,9,N,N,-,-1,-1
RECOLL.txt-661,0,208,208,2,N,Y,1.0,0,208
RECOLL.txt-662,0,224,224,3,N,N,-,-1,-1
RECOLL.txt-663,0,512,512,5,N,Y,1.0,0,512
RECOLL.txt-664,0,502,502,4,N,N,-,-1,-1
RECOLL.txt-665,0,493,493,4,N,Y,1.0,0,493
RECOLL.txt-666,0,362,362,5,N,N,-,-1,-1
REMKEL1.txt-667,0,1028,1028,7,N,Y,1.0,0,1028
RECOLL.txt-668,0,1269,1269,11,N,N,-,-1,-1
REMKEL1.txt-669,0,646,646,1,N,Y,1.0,0,646
REMKEL1.txt-670,0,318,318,2,N,N,-,-1,-1
REMKEL1.txt-671,0,563,563,3,N,Y,1.0,0,563
REMKEL1.txt-672,0,542,542,3,N,N,-,-1,-1
REMKEL1.txt-673,0,546,546,4,N,Y,1.0,0,546
REMKEL1.txt-674,0,406,406,2,N,N,-,-1,-1
REMKEL1.txt-675,0,564,564,3,N,Y,1.0,0,564
REMKEL1.txt-676,0,503,503,10,N,N,-,-1,-1
REMKEL1.txt-677,0,399,399,1,N,Y,1.0,0,399
REMKEL1.txt-678,0,607,607,10,N,N,-,-1,-1
REMKEL1.txt-679,0,462,462,4,N,Y,1.0,0,462
REMKEL1.txt-680,0,481,481,2,N,N,-,-1,-1
REMKEL1.txt-681,0,1000,1000,7,N,Y,1.0,0,1000
REMKEL1.txt-682,0,826,826,3,N,N,-,-1,-1
REMKEL1.txt-683,0,852,852,4,N,Y,1.0,0,852
REMKEL1.txt-684,0,819,819,5,N,N,-,-1,-1
REMKEL1.txt-685,0,862,862,8,Y,Y,1.0,0,862
REMKEL1.txt-686,0,835,835,5,N,N,-,-1,-1
REMKEL1.txt-687,0,446,446,2,N,Y,1.0,0,446
REMKEL1.txt-688,0,325,325,3,N,N,-,-1,-1
REMKEL1.txt-689,0,433,433,3,N,Y,1.0,0,433
REMKEL1.txt-690,0,443,443,4,N,N,-,-1,-1
REMKEL1.txt-691,0,1002,1002,5,N,Y,1.0,0,1002
REMKEL1.txt-692,0,997,997,8,N,N,-,-1,-1
REMKEL1.txt-693,0,665,665,6,N,Y,1.0,0,665
REMKEL1.txt-694,0,790,790,3,N,N,-,-1,-1
REMKEL1.txt-695,0,909,909,6,N,Y,1.0,0,909
REMKEL1.txt-696,0,676,676,4,N,N,-,-1,-1
REMKEL1.txt-697,0,1285,1285,10,N,Y,1.0,0,1285
REMKEL1.txt-698,0,1245,1245,7,N,N,-,-1,-1
REMKEL1.txt-699,0,553,553,1,N,Y,1.0,0,553
REMKEL1.txt-700,0,549,549,1,N,N,-,-1,-1
REMKEL1.txt-701,0,1172,1172,6,N,Y,1.0,0,1172
REMKEL1.txt-702,0,1034,1034,9,N,N,-,-1,-1
REMKEL1.txt-703,0,527,527,3,N,Y,1.0,0,527
REMKEL1.txt-704,0,308,308,3,N,N,-,-1,-1
REMKEL1.txt-705,0,953,953,6,N,Y,1.0,0,953
REMKEL1.txt-706,0,920,920,7,N,N,-,-1,-1
REMKEL1.txt-707,0,573,573,4,N,Y,1.0,0,573
REMKEL1.txt-708,0,540,540,2,N,N,-,-1,-1
REMKEL1.txt-709,0,1833,1833,11,N,Y,1.0,0,1833
REMKEL1.txt-710,0,1405,1405,9,N,N,-,-1,-1
REMKEL1.txt-711,0,2384,2384,12,Y,Y,1.0,0,2384
REMKEL1.txt-712,0,1742,1742,12,N,N,-,-1,-1
REMKEL1.txt-713,0,841,841,8,N,Y,1.0,0,841
REMKEL1.txt-714,0,904,904,6,N,N,-,-1,-1
REMKEL1.txt-715,0,1556,1556,9,N,Y,1.0,0,1556
REMKEL1.txt-716,0,692,692,3,N,N,-,-1,-1
REMKEL1.txt-717,0,5668,5668,33,N,Y,1.0,0,5668
GRONOW.txt-718,0,5304,5304,22,N,N,-,-1,-1
REMKEL1.txt-719,0,2042,2042,16,N,Y,1.0,0,2042
REMKEL1.txt-720,0,2204,2204,15,N,N,-,-1,-1
REMKEL1.txt-721,0,3558,3558,18,N,Y,1.0,0,3558
REMKEL1.txt-722,0,3532,3532,21,N,N,-,-1,-1
REMKEL1.txt-723,0,3445,3445,21,N,Y,1.0,0,3445
GRONOW.txt-724,0,3797,3797,18,N,N,-,-1,-1
REMKEL1.txt-725,0,1183,1183,8,N,Y,1.0,0,1183
REMKEL1.txt-726,0,1317,1317,7,N,N,-,-1,-1
REMKEL1.txt-727,0,1259,1259,7,N,Y,1.0,0,1259
REMKEL1.txt-728,0,1355,1355,7,N,N,-,-1,-1
REMKEL2.txt-729,0,190,190,2,N,Y,1.0,0,190
REMKEL1.txt-730,0,539,539,4,N,N,-,-1,-1
REMKEL2.txt-731,0,761,761,4,Y,Y,1.0,0,761
REMKEL1.txt-732,0,580,580,4,N,N,-,-1,-1
REMKEL2.txt-733,0,288,288,1,N,Y,1.0,0,288
REMKEL1.txt-734,0,191,191,1,N,N,-,-1,-1
REMKEL2.txt-735,0,189,189,2,N,Y,1.0,0,189
REMKEL1.txt-736,0,285,285,2,N,N,-,-1,-1
REMKEL2.txt-737,0,760,760,5,N,Y,1.0,0,760
REMKEL1.txt-738,0,529,529,3,N,N,-,-1,-1
REMKEL2.txt-739,0,253,253,3,N,Y,1.0,0,253
REMKEL1.txt-740,0,477,477,5,N,N,-,-1,-1
REMKEL2.txt-741,0,377,377,2,N,Y,1.0,0,377
REMKEL1.txt-742,0,394,394,3,N,N,-,-1,-1
REMKEL2.txt-743,0,637,637,5,N,Y,1.0,0,637
REMKEL1.txt-744,0,971,971,7,N,N,-,-1,-1
REMKEL2.txt-745,0,523,523,3,N,Y,1.0,0,523
REMKEL1.txt-746,0,392,392,3,N,N,-,-1,-1
REMKEL2.txt-747,0,922,922,6,N,Y,1.0,0,922
REMKEL1.txt-748,0,1046,1046,5,N,N,-,-1,-1
REMKEL2.txt-749,0,633,633,4,N,Y,1.0,0,633
REMKEL1.txt-750,0,575,575,4,N,N,-,-1,-1
REMKEL2.txt-751,0,344,344,2,N,Y,1.0,0,344
REMKEL2.txt-752,0,188,188,1,N,N,-,-1,-1
REMKEL2.txt-753,0,1021,1021,5,Y,Y,1.0,0,1021
REMKEL2.txt-754,0,464,464,3,N,N,-,-1,-1
REMKEL2.txt-755,0,504,504,3,N,Y,1.0,0,504
REMKEL2.txt-756,0,674,674,5,N,N,-,-1,-1
REMKEL2.txt-757,0,348,348,2,N,Y,1.0,0,348
REMKEL2.txt-758,0,484,484,3,N,N,-,-1,-1
REMKEL2.txt-759,0,706,706,5,N,Y,1.0,0,706
REMKEL2.txt-760,0,761,761,2,N,N,-,-1,-1
REMKEL2.txt-761,0,1026,1026,7,N,Y,1.0,0,1026
REMKEL2.txt-762,0,727,727,5,N,N,-,-1,-1
REMKEL2.txt-763,0,455,455,5,N,Y,1.0,0,455
REMKEL2.txt-764,0,467,467,3,N,N,-,-1,-1
REMKEL2.txt-765,0,635,635,6,Y,Y,1.0,0,635
REMKEL2.txt-766,0,400,400,3,N,N,-,-1,-1
REMKEL2.txt-767,0,566,566,4,N,Y,1.0,0,566
REMKEL2.txt-768,0,529,529,6,N,N,-,-1,-1
REMKEL2.txt-769,0,388,388,3,N,Y,1.0,0,388
REMKEL2.txt-770,0,403,403,3,N,N,-,-1,-1
REMKEL2.txt-771,0,226,226,3,N,Y,1.0,0,226
REMKEL2.txt-772,0,318,318,2,N,N,-,-1,-1
REMKEL2.txt-773,0,525,525,2,N,Y,1.0,0,525
REMKEL2.txt-774,0,374,374,2,N,N,-,-1,-1
REMKEL2.txt-775,0,540,540,3,N,Y,1.0,0,540
REMKEL2.txt-776,0,612,612,2,N,N,-,-1,-1
REMKEL2.txt-777,0,558,558,2,N,Y,1.0,0,558
REMKEL2.txt-778,0,568,568,3,N,N,-,-1,-1
REMKEL2.txt-779,0,345,345,2,N,Y,1.0,0,345
REMKEL2.txt-780,0,282,282,2,N,N,-,-1,-1
REMKEL2.txt-781,0,448,448,2,N,Y,1.0,0,448
REMKEL2.txt-782,0,395,395,3,N,N,-,-1,-1
REMKEL2.txt-783,0,748,748,6,N,Y,1.0,0,748
REMKEL2.txt-784,0,282,282,3,N,N,-,-1,-1
REMKEL2.txt-785,0,691,691,3,N,Y,1.0,0,691
REMKEL2.txt-786,0,442,442,2,N,N,-,-1,-1
REMKEL2.txt-787,0,310,310,2,N,Y,1.0,0,310
REMKEL2.txt-788,0,610,610,3,N,N,-,-1,-1
REMKEL2.txt-789,0,147,147,2,N,Y,1.0,0,147
REMKEL2.txt-790,0,488,488,2,N,N,-,-1,-1
REMKEL2.txt-791,0,175,175,2,N,Y,1.0,0,175
REMKEL2.txt-792,0,799,799,3,N,N,-,-1,-1
REMKEL2.txt-793,0,546,546,2,N,Y,1.0,0,546
REMKEL2.txt-794,0,458,458,2,N,N,-,-1,-1
REMKEL2.txt-795,0,936,936,7,N,Y,1.0,0,936
REMKEL2.txt-796,0,631,631,3,N,N,-,-1,-1
REMKEL2.txt-797,0,476,476,2,N,Y,1.0,0,476
REMKEL2.txt-798,0,530,530,1,N,N,-,-1,-1
REMKEL2.txt-799,0,695,695,5,N,Y,1.0,0,695
REMKEL2.txt-800,0,787,787,2,N,N,-,-1,-1
REMKEL2.txt-801,0,194,194,2,N,Y,1.0,0,194
REMKEL2.txt-802,0,262,262,1,N,N,-,-1,-1
REMKEL2.txt-803,0,193,193,1,N,Y,1.0,0,193
REMKEL2.txt-804,0,308,308,2,N,N,-,-1,-1
REMKEL2.txt-805,0,330,330,4,N,Y,1.0,0,330
REMKEL2.txt-806,0,497,497,4,N,N,-,-1,-1
REMKEL2.txt-807,0,1358,1358,6,Y,Y,1.0,0,1358
REMKEL2.txt-808,0,1335,1335,7,N,N,-,-1,-1
REMKEL2.txt-809,0,397,397,3,N,Y,1.0,0,397
REMKEL2.txt-810,0,201,201,1,N,N,-,-1,-1
REMKEL2.txt-811,0,792,792,3,N,Y,1.0,0,792
REMKEL2.txt-812,0,451,451,1,N,N,-,-1,-1
REMKEL2.txt-813,0,226,226,2,N,Y,1.0,0,226
REMKEL2.txt-814,0,387,387,1,N,N,-,-1,-1
REMKEL2.txt-815,0,1334,1334,10,N,Y,1.0,0,1334
REMKEL2.txt-816,0,779,779,4,N,N,-,-1,-1
REMKEL2.txt-817,0,1431,1431,11,N,Y,1.0,0,1431
REMKEL2.txt-818,0,862,862,3,N,N,-,-1,-1
REMKEL2.txt-819,0,481,481,2,N,Y,1.0,0,481
REMKEL2.txt-820,0,603,603,3,N,N,-,-1,-1
REMKEL2.txt-821,0,175,175,2,N,Y,1.0,0,175
REMKEL2.txt-822,0,93,93,1,N,N,-,-1,-1
REMKEL2.txt-823,0,252,252,1,N,Y,1.0,0,252
REMKEL2.txt-824,0,432,432,1,N,N,-,-1,-1
REMKEL2.txt-825,0,311,311,2,N,Y,1.0,0,311
REMKEL2.txt-826,0,450,450,3,N,N,-,-1,-1
REOPER.txt-827,0,648,648,2,N,Y,1.0,0,648
REMKEL2.txt-828,0,844,844,5,N,N,-,-1,-1
REOPER.txt-829,0,879,879,6,N,Y,1.0,0,879
REOPER.txt-830,0,605,605,2,N,N,-,-1,-1
REOPER.txt-831,0,1091,1091,7,N,Y,1.0,0,1091
REOPER.txt-832,0,1039,1039,6,N,N,-,-1,-1
REOPER.txt-833,0,906,906,4,N,Y,1.0,0,906
REOPER.txt-834,0,1029,1029,7,N,N,-,-1,-1
REOPER.txt-835,0,833,833,7,N,Y,1.0,0,833
REOPER.txt-836,0,474,474,2,N,N,-,-1,-1
REOPER.txt-837,0,723,723,5,N,Y,1.0,0,723
REOPER.txt-838,0,609,609,4,N,N,-,-1,-1
REOPER.txt-839,0,1580,1580,8,N,Y,1.0,0,1580
REOPER.txt-840,0,2056,2056,9,N,N,-,-1,-1
REOPER.txt-841,0,815,815,5,N,Y,1.0,0,815
REOPER.txt-842,0,687,687,3,N,N,-,-1,-1
REOPER.txt-843,0,490,490,4,N,Y,1.0,0,490
REOPER.txt-844,0,469,469,2,N,N,-,-1,-1
REOPER.txt-845,0,771,771,6,N,Y,1.0,0,771
REOPER.txt-846,0,509,509,3,N,N,-,-1,-1
REOPER.txt-847,0,431,431,3,N,Y,1.0,0,431
REOPER.txt-848,0,232,232,1,N,N,-,-1,-1
REOPER.txt-849,0,609,609,4,N,Y,1.0,0,609
REOPER.txt-850,0,769,769,4,N,N,-,-1,-1
REOPER.txt-851,0,460,460,4,N,Y,1.0,0,460
REOPER.txt-852,0,270,270,2,N,N,-,-1,-1
REOPER.txt-853,0,723,723,4,N,Y,1.0,0,723
REOPER.txt-854,0,697,697,2,N,N,-,-1,-1
REOPER.txt-855,0,508,508,4,N,Y,1.0,0,508
REOPER.txt-856,0,180,180,1,N,N,-,-1,-1
REOPER.txt-857,0,796,796,4,N,Y,1.0,0,796
REOPER.txt-858,0,501,501,1,N,N,-,-1,-1
REOPER.txt-859,0,758,758,5,N,Y,1.0,0,758
REOPER.txt-860,0,411,411,2,N,N,-,-1,-1
REOPER.txt-861,0,591,591,5,Y,Y,1.0,0,591
REOPER.txt-862,0,899,899,4,N,N,-,-1,-1
REOPER.txt-863,0,945,945,6,N,Y,1.0,0,945
REOPER.txt-864,0,525,525,2,N,N,-,-1,-1
REOPER.txt-865,0,436,436,2,N,Y,1.0,0,436
REOPER.txt-866,0,320,320,1,N,N,-,-1,-1
REOPER.txt-867,0,1574,1574,8,N,Y,1.0,0,1574
REOPER.txt-868,0,1403,1403,11,N,N,-,-1,-1
REOPER.txt-869,0,691,691,4,N,Y,1.0,0,691
REOPER.txt-870,0,280,280,2,N,N,-,-1,-1
REOPER.txt-871,0,471,471,2,N,Y,1.0,0,471
REOPER.txt-872,0,387,387,1,N,N,-,-1,-1
REOPER.txt-873,0,2015,2015,15,Y,Y,1.0,0,2015
REOPER.txt-874,0,1789,1789,12,N,N,-,-1,-1
REOPER.txt-875,0,650,650,3,N,Y,1.0,0,650
REOPER.txt-876,0,238,238,3,N,N,-,-1,-1
REOPER.txt-877,0,1528,1528,10,N,Y,1.0,0,1528
REOPER.txt-878,0,283,283,1,N,N,-,-1,-1
REOPER.txt-879,0,1037,1037,6,N,Y,1.0,0,1037
REOPER.txt-880,0,477,477,2,N,N,-,-1,-1
REOPER.txt-881,0,2310,2310,15,N,Y,1.0,0,2310
REOPER.txt-882,0,1231,1231,5,N,N,-,-1,-1
REOPER.txt-883,0,1101,1101,8,N,Y,1.0,0,1101
REOPER.txt-884,0,1882,1882,13,N,N,-,-1,-1
REOPER.txt-885,0,2049,2049,11,N,Y,1.0,0,2049
REOPER.txt-886,0,1664,1664,12,N,N,-,-1,-1
REOPER.txt-887,0,3621,3621,30,N,Y,1.0,0,3621
REOPER.txt-888,0,3537,3537,14,N,N,-,-1,-1
THIRTY.txt-889,0,588,588,4,N,Y,1.0,0,588
THIRTY.txt-890,0,631,631,4,N,N,-,-1,-1
THIRTY.txt-891,0,956,956,5,N,Y,1.0,0,956
THIRTY.txt-892,0,530,530,4,N,N,-,-1,-1
THIRTY.txt-893,0,470,470,2,N,Y,1.0,0,470
THIRTY.txt-894,0,330,330,2,N,N,-,-1,-1
THIRTY.txt-895,0,233,233,1,N,Y,1.0,0,233
THIRTY.txt-896,0,264,264,1,N,N,-,-1,-1
THIRTY.txt-897,0,863,863,5,N,Y,1.0,0,863
THIRTY.txt-898,0,1038,1038,12,N,N,-,-1,-1
THIRTY.txt-899,0,580,580,4,Y,Y,1.0,0,580
THIRTY.txt-900,0,655,655,5,N,N,-,-1,-1
THIRTY.txt-901,0,1079,1079,7,N,Y,1.0,0,1079
THIRTY.txt-902,0,719,719,8,N,N,-,-1,-1
THIRTY.txt-903,0,1541,1541,11,N,Y,1.0,0,1541
GLOVER.txt-904,0,870,870,8,N,N,-,-1,-1
THIRTY.txt-905,0,684,684,5,Y,Y,1.0,0,684
THIRTY.txt-906,0,688,688,4,N,N,-,-1,-1
THIRTY.txt-907,0,361,361,2,N,Y,1.0,0,361
GLOVER.txt-908,0,440,440,4,N,N,-,-1,-1
THIRTY.txt-909,0,375,375,1,N,Y,1.0,0,375
GLOVER.txt-910,0,344,344,2,N,N,-,-1,-1
THIRTY.txt-911,0,728,728,5,N,Y,1.0,0,728
GLOVER.txt-912,0,611,611,3,N,N,-,-1,-1
THIRTY.txt-913,0,436,436,1,Y,Y,1.0,0,436
GLOVER.txt-914,0,562,562,5,N,N,-,-1,-1
THIRTY.txt-915,0,580,580,5,N,Y,1.0,0,580
GLOVER.txt-916,0,522,522,2,N,N,-,-1,-1
THIRTY.txt-917,0,1105,1105,7,N,Y,1.0,0,1105
GLOVER.txt-918,0,832,832,4,N,N,-,-1,-1
THIRTY.txt-919,0,929,929,4,N,Y,1.0,0,929
GLOVER.txt-920,0,476,476,2,N,N,-,-1,-1
THIRTY.txt-921,0,646,646,3,N,Y,1.0,0,646
GLOVER.txt-922,0,540,540,4,N,N,-,-1,-1
THIRTY.txt-923,0,387,387,1,N,Y,1.0,0,387
GLOVER.txt-924,0,255,255,2,N,N,-,-1,-1
THIRTY.txt-925,0,446,446,4,N,Y,1.0,0,446
GLOVER.txt-926,0,605,605,5,N,N,-,-1,-1
THIRTY.txt-927,0,654,654,3,N,Y,1.0,0,654
TWOMEN.txt-928,0,519,519,8,N,N,-,-1,-1
THIRTY.txt-929,0,397,397,2,N,Y,1.0,0,397
TWOMEN.txt-930,0,447,447,3,N,N,-,-1,-1
THIRTY.txt-931,0,1034,1034,6,Y,Y,1.0,0,1034
TWOMEN.txt-932,0,673,673,4,N,N,-,-1,-1
THIRTY.txt-933,0,585,585,3,N,Y,1.0,0,585
TWOMEN.txt-934,0,658,658,4,N,N,-,-1,-1
THIRTY.txt-935,0,413,413,2,N,Y,1.0,0,413
WESLEY.txt-936,0,319,319,2,N,N,-,-1,-1
THIRTY.txt-937,0,1177,1177,5,N,Y,1.0,0,1177
WESLEY.txt-938,0,754,754,2,N,N,-,-1,-1
THIRTY.txt-939,0,2843,2843,19,N,Y,1.0,0,2843
WESLEY.txt-940,0,1342,1342,10,N,N,-,-1,-1
THIRTY.txt-941,0,481,481,4,N,Y,1.0,0,481
WESLEY.txt-942,0,353,353,4,N,N,-,-1,-1
THIRTY.txt-943,0,439,439,3,N,Y,1.0,0,439
WESLEY.txt-944,0,505,505,6,N,N,-,-1,-1
THIRTY.txt-945,0,575,575,3,N,Y,1.0,0,575
WESLEY.txt-946,0,625,625,9,N,N,-,-1,-1
THIRTY.txt-947,0,929,929,6,N,Y,1.0,0,929
WESLEY.txt-948,0,526,526,4,N,N,-,-1,-1
THIRTY.txt-949,0,769,769,5,N,Y,1.0,0,769
WESLEY.txt-950,0,469,469,3,N,N,-,-1,-1
THIRTY.txt-951,0,1285,1285,8,Y,Y,1.0,0,1285
WESLEY.txt-952,0,1739,1739,11,N,N,-,-1,-1
THIRTY.txt-953,0,959,959,6,N,Y,1.0,0,959
WESLEY.txt-954,0,333,333,1,N,N,-,-1,-1
THIRTY.txt-955,0,534,534,4,N,Y,1.0,0,534
WESLEY.txt-956,0,439,439,2,N,N,-,-1,-1
THIRTY.txt-957,0,442,442,4,N,Y,1.0,0,442
WESLEY.txt-958,0,359,359,1,N,N,-,-1,-1
THIRTY.txt-959,0,546,546,3,N,Y,1.0,0,546
WESLEY.txt-960,0,750,750,4,N,N,-,-1,-1
THIRTY.txt-961,0,1611,1611,11,N,Y,1.0,0,1611
WESLEY.txt-962,0,629,629,4,N,N,-,-1,-1
THIRTY.txt-963,0,2153,2153,15,N,Y,1.0,0,2153
WESLEY.txt-964,0,2059,2059,12,N,N,-,-1,-1
THIRTY.txt-965,0,1013,1013,7,N,Y,1.0,0,1013
WESLEY.txt-966,0,1234,1234,10,N,N,-,-1,-1
THIRTY.txt-967,0,654,654,4,N,Y,1.0,0,654
WESLEY.txt-968,0,499,499,3,N,N,-,-1,-1
THIRTY.txt-969,0,380,380,5,N,Y,1.0,0,380
WESLEY.txt-970,0,359,359,4,N,N,-,-1,-1
THIRTY.txt-971,0,1132,1132,7,N,Y,1.0,0,1132
WESLEY.txt-972,0,1096,1096,10,N,N,-,-1,-1
THIRTY.txt-973,0,1046,1046,8,N,Y,1.0,0,1046
WESLEY.txt-974,0,767,767,8,N,N,-,-1,-1
THIRTY.txt-975,0,855,855,7,N,Y,1.0,0,855
WESLEY.txt-976,0,1406,1406,12,N,N,-,-1,-1
THIRTY.txt-977,0,2357,2357,13,Y,Y,1.0,0,2357
WESLEY.txt-978,0,740,740,7,N,N,-,-1,-1
THIRTY.txt-979,0,749,749,5,Y,Y,1.0,0,749
WESLEY.txt-980,0,399,399,3,N,N,-,-1,-1
TWOMEN.txt-981,0,307,307,3,N,Y,1.0,0,307
WESLEY.txt-982,0,114,114,1,N,N,-,-1,-1
TWOMEN.txt-983,0,361,361,5,N,Y,1.0,0,361
WESLEY.txt-984,0,352,352,6,N,N,-,-1,-1
TWOMEN.txt-985,0,366,366,3,N,Y,1.0,0,366
WESLEY.txt-986,0,305,305,3,N,N,-,-1,-1
WESLEY.txt-987,0,2412,2412,29,N,Y,1.0,0,2412
WESLEY.txt-988,0,1605,1605,16,N,N,-,-1,-1
WESLEY.txt-989,0,981,981,6,N,Y,1.0,0,981
WESLEY.txt-990,0,516,516,4,N,N,-,-1,-1
WESLEY.txt-991,0,507,507,3,N,Y,1.0,0,507
WESLEY.txt-992,0,649,649,6,N,N,-,-1,-1
WESLEY.txt-993,0,417,417,4,N,Y,1.0,0,417
WESLEY.txt-994,0,794,794,14,N,N,-,-1,-1
WESLEY.txt-995,0,624,624,10,N,Y,1.0,0,624
WESLEY.txt-996,0,364,364,4,N,N,-,-1,-1
WESLEY.txt-997,0,249,249,3,N,Y,1.0,0,249
WESLEY.txt-998,0,175,175,3,N,N,-,-1,-1
WESLEY.txt-999,0,2507,2507,22,N,Y,1.0,0,2507
WESLEY.txt-1000,0,2550,2550,27,N,N,-,-1,-1
